"PID","lebe_cont","cand_rightwing","cand_change_R","cand_exp","cand_change","cand_econ","cand_cult","mob","soccon","lonely","selfplacement","mob_1R","mob_2","mob_3R","mob_4","mob_5","mob_6","mob_7R","mob_8R","soccon_1","soccon_2","soccon_3","soccon_4R","soccon_5","lonely_1","lonely_2","lonely_3","lebecool_self","lebecool_white","lebecool_black","lebecool_asian","lebecool_latino","ideo","party_gen","party_dem","party_rep","party_ind","party_followup","att_1","att_2","is_elg","age","gender","race","edu","income","income_num","edu_num","white_bin","man_bin","rep_bin","dem_bin","ind_bin","feedback"
"UF787ej",30,4,4,3,4,5,3,5.75,3.4,6,3,6,5,6,5,6,6,6,6,3,3,5,3,3,2,2,2,70,75,50,80,45,4,"Independent",NA,NA,"Closer to Democratic","Independent | Closer to Democratic",1,1,1,58,"man","White","2yearColl","$100,001-$120,000",6,3,1,1,0,0,1,NA
"HP368nm",63,1,5,3,3,1,1,5.125,4.6,8,3,5,5,6,5,5,5,5,5,5,5,4,4,5,3,2,3,44,81,29,56,32,2,"Democrat","Strong",NA,NA,"Democrat | Strong",1,1,1,52,"man","White","4yearColl","$40,001-$60,000",3,4,1,1,0,1,0,NA
"ZN591dg",64,1,6,2,2,1,1,5,2.4,4,2,5,5,5,5,5,5,5,5,3,3,2,2,2,1,1,2,51,51,41,51,41,2,"Democrat","Strong",NA,NA,"Democrat | Strong",1,1,1,46,"man","White","MA","$60,001-$80,000",4,5,1,1,0,1,0,NA
"EQ966wd",10,5.5,3,2,5,5,6,6.75,1.2,3,1.5,7,7,6,7,6,7,7,7,1,1,1,2,1,1,1,1,70,70,55,65,60,6,"Republican",NA,"Not very strong",NA,"Republican | Not very strong",1,1,1,28,"man","White","2yearColl","$120,001-$140,000",7,3,1,1,1,0,0,NA
"WZ250as",50,3.5,4,4,4,4,3,6,3.4,3,3.5,6,6,6,6,6,6,6,6,3,3,4,3,4,1,1,1,75,80,75,78,71,3,"Democrat","Not very strong",NA,NA,"Democrat | Not very strong",1,1,1,49,"woman","White","2yearColl","$40,001-$60,000",3,3,1,0,0,1,0,NA
"DA526cb",80,1,7,3,1,1,1,3.5,4,6,2,4,3,4,3,4,3,3,4,5,5,4,2,4,2,2,2,50,72,35,44,26,1,"Democrat","Strong",NA,NA,"Democrat | Strong",1,1,1,40,"woman","White","MA","$40,001-$60,000",3,5,1,0,0,1,0,NA
"EZ569ty",60,3.5,4,5,4,5,2,5,2.8,4,3,6,3,7,6,4,6,5,3,4,1,3,3,3,1,1,2,40,90,25,60,15,2,"Democrat","Not very strong",NA,NA,"Democrat | Not very strong",1,1,1,27,"woman","multiracial","4yearColl","$100,001-$120,000",6,4,0,0,0,1,0,"Thank you!"
"GO536wu",19,5.5,7,5,1,4,7,6,1.6,3,1,6,6,6,6,6,6,6,6,1,1,2,2,2,1,1,1,84,50,50,50,50,6,"Republican",NA,"Strong",NA,"Republican | Strong",1,1,1,37,"woman","White","2yearColl","$140,001-$160,000",8,3,1,0,1,0,0,NA
"VB449cu",66,3.5,6,2,2,2,5,4,4,6,3,4,4,4,4,4,4,4,4,4,4,5,2,5,2,2,2,61,73,59,71,53,4,"Independent",NA,NA,"Neither","Independent | Neither",1,1,1,40,"man","White","GED","$80,001-$100,000",5,2,1,1,0,0,1,NA
"KV988ej",78,6.5,3,4,5,6,7,4.375,3.8,3,5,3,6,4,6,5,6,2,3,6,3,3,2,5,1,1,1,23,40,73,47,58,4,"Republican",NA,"Not very strong",NA,"Republican | Not very strong",1,1,1,31,"man","Black or African American","2yearColl","$60,001-$80,000",4,3,0,1,1,0,0,NA
"RE198wy",61,6,5,6,3,6,6,5.25,2.8,3,3,5,5,6,5,5,5,5,6,2,2,2,3,5,1,1,1,0,0,0,0,0,7,"Republican",NA,"Strong",NA,"Republican | Strong",1,1,1,49,"woman","White","GED","$80,001-$100,000",5,2,1,0,1,0,0,NA
"DY239rb",33,4.5,5,4,3,5,4,4,3.4,3,2.5,5,4,4,4,3,3,3,6,3,5,4,2,3,1,1,1,74,91,67,74,67,4,"Independent",NA,NA,"Neither","Independent | Neither",1,1,1,25,"man","Asian","MA","$120,001-$140,000",7,5,0,1,0,0,1,NA
"FG697ko",70,1.5,5,5,3,2,1,5.625,5.2,3,2,6,5,6,6,5,5,6,6,6,6,4,5,5,1,1,1,37,76,31,34,27,2,"Democrat","Not very strong",NA,NA,"Democrat | Not very strong",1,1,1,38,"man","White","2yearColl","$20,001-$40,000",2,3,1,1,0,1,0,NA
"PT918gw",23,6.5,3,2,5,6,7,3.625,1.8,4,3,5,2,5,5,5,2,3,2,2,1,1,3,2,2,1,1,40,80,31,60,28,7,"Republican",NA,"Strong",NA,"Republican | Strong",1,1,1,74,"woman","White","GED","$40,001-$60,000",3,2,1,0,1,0,0,"Thank you"
"DK073go",25,1.5,2,6,6,2,1,2,6,3,5,2,2,2,2,2,2,2,2,7,6,6,6,5,1,1,1,30,100,40,50,40,4,"Independent",NA,NA,"Neither","Independent | Neither",1,1,1,42,"man","Asian","2yearColl","$20,001-$40,000",2,3,0,1,0,0,1,NA
"CE780gb",40,1,7,3,1,1,1,5.25,3,3,2,5,5,5,6,5,5,6,5,3,3,3,3,3,1,1,1,68,70,32,44,38,1,"Democrat","Strong",NA,NA,"Democrat | Strong",1,1,1,26,"man","White","GED","$80,001-$100,000",5,2,1,1,0,1,0,NA
"IQ939bi",5,7,1,2,7,7,7,6,1.2,3,3,6,6,6,6,6,6,6,6,1,1,1,1,2,1,1,1,20,20,20,20,20,6,"Republican",NA,"Not very strong",NA,"Republican | Not very strong",1,1,1,51,"man","White","4yearColl","$80,001-$100,000",5,4,1,1,1,0,0,NA
"VY000lx",77,5,6,2,2,5,5,3.125,5.8,7,5,4,2,4,2,3,2,4,4,6,7,6,4,6,2,2,3,4,21,64,51,59,5,"Independent",NA,NA,"Closer to Republican","Independent | Closer to Republican",1,1,1,44,"man","White","2yearColl","$0-$20,000",1,3,1,1,0,0,1,NA
"UV330ax",66,1.5,3,6,5,2,1,3.125,5.2,8,4,2,3,3,4,4,3,3,3,5,6,6,4,5,3,2,3,35,84,37,50,11,2,"Democrat","Not very strong",NA,NA,"Democrat | Not very strong",1,1,1,34,"woman","Black or African American","4yearColl","$20,001-$40,000",2,4,0,0,0,1,0,NA
"VO555vu",8,4,5,3,3,6,2,5.25,1.6,3,1.5,6,6,1,6,6,6,6,5,2,1,1,2,2,1,1,1,85,85,55,80,40,4,"Independent",NA,NA,"Neither","Independent | Neither",1,1,1,30,"man","White","4yearColl","Over $200,000",11,4,1,1,0,0,1,NA
"GJ029sn",9,4.5,4,1,4,5,4,5.75,3.2,4,1,6,5,6,6,6,6,6,5,4,2,3,3,4,2,1,1,70,65,58,62,50,4,"Republican",NA,"Not very strong",NA,"Republican | Not very strong",1,1,1,54,"woman","White","GED",NA,NA,2,1,0,1,0,0,NA
"RU379fk",35,4,3,5,5,4,4,4,4.2,6,1.5,5,4,3,4,5,3,4,4,5,4,5,2,5,2,2,2,70,70,50,60,55,4,"No preference",NA,NA,"Closer to Republican","Independent | Closer to Republican",1,1,1,28,"man","White","4yearColl","$140,001-$160,000",8,4,1,1,0,0,0,NA
"EM719ho",48,4,4,3,4,4,4,5.75,3.8,3,3,6,5,6,6,5,6,6,6,2,2,6,3,6,1,1,1,63,82,32,73,42,4,"Republican",NA,"Not very strong",NA,"Republican | Not very strong",1,1,1,47,"woman","White","2yearColl","$100,001-$120,000",6,3,1,0,1,0,0,"none"
"LG801qn",100,2.5,5,4,3,3,2,1.5,5.8,8,5,2,1,2,2,1,1,1,2,6,6,7,4,6,2,3,3,20,80,51,56,39,3,"Independent",NA,NA,"Closer to Democratic","Independent | Closer to Democratic",1,1,1,53,"man","White","GED","$20,001-$40,000",2,2,1,1,0,0,1,NA
"LO280go",94,1.5,5,4,3,1,2,2,1.6,3,2,3,1,4,1,1,1,3,2,1,1,1,4,1,1,1,1,34,65,26,28,30,3,"Independent",NA,NA,"Closer to Democratic","Independent | Closer to Democratic",1,1,1,64,"woman","White","2yearColl","$20,001-$40,000",2,3,1,0,0,0,1,NA
"LT754wf",75,3.5,3,5,5,3,4,4.5,4.4,6,3,5,4,5,4,4,4,5,5,5,5,5,3,4,2,2,2,45,97,39,48,40,4,"Independent",NA,NA,"Neither","Independent | Neither",1,1,1,32,"woman","White","GED","$60,001-$80,000",4,2,1,0,0,0,1,NA
"AY468dn",40,5,5,4,3,4,6,5,3,5,2,6,5,3,4,6,4,6,6,3,2,3,3,4,1,2,2,55,53,40,60,45,5,"Independent",NA,NA,"Neither","Independent | Neither",1,1,1,29,"man","White","4yearColl",NA,NA,4,1,1,0,0,1,NA
"NR719fq",71,1,6,5,2,1,1,5.125,2.4,6,3,6,4,6,4,4,5,6,6,2,2,3,3,2,2,2,2,48,56,42,54,43,2,"Democrat","Strong",NA,NA,"Democrat | Strong",1,1,1,38,"woman","White","4yearColl","$80,001-$100,000",5,4,1,0,0,1,0,NA
"WO222zn",100,3.5,3,7,5,3,4,4.375,7,9,4,4,5,4,5,5,4,4,4,7,7,7,7,7,3,3,3,21,57,30,16,27,4,"Independent",NA,NA,"Neither","Independent | Neither",1,1,1,36,"man","White","noHS","$0-$20,000",1,1,1,1,0,0,1,NA
"PN675ov",0,7,4,4,4,7,7,6,4.6,4,3,6,6,6,6,6,6,6,6,5,5,5,3,5,1,1,2,55,72,48,68,44,7,"Republican",NA,"Strong",NA,"Republican | Strong",1,1,1,37,"man","White","GED","$60,001-$80,000",4,2,1,1,1,0,0,"Have a great day!"
"YG410ig",62,4,7,7,1,7,1,3.625,4.8,6,3,1,5,3,6,4,5,2,3,6,5,5,3,5,2,2,2,48,88,24,72,39,2,"Democrat","Strong",NA,NA,"Democrat | Strong",1,1,1,31,"woman","White","4yearColl","$40,001-$60,000",3,4,1,0,0,1,0,NA
"CZ152yc",17,5,3,6,5,5,5,4.25,2.4,3,2,3,3,5,5,5,5,5,3,2,3,2,3,2,1,1,1,80,90,29,47,8,4,"Independent",NA,NA,"Closer to Republican","Independent | Closer to Republican",1,1,1,37,"man","White","MA","$160,001-$180,000",9,5,1,1,0,0,1,"great study"
"DG372qb",18,1,6,4,2,1,1,2,2.6,7,3,2,2,2,2,2,2,2,2,2,3,3,3,2,3,1,3,43,70,35,60,39,2,"Democrat","Not very strong",NA,NA,"Democrat | Not very strong",1,1,1,50,"woman","White","4yearColl","$60,001-$80,000",4,4,1,0,0,1,0,NA
"EX215za",55,1,2,5,6,1,1,4.75,3,4,4,4,5,5,5,5,4,5,5,3,3,3,3,3,1,2,1,50,100,50,60,50,1,"Democrat","Strong",NA,NA,"Democrat | Strong",1,1,1,32,"woman","American Indian or Alaska Native","GED","$40,001-$60,000",3,2,0,0,0,1,0,NA
"AI309ub",8,6.5,3,2,5,6,7,6.125,1.8,4,3,6,6,6,6,6,6,6,7,2,2,2,2,1,2,1,1,50,68,40,56,44,6,"Republican",NA,"Strong",NA,"Republican | Strong",1,1,1,40,"man","Hispanic, Latino, or Spanish origin","GED","$40,001-$60,000",3,2,0,1,1,0,0,NA
"WP927hq",77,1,7,3,1,1,1,2.375,6.2,5,4.5,3,2,2,1,2,4,2,3,5,6,7,7,6,1,2,2,0,100,0,80,43,4,"Democrat","Strong",NA,NA,"Democrat | Strong",1,1,1,42,"woman","Black or African American","4yearColl","$80,001-$100,000",5,4,0,0,0,1,0,NA
"DR284ih",62,3.5,3,2,5,3,4,2.5,5.4,9,3,3,2,3,2,2,2,3,3,6,6,5,5,5,3,3,3,59,79,30,68,42,5,"Republican",NA,"Not very strong",NA,"Republican | Not very strong",1,1,1,34,"woman","White","GED","$40,001-$60,000",3,2,1,0,1,0,0,NA
"EP685du",8,6,2,3,6,7,5,5,2,6,1,5,5,5,5,5,5,5,5,2,2,2,2,2,2,2,2,87,54,36,64,43,5,"Independent",NA,NA,"Closer to Republican","Independent | Closer to Republican",1,1,1,44,"man","White","4yearColl","$80,001-$100,000",5,4,1,1,0,0,1,NA
"SX914ja",35,5.5,2,3,6,7,4,5.375,2.4,3,2,5,5,6,6,5,5,6,5,2,2,2,3,3,1,1,1,75,81,61,73,45,4,"Independent",NA,NA,"Neither","Independent | Neither",1,1,1,50,"woman","Asian","4yearColl","$160,001-$180,000",9,4,0,0,0,0,1,"No further comments, thanks."
"QW797wf",64,2.5,3,4,5,3,2,3,4.6,7,5,3,3,3,3,3,3,3,3,5,5,5,5,3,2,3,2,4,38,36,57,38,3,"Republican",NA,"Not very strong",NA,"Republican | Not very strong",1,1,1,43,"woman","White","GED","$40,001-$60,000",3,2,1,0,1,0,0,NA
"YP902rf",30,2,5,4,3,2,2,3.375,1,3,5,5,2,6,2,2,2,4,4,1,1,1,1,1,1,1,1,30,51,40,45,45,3,"Independent",NA,NA,"Closer to Democratic","Independent | Closer to Democratic",1,1,1,61,"man","White","GED","$20,001-$40,000",2,2,1,1,0,0,1,NA
"CS773mm",16,1,4,4,4,1,1,5.875,3.6,6,5,7,5,7,6,5,6,5,6,3,5,2,5,3,2,2,2,55,96,72,80,66,1,"Democrat","Strong",NA,NA,"Democrat | Strong",1,1,1,34,"woman","White","GED","$0-$20,000",1,2,1,0,0,1,0,NA
"WU998ts",33,1,4,2,4,1,1,4.375,4.6,5,3,5,2,5,4,4,5,5,5,5,4,5,4,5,1,2,2,57,86,31,85,26,2,"Independent",NA,NA,"Closer to Democratic","Independent | Closer to Democratic",1,1,1,37,"woman","White","MA","$120,001-$140,000",7,5,1,0,0,0,1,NA
"PR625fy",60,4.5,2,5,6,4,5,4.625,3.8,4,4,5,4,6,4,3,5,5,5,4,3,5,2,5,1,2,1,40,58,48,70,33,6,"Independent",NA,NA,"Neither","Independent | Neither",1,1,1,71,"woman","White","GED","$20,001-$40,000",2,2,1,0,0,0,1,NA
"IB089wu",70,5,2,4,6,3,7,5.25,3.2,6,5,2,1,7,6,6,6,7,7,3,3,3,2,5,2,2,2,32,75,75,91,62,7,"Republican",NA,"Strong",NA,"Republican | Strong",1,1,1,38,"man","White","GED","$20,001-$40,000",2,2,1,1,1,0,0,NA
"HV428bz",75,5,2,2,6,6,4,4.375,5.8,7,5,4,4,5,4,4,4,5,5,7,6,6,4,6,3,1,3,50,75,70,73,60,4,"No preference",NA,NA,"Neither","Independent | Neither",1,1,1,53,"man","White","4yearColl","$60,001-$80,000",4,4,1,1,0,0,0,NA
"XS788os",46,5.5,1,6,7,5,6,5,2.4,5,4,5,5,5,5,5,5,5,5,2,3,3,2,2,1,2,2,21,76,45,34,18,5,"Republican",NA,"Not very strong",NA,"Republican | Not very strong",1,1,1,21,"woman","White","GED","$80,001-$100,000",5,2,1,0,1,0,0,NA
"VU515ds",60,2.5,4,6,4,3,2,5.625,5.2,7,2.5,6,6,6,6,6,5,6,4,6,6,5,3,6,2,2,3,60,90,20,60,30,2,"Democrat","Not very strong",NA,NA,"Democrat | Not very strong",1,1,1,36,"woman","Asian","4yearColl","$40,001-$60,000",3,4,0,0,0,1,0,NA
"VC782yc",28,2,6,4,2,2,2,4.875,3.6,7,3.5,4,5,5,5,5,5,5,5,5,4,2,3,4,2,2,3,38,88,38,43,36,2,"Democrat","Not very strong",NA,NA,"Democrat | Not very strong",1,1,1,27,"woman","Black or African American","4yearColl","$40,001-$60,000",3,4,0,0,0,1,0,NA
"KN441ir",30,4,3,4,5,4,4,4.875,3,5,1,5,5,4,5,5,5,5,5,3,3,3,3,3,2,1,2,60,59,51,51,48,4,"Republican",NA,"Not very strong",NA,"Republican | Not very strong",1,1,1,42,"woman","White","2yearColl","$120,001-$140,000",7,3,1,0,1,0,0,NA
"BM420ec",81,3.5,1,4,7,4,3,7,6.4,8,3,7,7,7,7,7,7,7,7,6,7,6,6,7,3,2,3,22,26,19,24,20,3,"Independent",NA,NA,"Neither","Independent | Neither",1,1,1,54,"man","White","GED","$20,001-$40,000",2,2,1,1,0,0,1,NA
"QT890rt",6,6.5,2,1,6,6,7,4,1.8,3,5,4,4,4,4,4,4,4,4,2,1,3,2,1,1,1,1,1,30,27,42,36,4,"Republican",NA,"Not very strong",NA,"Republican | Not very strong",1,1,1,60,"man","White","GED","$60,001-$80,000",4,2,1,1,1,0,0,NA
"QC522ca",8,6.5,4,4,4,6,7,6.875,1,3,3,7,7,7,7,7,6,7,7,1,1,1,1,1,1,1,1,60,65,57,65,57,6,"Republican",NA,"Strong",NA,"Republican | Strong",1,1,1,28,"woman","White","2yearColl","$60,001-$80,000",4,3,1,0,1,0,0,NA
"IU754km",91,1,5,5,3,1,1,2.5,5.6,8,5,3,2,3,2,2,2,3,3,5,5,6,6,6,2,3,3,20,70,25,60,30,1,"Democrat","Strong",NA,NA,"Democrat | Strong",1,1,1,33,"man","White","GED","$0-$20,000",1,2,1,1,0,1,0,NA
"MJ192ff",50,6,4,4,4,5,7,4.375,2.4,3,5,5,5,4,5,5,4,4,3,4,2,2,2,2,1,1,1,10,20,40,15,15,7,"Republican",NA,"Strong",NA,"Republican | Strong",1,1,1,59,"woman","White","2yearColl","$20,001-$40,000",2,3,1,0,1,0,0,NA
"XC618mk",2,2,5,2,3,2,2,5.75,1.8,6,2,6,5,7,5,6,5,6,6,2,1,1,2,3,2,2,2,74,90,63,68,56,2,"Independent",NA,NA,"Closer to Democratic","Independent | Closer to Democratic",1,1,1,59,"man","White","4yearColl","$60,001-$80,000",4,4,1,1,0,0,1,NA
"JO402ue",45,5.5,7,4,1,6,5,5.875,4.8,5,3,6,5,6,6,6,5,6,7,5,4,5,5,5,1,2,2,62,87,14,68,20,4,"Independent",NA,NA,"Closer to Democratic","Independent | Closer to Democratic",1,1,1,31,"woman","Asian","MA","$80,001-$100,000",5,5,0,0,0,0,1,NA
"JQ745dp",80,2,2,4,6,3,1,4.375,5,4,2.5,5,4,4,4,4,4,5,5,5,4,4,5,7,1,2,1,20,90,20,0,0,4,"Independent",NA,NA,"Neither","Independent | Neither",1,1,1,41,"man","White","GED","$40,001-$60,000",3,2,1,1,0,0,1,NA
"PQ460ce",81,1,7,3,1,1,1,3.5,6.4,9,3,2,2,5,5,5,3,3,3,6,6,7,6,7,3,3,3,55,70,31,60,20,1,"Democrat","Strong",NA,NA,"Democrat | Strong",1,1,1,30,NA,"White","GED","$20,001-$40,000",2,2,1,NA,0,1,0,NA
"ZM406wl",0,6.5,4,4,4,7,6,7,1,3,3,7,7,7,7,7,7,7,7,1,1,1,1,1,1,1,1,50,50,50,50,50,6,"Republican",NA,"Strong",NA,"Republican | Strong",1,1,1,44,"man","White","MA","Over $200,000",11,5,1,1,1,0,0,NA
"KT336qx",60,1,5,6,3,1,1,3.875,4.2,6,3.5,2,3,5,5,3,5,6,2,6,6,3,3,3,2,2,2,45,75,30,60,45,2,"Democrat","Not very strong",NA,NA,"Democrat | Not very strong",1,1,1,32,"woman","White","2yearColl","$40,001-$60,000",3,3,1,0,0,1,0,NA
"GX175ss",5,2.5,6,2,2,3,2,2.625,2.2,3,2.5,3,2,4,2,2,2,3,3,2,3,2,2,2,1,1,1,70,95,60,70,65,2,"Independent",NA,NA,"Closer to Democratic","Independent | Closer to Democratic",1,1,1,54,"man","Asian","2yearColl","Over $200,000",11,3,0,1,0,0,1,NA
"WJ340qg",2,4,4,5,4,1,7,5.625,1,3,2,6,5,5,5,7,6,6,5,1,1,1,1,1,1,1,1,91,99,80,87,84,7,"Republican",NA,"Strong",NA,"Republican | Strong",1,1,1,50,"woman","White","GED","$100,001-$120,000",6,2,1,0,1,0,0,NA
"VD765op",0,6.5,5,4,3,6,7,6.375,1.2,4,1,6,6,6,6,6,7,7,7,1,1,1,2,1,2,1,1,80,0,60,70,59,6,"Republican",NA,"Strong",NA,"Republican | Strong",1,1,1,55,"woman","White","4yearColl","Over $200,000",11,4,1,0,1,0,0,NA
"BJ665ig",7,7,1,3,7,7,7,6,2,3,3,6,6,6,6,6,6,6,6,2,2,2,2,2,1,1,1,60,80,42,71,50,7,"Republican",NA,"Strong",NA,"Republican | Strong",1,1,1,55,"man","White","GED","$80,001-$100,000",5,2,1,1,1,0,0,NA
"KY241rc",70,5,3,4,5,5,5,3,4.6,7,5,4,2,4,2,3,3,3,3,6,4,5,3,5,3,2,2,20,65,55,55,40,5,"Republican",NA,"Not very strong",NA,"Republican | Not very strong",1,1,1,38,"man","multiracial","2yearColl",NA,NA,3,0,1,1,0,0,NA
"MG035ww",100,1,6,5,2,1,1,2.5,6.6,9,4,4,1,4,2,2,2,3,2,7,7,7,6,6,3,3,3,26,80,29,82,18,1,"Democrat","Not very strong",NA,NA,"Democrat | Not very strong",1,1,1,31,"woman","White","GED","$60,001-$80,000",4,2,1,0,0,1,0,"Good luck with your research"
"AX932af",43,2,5,5,3,2,2,2.5,6.2,5,2,4,2,2,3,2,2,3,2,6,7,7,4,7,1,2,2,49,80,18,40,18,2,"Independent",NA,NA,"Closer to Democratic","Independent | Closer to Democratic",1,1,1,41,"woman","White","4yearColl","$40,001-$60,000",3,4,1,0,0,0,1,NA
"RT395mr",58,2.5,5,4,3,3,2,5,3.4,6,3,5,5,5,5,5,5,5,5,3,3,3,3,5,2,2,2,48,62,43,55,30,4,"Republican",NA,"Not very strong",NA,"Republican | Not very strong",1,1,1,38,"woman","multiracial","4yearColl","$100,001-$120,000",6,4,0,0,1,0,0,NA
"IP725ms",82,1.5,4,4,4,1,2,5,5.6,8,2,5,5,5,5,5,5,5,5,6,6,6,4,6,3,2,3,83,91,5,15,7,2,"Independent",NA,NA,"Closer to Democratic","Independent | Closer to Democratic",1,1,1,40,"man","White","GED","$0-$20,000",1,2,1,1,0,0,1,NA
"KC838pf",30,3.5,3,5,5,5,2,5.5,2,6,2,6,5,6,5,5,5,6,6,2,2,2,2,2,2,2,2,85,90,60,70,51,3,"Democrat","Not very strong",NA,NA,"Democrat | Not very strong",1,1,1,25,"woman","White","4yearColl","$60,001-$80,000",4,4,1,0,0,1,0,NA
"RM040xj",73,2,3,3,5,2,2,3.625,4.6,6,4,5,2,6,3,2,4,5,2,6,5,5,2,5,2,2,2,46,70,45,65,60,2,"Independent",NA,NA,"Closer to Democratic","Independent | Closer to Democratic",1,1,1,54,"man","White","4yearColl","$20,001-$40,000",2,4,1,1,0,0,1,NA
"GX594vm",22,2,4,6,4,2,2,4.875,2.8,5,2,6,5,5,5,3,5,5,5,3,2,3,3,3,2,1,2,73,93,46,70,30,2,"Independent",NA,NA,"Closer to Democratic","Independent | Closer to Democratic",1,1,1,22,"woman","White","4yearColl","Over $200,000",11,4,1,0,0,0,1,NA
"QT804cm",25,6.5,4,5,4,6,7,6.75,1.4,4,1,7,7,7,7,6,6,7,7,1,2,1,2,1,2,1,1,76,68,59,67,63,6,"Republican",NA,"Not very strong",NA,"Republican | Not very strong",1,1,1,50,"man","White","4yearColl","$80,001-$100,000",5,4,1,1,1,0,0,NA
"WV446xa",20,2.5,2,6,6,3,2,5.25,1.4,3,1.5,6,5,6,2,5,6,6,6,1,1,2,2,1,1,1,1,80,80,60,70,50,3,"Independent",NA,NA,"Closer to Democratic","Independent | Closer to Democratic",1,1,1,46,"man","White","4yearColl","$140,001-$160,000",8,4,1,1,0,0,1,NA
"SR544xv",19,5.5,5,2,3,4,7,6.875,2.2,3,4,7,7,7,7,7,6,7,7,1,1,3,2,4,1,1,1,46,49,52,47,18,5,"Republican",NA,"Strong",NA,"Republican | Strong",1,1,1,54,"woman","White","2yearColl","$80,001-$100,000",5,3,1,0,1,0,0,NA
"NN619pv",0,6.5,3,3,5,7,6,6,2.6,3,5,6,6,6,6,6,6,6,6,3,2,2,3,3,1,1,1,2,3,4,5,6,6,"Republican",NA,"Not very strong",NA,"Republican | Not very strong",1,1,1,63,"man","White","4yearColl","$100,001-$120,000",6,4,1,1,1,0,0,NA
"PD182mt",0,5,1,6,7,3,7,5.5,1.2,3,3.5,5,6,5,6,6,6,5,5,1,1,1,2,1,1,1,1,80,95,75,85,80,6,"Republican",NA,"Not very strong",NA,"Republican | Not very strong",1,1,1,52,"woman","Black or African American","MA","$80,001-$100,000",5,5,0,0,1,0,0,NA
"JI284lm",100,1,7,2,1,1,1,2.625,5.6,9,5,3,1,5,2,3,3,2,2,5,6,6,5,6,3,3,3,1,75,25,50,24,2,"Democrat","Strong",NA,NA,"Democrat | Strong",1,1,1,51,"man","White","4yearColl","$20,001-$40,000",2,4,1,1,0,1,0,NA
"EX858dq",27,5,6,2,2,5,5,5.25,7,6,5,7,1,5,5,5,5,7,7,7,7,7,7,7,2,2,2,40,60,50,70,50,5,"Republican",NA,"Strong",NA,"Republican | Strong",1,1,1,32,"man","White","GED","$20,001-$40,000",2,2,1,1,1,0,0,NA
"FX822kj",100,1,7,1,1,1,1,3.75,6.2,7,3.5,4,3,4,4,4,4,4,3,7,7,7,6,4,3,1,3,0,100,0,0,0,1,"Democrat","Strong",NA,NA,"Democrat | Strong",1,1,1,52,"man","White","GED","$0-$20,000",1,2,1,1,0,1,0,NA
"VA574qh",0,3.5,4,4,4,5,2,4.875,2.2,3,1,6,5,4,6,5,2,5,6,2,2,2,2,3,1,1,1,80,60,35,50,40,2,"Democrat","Strong",NA,NA,"Democrat | Strong",1,1,1,30,"man","White","4yearColl","$100,001-$120,000",6,4,1,1,0,1,0,NA
"HA417sx",22,2,4,4,4,2,2,4.625,2,3,2,5,5,5,5,5,4,3,5,2,2,2,2,2,1,1,1,82,97,21,68,32,2,"Democrat","Strong",NA,NA,"Democrat | Strong",1,1,1,73,"woman","White","MA","$40,001-$60,000",3,5,1,0,0,1,0,NA
"HF390dt",35,5,1,6,7,3,7,2.875,2,3,5,2,3,3,3,3,4,2,3,2,2,2,2,2,1,1,1,48,95,72,66,69,6,"Republican",NA,"Strong",NA,"Republican | Strong",1,1,1,72,"woman","multiracial","GED","$40,001-$60,000",3,2,0,0,1,0,0,NA
"VT274zm",80,1,7,4,1,1,1,3.75,5.6,8,4,5,2,5,3,3,4,4,4,6,6,5,5,6,2,3,3,31,47,29,33,32,1,"Democrat","Strong",NA,NA,"Democrat | Strong",1,1,1,51,"woman","White","4yearColl","$20,001-$40,000",2,4,1,0,0,1,0,NA
"LP179st",83,5.5,3,6,5,6,5,4.25,1.6,3,1.5,2,5,4,6,5,6,3,3,1,1,2,2,2,1,1,1,78,78,29,36,41,2,"Democrat","Strong",NA,NA,"Democrat | Strong",1,1,1,27,"woman","White","4yearColl","$80,001-$100,000",5,4,1,0,0,1,0,"None"
"AH114zq",0,3.5,4,4,4,4,3,3.625,2,4,1,4,3,5,3,3,5,4,2,2,2,2,2,2,1,2,1,85,80,65,70,60,4,"Republican",NA,"Not very strong",NA,"Republican | Not very strong",1,1,1,25,"woman","White","4yearColl","$0-$20,000",1,4,1,0,1,0,0,NA
"LR232pn",40,4,2,5,6,6,2,4.75,2.4,3,1,6,5,6,3,3,5,5,5,2,3,2,3,2,1,1,1,60,50,50,50,50,4,"Independent",NA,NA,"Closer to Democratic","Independent | Closer to Democratic",1,1,1,42,"man","multiracial","2yearColl","$80,001-$100,000",5,3,0,1,0,0,1,"Nothing further"
"DE695tb",60,3,3,4,5,3,3,5,2.2,4,1,5,5,6,5,5,3,6,5,2,2,2,3,2,1,2,1,75,70,58,64,54,4,"Independent",NA,NA,"Neither","Independent | Neither",1,1,1,49,"man","Other (please specify)","PHD","Over $200,000",11,6,0,1,0,0,1,NA
"AW064kz",24,4.5,1,4,7,5,4,6.875,4.6,6,3,6,7,7,7,7,7,7,7,5,5,5,3,5,2,2,2,50,50,50,50,50,4,"Independent",NA,NA,"Neither","Independent | Neither",1,1,1,36,"woman","multiracial","PHD","$180,001-$200,000",10,6,0,0,0,0,1,"N/a"
"BV804kx",90,2.5,3,4,5,3,2,2.75,5.2,8,3,3,2,3,2,3,3,3,3,6,5,5,4,6,3,2,3,60,85,30,70,50,3,"Independent",NA,NA,"Closer to Democratic","Independent | Closer to Democratic",1,1,1,41,"man","White","2yearColl","$60,001-$80,000",4,3,1,1,0,0,1,NA
"FJ293oy",82,1.5,5,4,3,2,1,4.875,3.6,6,4,6,3,7,5,3,5,5,5,4,3,3,3,5,3,1,2,36,73,38,62,32,2,"Democrat","Strong",NA,NA,"Democrat | Strong",1,1,1,63,"woman","White","2yearColl","$40,001-$60,000",3,3,1,0,0,1,0,NA
"QI910hv",55,4,4,5,4,3,5,5.25,2,5,3.5,5,5,5,5,5,5,6,6,2,2,2,2,2,2,1,2,50,80,50,50,50,5,"Independent",NA,NA,"Closer to Republican","Independent | Closer to Republican",1,1,1,67,"man","White","GED","$20,001-$40,000",2,2,1,1,0,0,1,NA
"DB464qa",0,3,4,4,4,2,4,4.75,6,6,2,6,3,6,5,3,4,6,5,7,5,7,4,7,2,1,3,70,50,40,90,25,4,"Democrat","Not very strong",NA,NA,"Democrat | Not very strong",1,1,1,41,"woman","White","MA","$40,001-$60,000",3,5,1,0,0,1,0,NA
"AH386zq",100,1,6,5,2,1,1,2.875,7,9,5,2,3,4,3,3,4,3,1,7,7,7,7,7,3,3,3,0,72,38,70,25,1,"Democrat","Not very strong",NA,NA,"Democrat | Not very strong",1,1,1,37,"woman","multiracial","GED","$0-$20,000",1,2,0,0,0,1,0,NA
"TD240gg",20,1,3,6,5,1,1,5.5,2.2,3,4.5,6,5,6,5,5,5,6,6,2,2,2,3,2,1,1,1,30,70,30,80,40,1,"Democrat","Strong",NA,NA,"Democrat | Strong",1,1,1,44,"man","Black or African American","2yearColl","$20,001-$40,000",2,3,0,1,0,1,0,NA
"AT486qa",7,4,2,5,6,4,4,4.25,2.8,6,2,4,4,5,5,4,4,4,4,3,3,3,2,3,2,2,2,80,51,39,85,45,4,"Democrat","Not very strong",NA,NA,"Democrat | Not very strong",1,1,1,64,"woman","White","MA","$60,001-$80,000",4,5,1,0,0,1,0,NA
"BZ638xh",39,4,4,5,4,4,4,5.625,2.2,3,3,6,5,6,6,5,5,6,6,2,2,2,3,2,1,1,1,64,74,59,70,62,3,"Independent",NA,NA,"Closer to Democratic","Independent | Closer to Democratic",1,1,1,42,"woman","White","4yearColl","$80,001-$100,000",5,4,1,0,0,0,1,"
"
"QY976nf",5,6,2,4,6,6,6,5.875,2.8,3,1,6,6,6,6,5,6,6,6,2,2,2,6,2,1,1,1,100,97,47,65,73,6,"Republican",NA,"Not very strong",NA,"Republican | Not very strong",1,1,1,50,"man","White","MA","Over $200,000",11,5,1,1,1,0,0,NA
"WZ955wu",15,6,2,1,6,5,7,4.875,2,5,2,5,5,5,4,5,5,5,5,2,2,2,2,2,2,2,1,82,88,24,49,15,6,"Republican",NA,"Not very strong",NA,"Republican | Not very strong",1,1,1,37,"woman","White","4yearColl","$80,001-$100,000",5,4,1,0,1,0,0,NA
"PQ904bn",100,1,4,3,4,1,1,2.125,6.8,9,5,2,2,3,1,2,2,2,3,7,7,7,6,7,3,3,3,5,73,39,57,23,1,"Democrat","Not very strong",NA,NA,"Democrat | Not very strong",1,1,1,31,"woman","Hispanic, Latino, or Spanish origin","GED",NA,NA,2,0,0,0,1,0,NA
"WK077fj",100,7,7,7,1,7,7,7,3.4,9,3.5,7,7,7,7,7,7,7,7,7,7,1,1,1,3,3,3,75,80,0,100,75,4,"Independent",NA,NA,"Neither","Independent | Neither",1,1,1,23,"man","Asian","GED","$20,001-$40,000",2,2,0,1,0,0,1,NA
"AD963vm",89,3,3,4,5,3,3,4.25,4.8,8,3,6,4,5,4,3,5,4,3,5,5,5,4,5,3,2,3,65,77,51,70,40,3,"Independent",NA,NA,"Neither","Independent | Neither",1,1,1,34,"woman","Black or African American","2yearColl","$0-$20,000",1,3,0,0,0,0,1,NA
"NJ712iu",10,7,3,1,5,7,7,6.625,1.6,3,3,7,7,4,7,7,7,7,7,1,1,1,1,4,1,1,1,67,70,46,82,61,7,"Republican",NA,"Strong",NA,"Republican | Strong",1,1,1,47,"man","White","4yearColl","$100,001-$120,000",6,4,1,1,1,0,0,NA
"HJ265tb",40,1,4,5,4,1,1,3.375,3.6,6,2,4,2,5,4,2,3,3,4,3,3,4,3,5,2,2,2,67,76,24,50,29,1,"Democrat","Strong",NA,NA,"Democrat | Strong",1,1,1,36,"man","White","4yearColl","$180,001-$200,000",10,4,1,1,0,1,0,NA
"NU428gz",23,3,2,5,6,4,2,5,3.4,6,3,5,5,5,5,5,5,5,5,3,3,3,3,5,2,2,2,56,97,42,71,44,2,"Democrat","Strong",NA,NA,"Democrat | Strong",1,1,1,66,"woman","Black or African American","4yearColl","$80,001-$100,000",5,4,0,0,0,1,0,"none"
"ZP132vz",20,4.5,4,4,4,6,3,5.625,6,9,1,6,5,6,5,5,6,6,6,6,6,6,6,6,3,3,3,70,50,35,50,20,4,"Independent",NA,NA,"Closer to Democratic","Independent | Closer to Democratic",1,1,1,41,"woman","White","4yearColl","$20,001-$40,000",2,4,1,0,0,0,1,NA
"DF457sj",24,1.5,6,4,2,2,1,4.875,2.2,4,2,5,5,5,5,4,5,5,5,2,2,2,3,2,1,2,1,77,79,20,69,34,1,"Democrat","Strong",NA,NA,"Democrat | Strong",1,1,1,44,"woman","multiracial","MA","Over $200,000",11,5,0,0,0,1,0,"none"
"ZM397mz",37,1,4,4,4,1,1,5,2,5,1.5,5,5,5,5,5,5,5,5,2,2,2,2,2,1,2,2,74,74,33,68,32,2,"Democrat","Strong",NA,NA,"Democrat | Strong",1,1,1,41,"woman","Asian","4yearColl","$80,001-$100,000",5,4,0,0,0,1,0,"everything was clear and went well"
"FC139kt",25,3,3,6,5,4,2,5,1.8,6,2,5,5,5,5,4,5,5,6,2,2,1,2,2,3,2,1,86,91,73,84,71,2,"Democrat","Strong",NA,NA,"Democrat | Strong",1,1,1,26,"man","Asian","MA","$80,001-$100,000",5,5,0,1,0,1,0,NA
"FK682cd",42,1,5,3,3,1,1,2.25,2.8,3,2,3,1,3,2,3,3,1,2,3,3,2,3,3,1,1,1,51,75,22,22,4,2,"Independent",NA,NA,"Closer to Democratic","Independent | Closer to Democratic",1,1,1,52,"woman","White","2yearColl","$80,001-$100,000",5,3,1,0,0,0,1,NA
"CG329ix",43,1,5,4,3,1,1,5.625,2.4,5,2,6,5,6,6,5,6,6,5,3,3,2,2,2,1,2,2,59,96,16,25,4,2,"Democrat","Not very strong",NA,NA,"Democrat | Not very strong",1,1,1,37,"woman","multiracial","MA","$80,001-$100,000",5,5,0,0,0,1,0,NA
"JD214dw",10,4,6,3,2,2,6,3.75,1.6,4,3,2,6,2,5,5,6,2,2,2,1,2,2,1,2,1,1,70,90,25,85,50,4,"Republican",NA,"Strong",NA,"Republican | Strong",1,1,1,47,"man","White","2yearColl","$60,001-$80,000",4,3,1,1,1,0,0,NA
"WQ178qg",38,5.5,6,1,2,5,6,6.25,1.8,5,2,6,6,6,6,6,6,7,7,2,3,1,2,1,1,2,2,69,68,86,54,45,6,"Republican",NA,"Strong",NA,"Republican | Strong",1,1,1,34,"man","White","4yearColl","$140,001-$160,000",8,4,1,1,1,0,0,NA
"HX108jf",60,1,4,4,4,1,1,5.5,5,9,3,6,5,7,5,4,5,6,6,5,5,5,5,5,3,3,3,60,61,31,63,31,3,"Independent",NA,NA,"Closer to Democratic","Independent | Closer to Democratic",1,1,1,46,"woman","White","MA","$60,001-$80,000",4,5,1,0,0,0,1,NA
"IM905lc",60,2.5,2,5,6,3,2,5,2.4,3,2,5,5,5,5,5,5,5,5,2,3,3,2,2,1,1,1,60,70,40,58,35,3,"Independent",NA,NA,"Closer to Democratic","Independent | Closer to Democratic",1,1,1,19,"man","White","GED","$40,001-$60,000",3,2,1,1,0,0,1,NA
"UY485yr",17,1,7,4,1,1,1,6.125,2,3,1.5,6,6,7,6,6,6,6,6,2,2,2,2,2,1,1,1,81,81,38,28,46,2,"Democrat","Strong",NA,NA,"Democrat | Strong",1,1,1,63,"man","White","4yearColl","$100,001-$120,000",6,4,1,1,0,1,0,NA
"RR203pw",70,2,3,5,5,2,2,4.75,3.6,4,3,5,4,6,4,4,5,5,5,4,5,2,4,3,2,1,1,35,76,25,79,32,2,"Democrat","Strong",NA,NA,"Democrat | Strong",1,1,1,56,"woman","White","2yearColl","$20,001-$40,000",2,3,1,0,0,1,0,"None."
"YS873pd",33,4.5,5,3,3,2,7,5.375,2,3,2,4,6,6,6,4,5,6,6,2,2,2,2,2,1,1,1,85,90,84,53,40,6,"Republican",NA,"Strong",NA,"Republican | Strong",1,1,1,47,"man","White","GED","$100,001-$120,000",6,2,1,1,1,0,0,"thank you , i enjoyed the survey"
"MZ249qa",40,7,1,3,7,7,7,6.625,3.4,6,5,6,7,6,7,7,6,7,7,3,4,3,2,5,3,1,2,40,50,50,50,50,7,"Republican",NA,"Strong",NA,"Republican | Strong",1,1,1,69,"woman","White","2yearColl","$40,001-$60,000",3,3,1,0,1,0,0,NA
"XN077wg",40,5.5,1,4,7,5,6,6.625,3,6,3,7,7,6,7,6,6,7,7,4,3,3,2,3,2,2,2,39,46,36,67,33,6,"Republican",NA,"Not very strong",NA,"Republican | Not very strong",1,1,1,37,"man","White","GED","$60,001-$80,000",4,2,1,1,1,0,0,NA
"CG152ak",70,1,5,3,3,1,1,3,3.4,6,2,3,3,3,3,4,3,3,2,3,3,3,3,5,2,2,2,40,70,26,31,24,2,"Democrat","Not very strong",NA,NA,"Democrat | Not very strong",1,1,1,41,"woman","White","4yearColl","$40,001-$60,000",3,4,1,0,0,1,0,NA
"SG571me",31,1,7,5,1,1,1,3.625,3.6,5,3,3,3,6,3,3,3,5,3,2,5,3,3,5,1,2,2,50,86,30,65,32,2,"Democrat","Strong",NA,NA,"Democrat | Strong",1,1,1,63,"woman","White","4yearColl","$100,001-$120,000",6,4,1,0,0,1,0,"I'm not sure what that favorite color thing was there...
These are such hard questions to answer.
Best of luck with your research!"
"CN037oa",29,4,3,5,5,6,2,4,1.6,4,1.5,2,5,1,5,6,6,2,5,2,2,2,1,1,1,2,1,75,75,63,41,25,2,"Republican",NA,"Strong",NA,"Republican | Strong",1,1,1,42,"man","White","4yearColl","$40,001-$60,000",3,4,1,1,1,0,0,NA
"CJ286ws",61,2.5,5,2,3,3,2,3,4,5,4,3,2,3,3,3,4,3,3,4,5,3,3,5,1,2,2,16,91,9,27,37,2,"Democrat","Not very strong",NA,NA,"Democrat | Not very strong",1,1,1,54,"woman","Black or African American","MA","$40,001-$60,000",3,5,0,0,0,1,0,NA
"ZU985vu",36,2.5,5,4,3,3,2,5.5,5.2,7,3,7,4,6,6,5,5,5,6,5,6,6,5,4,3,2,2,56,67,25,58,40,2,"Democrat","Not very strong",NA,NA,"Democrat | Not very strong",1,1,1,35,"man","White","4yearColl","$40,001-$60,000",3,4,1,1,0,1,0,NA
"JG577qi",90,1.5,6,5,2,1,2,4.75,6.2,9,4,5,5,3,5,5,5,5,5,6,7,6,6,6,3,3,3,30,90,50,60,25,2,"Democrat","Strong",NA,NA,"Democrat | Strong",1,1,1,44,"man","White","2yearColl","$20,001-$40,000",2,3,1,1,0,1,0,NA
"YY134wz",45,1,5,5,3,1,1,4.875,4,6,2,5,5,5,3,5,5,6,5,5,3,5,2,5,2,2,2,84,88,40,55,29,1,"Democrat","Strong",NA,NA,"Democrat | Strong",1,1,1,26,"woman","White","4yearColl","$60,001-$80,000",4,4,1,0,0,1,0,NA
"HM988bk",90,1,4,7,4,1,1,5,6,9,3.5,5,5,5,5,5,5,5,5,6,6,6,6,6,3,3,3,25,100,25,76,21,1,"Democrat","Strong",NA,NA,"Democrat | Strong",1,1,1,38,"woman","Black or African American","4yearColl","$60,001-$80,000",4,4,0,0,0,1,0,NA
"PL063hs",75,1,2,4,6,1,1,3.125,4.8,5,2,4,3,3,3,3,3,3,3,5,5,5,4,5,1,2,2,50,100,30,25,5,2,"Democrat","Strong",NA,NA,"Democrat | Strong",1,1,1,58,"man","White","GED","$60,001-$80,000",4,2,1,1,0,1,0,NA
"UQ780hj",13,1.5,3,5,5,2,1,6,2,4,5,6,6,6,6,6,6,6,6,2,2,2,2,2,1,1,2,45,53,91,63,78,2,"Democrat","Strong",NA,NA,"Democrat | Strong",1,1,1,72,"man","White","4yearColl","$80,001-$100,000",5,4,1,1,0,1,0,NA
"SK346zg",5,2.5,6,1,2,4,1,7,1,3,4,7,7,7,7,7,7,7,7,1,1,1,1,1,1,1,1,15,100,50,100,10,4,"Independent",NA,NA,"Neither","Independent | Neither",1,1,1,54,"woman","Black or African American","2yearColl","$40,001-$60,000",3,3,0,0,0,0,1,NA
"QV695jv",0,2.5,7,3,1,4,1,2.5,2.2,3,3,2,3,3,2,2,4,2,2,3,2,2,2,2,1,1,1,70,97,36,75,12,3,"Democrat","Strong",NA,NA,"Democrat | Strong",1,1,1,56,"man","White","2yearColl","$20,001-$40,000",2,3,1,1,0,1,0,NA
"DB333qs",82,1,5,6,3,1,1,5.375,6.4,6,3,6,3,7,6,3,6,6,6,7,6,6,6,7,1,2,3,30,41,15,45,11,1,"Democrat","Strong",NA,NA,"Democrat | Strong",1,1,1,51,"woman","White","PHD","$40,001-$60,000",3,6,1,0,0,1,0,NA
"CO505bv",22,2,7,2,1,2,2,4.375,3,3,2,3,3,6,4,4,6,5,4,3,2,2,3,5,1,1,1,76,84,36,74,34,2,"Democrat","Strong",NA,NA,"Democrat | Strong",1,1,1,50,"man","White","4yearColl","$140,001-$160,000",8,4,1,1,0,1,0,NA
"AO824wg",21,7,1,6,7,7,7,5.125,1.2,4,2,5,5,6,5,5,5,5,5,1,1,1,1,2,1,2,1,65,72,62,57,62,5,"Republican",NA,"Not very strong",NA,"Republican | Not very strong",1,1,1,59,"woman","White","4yearColl","$20,001-$40,000",2,4,1,0,1,0,0,NA
"QV915lj",36,5,4,5,4,5,5,3.875,1.2,3,1.5,3,4,4,5,5,4,3,3,1,1,1,2,1,1,1,1,81,81,69,75,67,6,"Republican",NA,"Not very strong",NA,"Republican | Not very strong",1,1,1,25,"man","White","4yearColl","$60,001-$80,000",4,4,1,1,1,0,0,NA
"VQ769rr",55,6,5,2,3,5,7,5.5,2.4,7,3,6,5,6,5,5,5,6,6,2,2,3,2,3,3,2,2,61,65,58,63,57,7,"Republican",NA,"Strong",NA,"Republican | Strong",1,1,1,71,"woman","White","2yearColl","$20,001-$40,000",2,3,1,0,1,0,0,"No comments"
"CB288bp",38,1.5,4,7,4,1,2,3,2.2,6,2,3,3,3,3,3,3,3,3,2,2,2,3,2,2,2,2,41,95,19,29,22,2,"Democrat","Strong",NA,NA,"Democrat | Strong",1,1,1,56,"woman","White","GED","$60,001-$80,000",4,2,1,0,0,1,0,NA
"LU167ub",90,1,7,1,1,1,1,5,6.6,6,4.5,5,5,5,5,5,5,5,5,7,7,7,6,6,2,2,2,30,100,30,55,45,1,"Democrat","Strong",NA,NA,"Democrat | Strong",1,1,1,33,"man","multiracial","4yearColl","$0-$20,000",1,4,0,1,0,1,0,"None"
"LQ786wi",10,2,4,5,4,2,2,3.625,1.2,4,1.5,6,2,5,3,5,2,4,2,1,2,1,1,1,1,2,1,80,80,35,55,35,2,"Independent",NA,NA,"Closer to Democratic","Independent | Closer to Democratic",1,1,1,36,"man","White","MA","$100,001-$120,000",6,5,1,1,0,0,1,NA
"TT021oi",0,5.5,1,6,7,4,7,3.75,2,4,3,2,4,4,5,4,4,4,3,2,2,2,2,2,2,1,1,0,0,0,0,0,4,"Democrat","Not very strong",NA,NA,"Democrat | Not very strong",1,1,1,36,"woman","Black or African American","4yearColl","$80,001-$100,000",5,4,0,0,0,1,0,"Thank you for allowing me to participate in this study."
"TE654zx",32,4.5,4,3,4,4,5,4.875,2.8,6,3,5,5,5,5,5,4,5,5,2,4,3,2,3,2,2,2,50,70,44,54,31,5,"Independent",NA,NA,"Neither","Independent | Neither",1,1,1,31,"woman","White","4yearColl","$100,001-$120,000",6,4,1,0,0,0,1,NA
"PE118jr",5,2.5,3,1,5,4,1,5.625,2,3,2,6,5,6,5,5,6,6,6,2,2,2,2,2,1,1,1,80,84,20,51,60,2,"Democrat","Not very strong",NA,NA,"Democrat | Not very strong",1,1,1,39,"man","White","GED","$120,001-$140,000",7,2,1,1,0,1,0,NA
"LL690qv",6,2.5,2,5,6,3,2,5.5,1.8,7,1,7,2,7,6,2,6,7,7,3,2,1,1,2,2,2,3,83,78,38,66,59,2,"Independent",NA,NA,"Closer to Democratic","Independent | Closer to Democratic",1,1,1,64,"man","multiracial","MA","$80,001-$100,000",5,5,0,1,0,0,1,NA
"CD259so",34,5,3,3,5,5,5,5.125,1.6,4,3,6,5,5,6,6,5,2,6,2,2,1,2,1,1,2,1,51,77,42,58,40,3,"Democrat","Not very strong",NA,NA,"Democrat | Not very strong",1,1,1,43,"woman","White","2yearColl","$40,001-$60,000",3,3,1,0,0,1,0,NA
"BW762tt",5,7,1,1,7,7,7,6.625,1.6,3,4,7,7,7,7,4,7,7,7,2,2,1,2,1,1,1,1,81,84,60,87,83,6,"Republican",NA,"Strong",NA,"Republican | Strong",1,1,1,61,"man","White","2yearColl","$80,001-$100,000",5,3,1,1,1,0,0,NA
"DS458ra",68,4,6,1,2,3,5,5.375,4,5,3,6,5,6,5,5,6,6,4,6,4,2,3,5,1,1,3,32,82,17,77,23,4,"Independent",NA,NA,"Neither","Independent | Neither",1,1,1,24,"man","White","4yearColl","$120,001-$140,000",7,4,1,1,0,0,1,NA
"VV323sf",52,1,6,6,2,1,1,3,4.2,5,3,5,2,4,3,1,3,3,3,6,3,4,3,5,1,2,2,44,100,15,58,19,1,"Democrat","Not very strong",NA,NA,"Democrat | Not very strong",1,1,1,26,"woman","Asian","4yearColl","$40,001-$60,000",3,4,0,0,0,1,0,NA
"LJ399fx",10,1,6,4,2,1,1,5.5,2,3,1,6,5,6,5,5,5,6,6,2,2,2,2,2,1,1,1,78,70,43,61,50,1,"Democrat","Not very strong",NA,NA,"Democrat | Not very strong",1,1,1,44,"man","White","MA","$160,001-$180,000",9,5,1,1,0,1,0,NA
"TY687yb",25,2,3,4,5,2,2,6,1.6,3,3,6,6,6,7,5,5,7,6,2,1,1,2,2,1,1,1,63,68,53,74,53,2,"Democrat","Not very strong",NA,NA,"Democrat | Not very strong",1,1,1,28,"woman","White","4yearColl","$40,001-$60,000",3,4,1,0,0,1,0,NA
"HN479rq",70,4.5,6,4,2,2,7,5,5.8,6,3,5,5,5,5,5,5,5,5,6,6,6,5,6,2,2,2,57,75,44,66,30,7,"Republican",NA,"Strong",NA,"Republican | Strong",1,1,1,36,"woman","White","GED","$60,001-$80,000",4,2,1,0,1,0,0,NA
"KU828wx",5,1,3,5,5,1,1,4.875,2.8,4,3,5,4,5,5,5,5,5,5,5,2,3,2,2,1,2,1,40,65,30,65,35,2,"Democrat","Strong",NA,NA,"Democrat | Strong",1,1,1,31,"man","Hispanic, Latino, or Spanish origin","GED","$140,001-$160,000",8,2,0,1,0,1,0,NA
"LZ586kh",33,4,5,2,3,4,4,3.875,4.6,6,4,4,4,4,4,3,5,3,4,5,4,5,4,5,2,2,2,58,67,56,73,62,5,"Republican",NA,"Strong",NA,"Republican | Strong",1,1,1,33,"woman","White","4yearColl","$60,001-$80,000",4,4,1,0,1,0,0,NA
"KW051jy",45,2,2,3,6,2,2,2.25,2.2,5,2,3,2,3,2,2,2,2,2,2,3,2,2,2,2,2,1,80,90,65,70,65,3,"Democrat","Strong",NA,NA,"Democrat | Strong",1,1,1,71,"woman","White","MA","$40,001-$60,000",3,5,1,0,0,1,0,NA
"PI373tl",68,3,3,4,5,3,3,3.25,3.4,6,3,4,3,3,3,3,4,3,3,3,3,4,2,5,2,1,3,66,82,33,70,48,4,"Independent",NA,NA,"Neither","Independent | Neither",1,1,1,36,"man","Hispanic, Latino, or Spanish origin","4yearColl","$80,001-$100,000",5,4,0,1,0,0,1,"N/A"
"AC610po",4,7,1,7,7,7,7,4.25,3.4,6,3,3,5,2,6,7,7,2,2,4,1,3,6,3,3,1,2,0,0,0,0,0,7,"Republican",NA,"Strong",NA,"Republican | Strong",1,1,1,53,"man","White","4yearColl","$140,001-$160,000",8,4,1,1,1,0,0,NA
"GW859gs",60,1,2,5,6,1,1,6,2.6,3,3,6,6,6,6,6,6,6,6,2,3,2,3,3,1,1,1,40,93,30,66,30,2,"Democrat","Strong",NA,NA,"Democrat | Strong",1,1,1,57,"woman","White","GED","$0-$20,000",1,2,1,0,0,1,0,NA
"SJ781za",61,4,5,2,3,7,1,5.5,4.6,7,2,6,6,6,6,6,4,6,4,5,5,5,3,5,3,2,2,54,97,39,45,48,1,"Democrat","Strong",NA,NA,"Democrat | Strong",1,1,1,46,"man","White","GED","$20,001-$40,000",2,2,1,1,0,1,0,NA
"FT084wd",61,1.5,5,4,3,1,2,3.25,4.6,6,3,4,3,4,3,3,3,3,3,5,5,5,3,5,2,2,2,80,100,34,86,15,3,"No preference",NA,NA,"Neither","Independent | Neither",1,1,1,35,"woman","White","2yearColl","$40,001-$60,000",3,3,1,0,0,0,0,NA
"CO398xg",22,7,3,6,5,7,7,5.375,2,3,1,6,6,6,6,5,6,2,6,2,2,2,2,2,1,1,1,78,24,68,51,38,7,"Republican",NA,"Strong",NA,"Republican | Strong",1,1,1,36,"man","multiracial","PHD","$160,001-$180,000",9,6,0,1,1,0,0,NA
"OG240ii",46,1,7,6,1,1,1,1.625,1,3,3,1,1,4,1,1,1,2,2,1,1,1,1,1,1,1,1,24,62,1,12,37,1,"Democrat","Strong",NA,NA,"Democrat | Strong",1,1,1,62,"woman","White","4yearColl","$0-$20,000",1,4,1,0,0,1,0,"gender and sexuality matter as much as ethnicity"
"XE304na",35,2.5,3,5,5,3,2,4.375,3.2,5,1,5,5,5,4,4,2,5,5,3,3,3,2,5,1,2,2,70,55,25,65,25,2,"Democrat","Strong",NA,NA,"Democrat | Strong",1,1,1,53,"man","White","4yearColl","$80,001-$100,000",5,4,1,1,0,1,0,"no additional comments"
"TV370zu",11,3,4,4,4,3,3,4.75,3.6,5,2,5,5,5,5,3,5,5,5,4,4,4,3,3,2,1,2,60,61,39,42,36,3,"Democrat","Not very strong",NA,NA,"Democrat | Not very strong",1,1,1,56,"man","Black or African American","2yearColl","$0-$20,000",1,3,0,1,0,1,0,NA
"DC657xz",6,3.5,7,1,1,6,1,6.375,2.2,3,1,7,6,6,6,6,6,7,7,1,1,6,2,1,1,1,1,73,70,63,51,40,7,"Republican",NA,"Strong",NA,"Republican | Strong",1,1,1,58,"woman","White","GED","$60,001-$80,000",4,2,1,0,1,0,0,NA
"WN337rv",77,5,1,2,7,4,6,4.25,5.4,6,3,4,5,4,5,3,4,4,5,5,6,5,5,6,2,2,2,49,64,41,62,47,6,"Republican",NA,"Not very strong",NA,"Republican | Not very strong",1,1,1,52,"man","White","2yearColl","$140,001-$160,000",8,3,1,1,1,0,0,NA
"RV647vb",88,2.5,7,2,1,1,4,2.5,6.2,9,5,2,3,3,2,2,3,3,2,6,6,6,6,7,3,3,3,10,68,55,95,55,4,"Democrat","Not very strong",NA,NA,"Democrat | Not very strong",1,1,1,44,"man","Hispanic, Latino, or Spanish origin","GED","$20,001-$40,000",2,2,0,1,0,1,0,NA
"KN548tc",91,1.5,7,2,1,2,1,1,6.4,8,4,1,1,1,1,1,1,1,1,6,7,6,6,7,2,3,3,30,70,60,80,10,2,"Independent",NA,NA,"Closer to Democratic","Independent | Closer to Democratic",1,1,1,36,"man","White","GED","$0-$20,000",1,2,1,1,0,0,1,NA
"ML149jh",85,1.5,3,5,5,1,2,4.25,6.2,8,5,3,4,6,3,4,6,5,3,7,7,5,6,6,3,2,3,35,77,41,68,48,3,"Democrat","Not very strong",NA,NA,"Democrat | Not very strong",1,1,1,39,"man","White","4yearColl","$0-$20,000",1,4,1,1,0,1,0,NA
"JJ028uq",6,1,3,4,5,1,1,4.75,1,3,2,5,5,5,5,4,4,5,5,1,1,1,1,1,1,1,1,60,63,30,50,31,2,"Democrat","Strong",NA,NA,"Democrat | Strong",1,1,1,55,"woman","White","4yearColl","$140,001-$160,000",8,4,1,0,0,1,0,NA
"IR979mo",19,2,3,5,5,3,1,5.375,2.4,5,2,6,3,7,5,5,5,6,6,3,2,3,2,2,2,1,2,59,81,48,45,53,1,"Democrat","Strong",NA,NA,"Democrat | Strong",1,1,1,58,"man","White","4yearColl","$0-$20,000",1,4,1,1,0,1,0,NA
"BO006io",0,1.5,6,1,2,2,1,5.875,2,3,3,6,6,6,6,6,5,6,6,2,2,2,2,2,1,1,1,80,100,70,85,59,2,"Democrat","Strong",NA,NA,"Democrat | Strong",1,1,1,25,"man","Asian","4yearColl","$140,001-$160,000",8,4,0,1,0,1,0,"N/A"
"VO600sg",0,1,7,4,1,1,1,4.5,3.8,3,3,5,3,7,3,3,3,7,5,3,3,5,3,5,1,1,1,59,100,19,82,30,1,"Democrat","Strong",NA,NA,"Democrat | Strong",1,1,1,44,"woman","White","4yearColl","$100,001-$120,000",6,4,1,0,0,1,0,NA
"NW921um",75,1,2,1,6,1,1,3.125,5.2,7,3,5,3,3,3,2,3,3,3,6,6,6,2,6,2,2,3,75,100,60,80,60,1,"Democrat","Strong",NA,NA,"Democrat | Strong",1,1,1,26,"woman","White","GED","$0-$20,000",1,2,1,0,0,1,0,NA
"WD860jb",61,1.5,6,5,2,2,1,4.75,3.6,5,1.5,5,4,5,4,5,5,4,6,4,1,5,3,5,1,2,2,86,86,33,71,56,2,"Democrat","Strong",NA,NA,"Democrat | Strong",1,1,1,59,"woman","White","4yearColl","$180,001-$200,000",10,4,1,0,0,1,0,"n/a"
"JC509ar",50,4,3,5,5,4,4,5.375,2.4,3,1,6,6,5,6,5,5,5,5,2,4,2,2,2,1,1,1,90,80,30,85,52,4,"Independent",NA,NA,"Closer to Democratic","Independent | Closer to Democratic",1,1,1,71,"man","White","PHD","$60,001-$80,000",4,6,1,1,0,0,1,NA
"ZR853ah",56,2,4,5,4,2,2,4,3,5,4,4,5,4,4,3,5,4,3,4,2,2,2,5,1,2,2,30,68,32,40,29,3,"Independent",NA,NA,"Closer to Democratic","Independent | Closer to Democratic",1,1,1,27,"man","White","GED","$60,001-$80,000",4,2,1,1,0,0,1,NA
"ER133uz",75,1,2,5,6,1,1,5.5,4.2,6,3,6,6,6,5,5,5,6,5,5,5,4,2,5,2,2,2,50,95,45,83,42,2,"Democrat","Strong",NA,NA,"Democrat | Strong",1,1,1,35,"woman","White","GED","$60,001-$80,000",4,2,1,0,0,1,0,NA
"SY946gs",41,3,3,5,5,3,3,3.875,6,7,5,5,2,5,2,2,5,5,5,7,6,6,5,6,2,2,3,17,75,31,70,58,6,"Republican",NA,"Not very strong",NA,"Republican | Not very strong",1,1,1,38,"man","White","GED","$60,001-$80,000",4,2,1,1,1,0,0,NA
"CR498iq",44,3,3,4,5,3,3,5,4.4,6,2,5,5,5,5,5,5,5,5,5,4,5,3,5,2,2,2,69,82,40,56,41,3,"Democrat","Not very strong",NA,NA,"Democrat | Not very strong",1,1,1,49,"man","White","4yearColl","$60,001-$80,000",4,4,1,1,0,1,0,"n/a"
"XJ137dg",75,1.5,6,4,2,2,1,3.625,5.2,9,3,3,4,4,4,4,5,2,3,6,6,5,3,6,3,3,3,70,95,65,80,55,2,"Democrat","Not very strong",NA,NA,"Democrat | Not very strong",1,1,1,59,"woman","Black or African American","PHD","$60,001-$80,000",4,6,0,0,0,1,0,NA
"PP208tz",100,1,6,3,2,1,1,2.5,5.8,9,5,3,2,3,2,2,2,3,3,6,6,6,5,6,3,3,3,5,60,35,55,30,2,"Democrat","Strong",NA,NA,"Democrat | Strong",1,1,1,33,"man","Asian","GED","$0-$20,000",1,2,0,1,0,1,0,NA
"TE836qa",0,3,3,4,5,4,2,4.75,2.4,5,3,4,5,5,4,6,5,4,5,3,2,2,3,2,2,1,2,57,68,49,60,51,2,"Democrat","Strong",NA,NA,"Democrat | Strong",1,1,1,51,"woman","Black or African American","4yearColl","$120,001-$140,000",7,4,0,0,0,1,0,NA
"YL898kb",80,2,3,4,5,3,1,3.25,5.4,7,2,3,3,3,3,4,4,3,3,6,6,6,3,6,2,2,3,40,80,20,25,10,4,"Independent",NA,NA,"Neither","Independent | Neither",1,1,1,28,"woman","White","GED","$60,001-$80,000",4,2,1,0,0,0,1,NA
"OW249ys",100,1,7,1,1,1,1,2.875,7,9,2,3,3,3,2,3,3,3,3,7,7,7,7,7,3,3,3,81,95,50,66,25,1,"Independent",NA,NA,"Closer to Democratic","Independent | Closer to Democratic",1,1,1,44,"woman","White","4yearColl","$0-$20,000",1,4,1,0,0,0,1,NA
"ZQ430mg",57,1,5,6,3,1,1,5.125,2.6,6,3,6,5,6,6,5,5,5,3,2,3,3,2,3,2,2,2,66,73,37,71,44,1,"Democrat","Strong",NA,NA,"Democrat | Strong",1,1,1,39,"man","White","4yearColl","$60,001-$80,000",4,4,1,1,0,1,0,NA
"QO509yn",20,4.5,5,3,3,5,4,4.75,2,3,2,5,5,5,5,4,4,5,5,2,2,2,2,2,1,1,1,76,84,63,68,64,4,"Independent",NA,NA,"Neither","Independent | Neither",1,1,1,52,"man","White","4yearColl","$120,001-$140,000",7,4,1,1,0,0,1,NA
"ST275ni",0,7,1,5,7,7,7,5.625,1.8,3,5,6,6,6,6,2,6,7,6,2,2,2,1,2,1,1,1,0,80,78,80,79,6,"Republican",NA,"Strong",NA,"Republican | Strong",1,1,1,65,"man","White","GED","$40,001-$60,000",3,2,1,1,1,0,0,NA
"HL157kp",91,1.5,6,3,2,2,1,2.625,7,9,2,3,1,3,2,3,3,3,3,7,7,7,7,7,3,3,3,70,90,6,7,9,1,"Democrat","Not very strong",NA,NA,"Democrat | Not very strong",1,1,1,25,"woman","White","2yearColl","$0-$20,000",1,3,1,0,0,1,0,NA
"DL306pn",10,5,4,4,4,5,5,5.25,2,3,1,5,6,5,6,5,5,5,5,2,2,2,2,2,1,1,1,83,75,71,81,73,6,"Independent",NA,NA,"Closer to Republican","Independent | Closer to Republican",1,1,1,60,"man","White","4yearColl","$180,001-$200,000",10,4,1,1,0,0,1,NA
"JR914wr",60,4,3,5,5,4,4,5.5,4.6,8,3.5,6,5,6,6,5,5,6,5,6,5,5,3,4,2,3,3,50,65,30,70,50,5,"Republican",NA,"Not very strong",NA,"Republican | Not very strong",1,1,1,26,"woman","multiracial","2yearColl","$20,001-$40,000",2,3,0,0,1,0,0,NA
"RI383zq",25,3.5,5,3,3,3,4,6.5,2,3,2.5,7,6,6,7,6,6,7,7,2,2,2,2,2,1,1,1,67,82,30,67,42,4,"Independent",NA,NA,"Neither","Independent | Neither",1,1,1,20,"man","Asian","GED","$60,001-$80,000",4,2,0,1,0,0,1,NA
"LK519ho",30,2,6,5,2,3,1,7,1,3,2,7,7,7,7,7,7,7,7,1,1,1,1,1,1,1,1,70,80,51,44,18,3,"Democrat","Not very strong",NA,NA,"Democrat | Not very strong",1,1,1,50,"man","White","2yearColl","Over $200,000",11,3,1,1,0,1,0,NA
"OV902iz",16,6,2,1,6,7,5,5.375,1.2,3,2,6,5,6,5,5,5,6,5,1,1,1,2,1,1,1,1,84,85,70,80,73,4,"Independent",NA,NA,"Neither","Independent | Neither",1,1,1,36,"man","White","4yearColl","$20,001-$40,000",2,4,1,1,0,0,1,NA
"QZ807bz",70,1,7,3,1,1,1,6,5.4,5,3,6,6,6,6,6,6,6,6,6,6,6,3,6,1,2,2,45,70,30,50,35,1,"Democrat","Strong",NA,NA,"Democrat | Strong",1,1,1,34,"man","White","4yearColl","$40,001-$60,000",3,4,1,1,0,1,0,NA
"KM612pi",75,4,4,4,4,1,7,2.75,6,7,3,4,2,6,2,2,2,2,2,6,6,6,6,6,3,2,2,62,64,100,17,42,6,"Republican",NA,"Strong",NA,"Republican | Strong",1,1,1,41,"man","White","MA","$120,001-$140,000",7,5,1,1,1,0,0,"n/a"
"RK657ci",89,1.5,3,3,5,2,1,2.5,6,9,5,3,3,3,2,2,3,2,2,6,6,7,5,6,3,3,3,29,100,35,83,49,2,"Democrat","Strong",NA,NA,"Democrat | Strong",1,1,1,25,"man","Black or African American","4yearColl","$120,001-$140,000",7,4,0,1,0,1,0,NA
"SL448gk",100,1.5,7,4,1,1,2,2.375,7,9,5,5,1,3,3,2,1,2,2,7,7,7,7,7,3,3,3,27,50,50,50,50,1,"Independent",NA,NA,"Closer to Democratic","Independent | Closer to Democratic",1,1,1,44,"man","White","noHS","$40,001-$60,000",3,1,1,1,0,0,1,NA
"AV195zl",31,1,5,3,3,1,1,5.125,4.4,5,3,5,6,5,5,5,6,5,4,5,4,5,3,5,1,2,2,61,75,29,66,34,3,"Democrat","Not very strong",NA,NA,"Democrat | Not very strong",1,1,1,38,"woman","Black or African American","2yearColl","$180,001-$200,000",10,3,0,0,0,1,0,NA
"FX370tf",15,4.5,2,6,6,4,5,4.875,3.4,4,2.5,4,5,5,4,6,5,5,5,4,4,3,3,3,1,2,1,70,90,50,70,45,5,"Democrat","Not very strong",NA,NA,"Democrat | Not very strong",1,1,1,48,"man","Asian","2yearColl","$80,001-$100,000",5,3,0,1,0,1,0,NA
"IS522pq",45,1.5,6,4,2,2,1,4.5,5,6,5,5,5,5,4,4,4,5,4,5,5,5,5,5,2,2,2,0,63,45,61,50,2,"Democrat","Strong",NA,NA,"Democrat | Strong",1,1,1,46,"woman","White","2yearColl","$120,001-$140,000",7,3,1,0,0,1,0,NA
"MR488mk",65,1,7,3,1,1,1,3.125,4.4,6,5,3,3,3,3,3,4,3,3,5,5,4,3,5,2,2,2,25,70,40,75,30,1,"Democrat","Strong",NA,NA,"Democrat | Strong",1,1,1,47,"man","White","GED","$20,001-$40,000",2,2,1,1,0,1,0,NA
"DP553fv",27,5,2,4,6,4,6,4.625,3.2,6,3,5,4,5,5,4,4,5,5,4,3,3,3,3,2,2,2,60,66,45,63,39,5,"Republican",NA,"Not very strong",NA,"Republican | Not very strong",1,1,1,26,"woman","White","4yearColl","$40,001-$60,000",3,4,1,0,1,0,0,NA
"HL979qm",75,3.5,4,4,4,4,3,5.75,2.2,4,4,6,6,6,6,6,5,5,6,3,2,2,2,2,2,1,1,40,90,70,70,20,4,"Independent",NA,NA,"Closer to Democratic","Independent | Closer to Democratic",1,1,1,33,"woman","White","GED","$20,001-$40,000",2,2,1,0,0,0,1,NA
"CP437it",61,4.5,4,5,4,4,5,4.875,3.6,5,5,5,5,5,5,5,5,4,5,4,4,4,3,3,2,2,1,30,60,55,56,54,5,"Independent",NA,NA,"Closer to Republican","Independent | Closer to Republican",1,1,1,39,"man","White","noHS","$20,001-$40,000",2,1,1,1,0,0,1,NA
"NM349nw",10,7,3,4,5,7,7,5.375,2.6,4,3,6,5,6,5,5,5,6,5,3,3,2,3,2,1,1,2,70,73,62,73,56,6,"Republican",NA,"Strong",NA,"Republican | Strong",1,1,1,69,"man","White","GED","$40,001-$60,000",3,2,1,1,1,0,0,NA
"NN221wh",100,6,1,7,7,6,6,3.875,5.8,4,3,2,7,1,7,6,6,1,1,7,7,7,2,6,1,2,1,0,0,0,0,0,7,"Republican",NA,"Strong",NA,"Republican | Strong",1,1,1,47,"man","White","MA","$80,001-$100,000",5,5,1,1,1,0,0,"good"
"GZ754ji",33,2,3,4,5,2,2,5,4.2,9,3,5,5,5,5,5,5,5,5,6,3,3,4,5,3,3,3,56,89,49,67,53,3,"Democrat","Not very strong",NA,NA,"Democrat | Not very strong",1,1,1,29,NA,"Asian",NA,NA,NA,NA,0,NA,0,1,0,NA
"JG148xo",80,1.5,4,4,4,2,1,4.375,3.6,6,3,5,2,5,5,3,5,5,5,6,5,2,2,3,2,2,2,50,87,40,60,31,1,"Democrat","Strong",NA,NA,"Democrat | Strong",1,1,1,29,"woman","White","GED","$40,001-$60,000",3,2,1,0,0,1,0,NA
"KG688di",45,1.5,4,4,4,2,1,5.5,1.2,3,3,6,5,7,5,5,5,5,6,1,1,1,2,1,1,1,1,38,100,23,62,11,3,"Democrat","Strong",NA,NA,"Democrat | Strong",1,1,1,47,"woman","Black or African American","MA","$140,001-$160,000",8,5,0,0,0,1,0,NA
"RE667vp",50,4,1,4,7,7,1,4.25,5,7,5,5,5,5,5,5,3,3,3,5,6,6,2,6,3,2,2,1,100,10,90,80,4,"Independent",NA,NA,"Closer to Democratic","Independent | Closer to Democratic",1,1,1,42,"woman","Black or African American","GED","$0-$20,000",1,2,0,0,0,0,1,NA
"TP234pg",0,4,1,1,7,1,7,6.25,2.4,3,3,7,6,7,5,6,5,7,7,2,1,5,3,1,1,1,1,52,100,57,30,43,4,"Democrat","Strong",NA,NA,"Democrat | Strong",1,1,1,61,"woman","Black or African American","GED","$60,001-$80,000",4,2,0,0,0,1,0,NA
"GJ735ki",63,1,7,2,1,1,1,4.75,2,5,4,5,5,5,5,5,5,4,4,2,2,2,2,2,1,2,2,34,46,30,40,35,1,"Democrat","Strong",NA,NA,"Democrat | Strong",1,1,1,21,"man","White","2yearColl","$60,001-$80,000",4,3,1,1,0,1,0,NA
"QH870bm",20,4,1,5,7,7,1,2.75,1,3,3.5,1,5,3,2,2,3,3,3,1,1,1,1,1,1,1,1,30,50,30,80,20,4,"Independent",NA,NA,"Neither","Independent | Neither",1,1,1,37,"woman","White","GED","$20,001-$40,000",2,2,1,0,0,0,1,"n/a"
"SJ402pc",74,1,6,4,2,1,1,5.125,4.6,7,3,5,5,5,5,5,5,5,6,5,4,5,5,4,2,3,2,32,75,24,55,21,1,"Democrat","Not very strong",NA,NA,"Democrat | Not very strong",1,1,1,38,"man","Asian","4yearColl","$100,001-$120,000",6,4,0,1,0,1,0,NA
"FY442uz",71,4.5,3,4,5,3,6,4,3.8,5,5,4,5,4,3,3,4,5,4,5,4,3,3,4,2,2,1,17,49,22,73,39,3,"Democrat","Not very strong",NA,NA,"Democrat | Not very strong",1,1,1,26,"man","Asian","GED","$0-$20,000",1,2,0,1,0,1,0,"None"
"QC741hp",0,1,1,1,7,1,1,7,1,3,3,7,7,7,7,7,7,7,7,1,1,1,1,1,1,1,1,100,100,100,100,100,1,"Democrat","Strong",NA,NA,"Democrat | Strong",1,1,1,53,"man","Hispanic, Latino, or Spanish origin","GED","$40,001-$60,000",3,2,0,1,0,1,0,NA
"VG313gm",55,1.5,3,3,5,2,1,5.5,5,6,2,6,5,6,5,5,5,6,6,5,5,5,5,5,2,2,2,54,100,36,22,37,2,"Democrat","Not very strong",NA,NA,"Democrat | Not very strong",1,1,1,70,"woman","White","GED","$20,001-$40,000",2,2,1,0,0,1,0,NA
"CF106kd",100,1,6,4,2,1,1,3,6,9,4,3,3,3,3,3,3,3,3,6,6,6,6,6,3,3,3,31,100,49,37,26,2,"Democrat","Not very strong",NA,NA,"Democrat | Not very strong",1,1,1,30,"woman","Asian","4yearColl","$60,001-$80,000",4,4,0,0,0,1,0,NA
"WH482ac",0,1,3,4,5,1,1,5.375,4.8,8,2,5,5,5,5,7,6,5,5,5,5,5,4,5,3,2,3,46,93,35,39,39,1,"Democrat","Strong",NA,NA,"Democrat | Strong",1,1,1,26,"woman","White","GED","$40,001-$60,000",3,2,1,0,0,1,0,NA
"ID197ew",83,1,3,2,5,1,1,5.25,6.2,9,5,6,4,7,3,3,5,7,7,7,7,7,3,7,3,3,3,12,90,68,53,36,3,"Democrat","Not very strong",NA,NA,"Democrat | Not very strong",1,1,1,64,"woman","multiracial","2yearColl","$20,001-$40,000",2,3,0,0,0,1,0,NA
"QG665kt",0,6.5,3,3,5,7,6,5.375,2.4,3,3,5,6,5,6,5,6,5,5,3,3,2,2,2,1,1,1,87,95,55,92,80,6,"Republican",NA,"Not very strong",NA,"Republican | Not very strong",1,1,1,66,"man","Asian","2yearColl","$60,001-$80,000",4,3,0,1,1,0,0,NA
"AA034jl",55,1,3,4,5,1,1,4.125,3.4,6,2,5,1,5,5,2,5,5,5,3,5,3,3,3,2,2,2,59,100,14,29,0,1,"Democrat","Strong",NA,NA,"Democrat | Strong",1,1,1,50,NA,"White","MA","$20,001-$40,000",2,5,1,NA,0,1,0,NA
"FS727io",60,1.5,5,5,3,2,1,7,3.6,7,2,7,7,7,7,7,7,7,7,5,5,3,3,2,3,2,2,65,0,34,69,33,3,"Independent",NA,NA,"Closer to Democratic","Independent | Closer to Democratic",1,1,1,48,"woman","Black or African American","MA","$0-$20,000",1,5,0,0,0,0,1,NA
"ZH798wa",86,2,6,4,2,2,2,2.25,6,7,5,3,3,2,3,2,2,2,1,6,7,6,5,6,2,3,2,32,51,63,79,36,2,"Democrat","Not very strong",NA,NA,"Democrat | Not very strong",1,1,1,52,"woman","White","4yearColl","$60,001-$80,000",4,4,1,0,0,1,0,NA
"AS557px",40,4.5,2,7,6,2,7,5.375,3.8,4,4,5,6,5,5,5,5,6,6,3,3,2,6,5,1,2,1,34,55,21,39,48,7,"Republican",NA,"Not very strong",NA,"Republican | Not very strong",1,1,1,78,"woman","White","GED","$20,001-$40,000",2,2,1,0,1,0,0,"Thank you"
"CO343cp",70,5.5,3,3,5,6,5,4.5,5.4,9,5,5,3,5,3,5,5,5,5,6,6,5,5,5,3,3,3,30,75,67,90,50,6,"Republican",NA,"Not very strong",NA,"Republican | Not very strong",1,1,1,54,"woman","White","4yearColl","$120,001-$140,000",7,4,1,0,1,0,0,NA
"LU270wx",22,4,2,4,6,6,2,4.25,2,3,3,5,3,4,4,3,5,5,5,2,1,2,3,2,1,1,1,62,75,45,67,53,3,"Democrat","Strong",NA,NA,"Democrat | Strong",1,1,1,70,"man","White","4yearColl","$80,001-$100,000",5,4,1,1,0,1,0,"thanks"
"LT874rc",57,3.5,3,5,5,3,4,5.75,2.6,3,2,6,6,6,6,6,5,5,6,4,2,2,3,2,1,1,1,53,57,48,43,40,4,"Independent",NA,NA,"Closer to Republican","Independent | Closer to Republican",1,1,1,44,"woman","White","GED","$60,001-$80,000",4,2,1,0,0,0,1,NA
"JU013it",51,1,5,5,3,1,1,3.125,4.4,3,2,3,3,4,3,3,3,3,3,5,4,5,3,5,1,1,1,58,76,20,46,20,1,"Democrat","Not very strong",NA,NA,"Democrat | Not very strong",1,1,1,22,NA,"Asian","4yearColl","$0-$20,000",1,4,0,NA,0,1,0,NA
"SG569yq",32,2,3,4,5,3,1,5.25,3.2,6,2,5,5,5,5,6,5,6,5,3,4,3,2,4,2,2,2,75,100,30,50,38,1,"Democrat","Strong",NA,NA,"Democrat | Strong",1,1,1,27,"woman","White","4yearColl","$80,001-$100,000",5,4,1,0,0,1,0,NA
"PD633mq",19,1.5,2,2,6,1,2,6,3.8,8,3,6,6,6,6,6,6,6,6,5,5,3,3,3,3,2,3,80,85,50,90,60,2,"Democrat","Strong",NA,NA,"Democrat | Strong",1,1,1,62,"man","White","4yearColl","$60,001-$80,000",4,4,1,1,0,1,0,NA
"EE388ao",39,1.5,6,5,2,1,2,6.375,2,3,2,7,3,7,7,6,7,7,7,1,4,2,2,1,1,1,1,40,80,38,34,30,2,"Democrat","Strong",NA,NA,"Democrat | Strong",1,1,1,68,"man","White","4yearColl","$20,001-$40,000",2,4,1,1,0,1,0,NA
"AM861op",41,2.5,3,4,5,1,4,4.375,1.8,3,4,5,4,5,4,4,4,4,5,2,2,2,1,2,1,1,1,18,9,42,23,20,3,"Democrat","Strong",NA,NA,"Democrat | Strong",1,1,1,38,"woman","White","GED","$100,001-$120,000",6,2,1,0,0,1,0,NA
"RH266ol",37,4,3,4,5,3,5,4.5,4.8,6,3,5,4,5,4,4,4,5,5,6,5,5,3,5,2,2,2,64,71,45,76,51,4,"Independent",NA,NA,"Closer to Republican","Independent | Closer to Republican",1,1,1,41,"woman","White","2yearColl","$160,001-$180,000",9,3,1,0,0,0,1,NA
"FA867py",5,5.5,2,3,6,6,5,5.5,1.2,3,2,6,6,6,6,5,4,5,6,1,1,1,2,1,1,1,1,64,68,49,63,45,4,"Independent",NA,NA,"Neither","Independent | Neither",1,1,1,72,"woman","White","GED","$40,001-$60,000",3,2,1,0,0,0,1,NA
"YZ547zp",30,4.5,2,4,6,3,6,5.25,2.2,4,3,5,5,5,5,5,5,6,6,2,3,2,2,2,1,2,1,55,70,41,57,15,4,"Republican",NA,"Not very strong",NA,"Republican | Not very strong",1,1,1,45,"man","White","4yearColl","$80,001-$100,000",5,4,1,1,1,0,0,NA
"UL765dn",33,5,2,3,6,3,7,6.25,2.2,5,4,6,6,7,7,7,6,5,6,2,2,3,3,1,1,2,2,66,85,70,80,49,5,"Republican",NA,"Not very strong",NA,"Republican | Not very strong",1,1,1,42,"man","Native Hawaiian or Other Pacific Islander","GED","$40,001-$60,000",3,2,0,1,1,0,0,"No comments"
"CX641iw",40,1.5,3,5,5,2,1,6,2.2,6,5,6,6,6,6,6,6,6,6,2,2,2,3,2,2,2,2,4,90,5,60,11,4,"Independent",NA,NA,"Neither","Independent | Neither",1,1,1,38,"man","Black or African American","4yearColl","$40,001-$60,000",3,4,0,1,0,0,1,NA
"PM020ar",75,1,6,4,2,1,1,4.25,6.2,7,3,5,4,5,4,4,4,4,4,6,7,6,6,6,2,2,3,50,80,29,55,43,1,"Independent",NA,NA,"Closer to Democratic","Independent | Closer to Democratic",1,1,1,40,"woman","White","4yearColl","$40,001-$60,000",3,4,1,0,0,0,1,NA
"DI752fl",9,2,2,7,6,2,2,4.625,2,3,1,5,4,6,4,4,4,5,5,2,2,2,2,2,1,1,1,90,80,30,70,40,2,"Democrat","Strong",NA,NA,"Democrat | Strong",1,1,1,32,"man","multiracial","MA","$180,001-$200,000",10,5,0,1,0,1,0,NA
"ZT408ux",51,6.5,1,4,7,6,7,5.125,1.8,3,3,6,5,5,5,5,4,5,6,2,2,2,2,1,1,1,1,0,0,0,0,0,7,"Republican",NA,"Strong",NA,"Republican | Strong",1,1,1,72,"woman","White","GED","$20,001-$40,000",2,2,1,0,1,0,0,"no comment"
"NJ171jr",39,1,7,4,1,1,1,6.75,1.8,3,3,7,7,7,7,5,7,7,7,1,1,1,1,5,1,1,1,75,100,45,80,45,2,"Democrat","Not very strong",NA,NA,"Democrat | Not very strong",1,1,1,35,"man","White","GED","$60,001-$80,000",4,2,1,1,0,1,0,NA
"GL646jc",70,6.5,4,5,4,6,7,6,5.4,8,2.5,6,6,6,6,6,5,6,7,6,6,5,5,5,3,2,3,90,90,70,95,88,6,"Republican",NA,"Strong",NA,"Republican | Strong",1,1,1,23,"woman","White","4yearColl","$80,001-$100,000",5,4,1,0,1,0,0,"I do not have any additional comments."
"OM266mc",65,2,4,1,4,3,1,6.25,5.8,6,5,6,7,7,7,4,5,7,7,6,7,5,4,7,2,1,3,10,100,30,80,45,4,"Independent",NA,NA,"Neither","Independent | Neither",1,1,1,26,"woman","Black or African American","GED",NA,NA,2,0,0,0,0,1,NA
"OA505nw",9,1,1,1,7,1,1,7,1,3,5,7,7,7,7,7,7,7,7,1,1,1,1,1,1,1,1,18,91,24,28,37,2,"Democrat","Strong",NA,NA,"Democrat | Strong",1,1,1,25,"man","Black or African American","4yearColl","$80,001-$100,000",5,4,0,1,0,1,0,NA
"TZ033kn",8,5,5,3,3,4,6,4.25,3.6,5,5,4,4,4,5,4,4,4,5,4,3,3,4,4,2,1,2,40,78,59,50,55,5,"Independent",NA,NA,"Neither","Independent | Neither",1,1,1,38,"man","White","GED","$0-$20,000",1,2,1,1,0,0,1,"Thank you for the opportunity to participate in your study."
"TA798ne",0,3.5,4,5,4,5,2,6.875,1.2,3,3,7,7,7,7,7,6,7,7,2,1,1,1,1,1,1,1,64,67,41,68,45,3,"Democrat","Not very strong",NA,NA,"Democrat | Not very strong",1,1,1,28,"man","Black or African American","4yearColl","$80,001-$100,000",5,4,0,1,0,1,0,NA
"BO054gd",40,2,3,3,5,2,2,4.75,3.6,4,3.5,5,3,6,5,4,5,5,5,3,3,3,5,4,1,1,2,40,64,40,71,39,3,"Democrat","Not very strong",NA,NA,"Democrat | Not very strong",1,1,1,41,"man","multiracial","GED","$100,001-$120,000",6,2,0,1,0,1,0,"None."
"OE683ru",72,5.5,3,4,5,6,5,4.25,4.2,5,3.5,3,6,3,5,6,5,4,2,4,5,5,2,5,2,2,1,0,3,0,0,0,2,"Republican",NA,"Strong",NA,"Republican | Strong",1,1,1,29,"woman","White","MA","$20,001-$40,000",2,5,1,0,1,0,0,NA
"DN491fz",0,6.5,5,1,3,7,6,5,1.4,3,3,5,5,5,5,5,5,5,5,2,1,1,2,1,1,1,1,58,64,55,60,50,5,"Independent",NA,NA,"Closer to Republican","Independent | Closer to Republican",1,1,1,60,"man","White","GED","$60,001-$80,000",4,2,1,1,0,0,1,NA
"NC959lk",39,5.5,5,3,3,5,6,4.25,4,6,5,4,5,4,4,5,4,4,4,4,4,4,4,4,2,2,2,20,95,21,74,52,6,"Republican",NA,"Not very strong",NA,"Republican | Not very strong",1,1,1,54,"man","Black or African American","4yearColl","$0-$20,000",1,4,0,1,1,0,0,NA
"RL180ws",68,5.5,3,6,5,5,6,4.25,3.2,3,2.5,3,6,3,6,5,5,3,3,2,3,3,5,3,1,1,1,61,61,57,82,57,2,"Democrat","Strong",NA,NA,"Democrat | Strong",1,1,1,31,"woman","White","2yearColl","$20,001-$40,000",2,3,1,0,0,1,0,NA
"UZ354vo",66,3,5,3,3,3,3,6,5.8,9,2,6,6,6,6,6,6,6,6,6,6,6,5,6,3,3,3,58,65,40,50,50,4,"No preference",NA,NA,"Neither","Independent | Neither",1,1,1,37,"man","White","4yearColl","$100,001-$120,000",6,4,1,1,0,0,0,NA
"OO398bx",22,2.5,1,7,7,4,1,4.375,3.4,5,3,6,4,5,2,4,4,4,6,3,3,4,3,4,1,2,2,49,83,7,61,9,2,"Democrat","Strong",NA,NA,"Democrat | Strong",1,1,1,55,"woman","White","2yearColl","$80,001-$100,000",5,3,1,0,0,1,0,NA
"XC508ar",61,2,3,4,5,2,2,4.125,2,4,3,4,4,5,4,4,4,5,3,2,2,2,2,2,1,2,1,59,92,58,71,52,2,"Democrat","Strong",NA,NA,"Democrat | Strong",1,1,1,25,"woman","Hispanic, Latino, or Spanish origin","4yearColl","$80,001-$100,000",5,4,0,0,0,1,0,NA
"FE573ts",19,3,3,6,5,3,3,6.25,1.2,3,3,7,6,6,6,5,7,7,6,1,1,1,1,2,1,1,1,91,99,83,93,83,2,"Democrat","Not very strong",NA,NA,"Democrat | Not very strong",1,1,1,63,"woman","White","PHD","$40,001-$60,000",3,6,1,0,0,1,0,NA
"NP112xj",59,4.5,4,2,4,4,5,5.625,4.4,6,3,6,5,6,6,6,5,6,5,5,5,4,3,5,2,2,2,50,50,50,50,50,5,"Republican",NA,"Strong",NA,"Republican | Strong",1,1,1,29,"man","White","GED","$120,001-$140,000",7,2,1,1,1,0,0,NA
"SQ755zd",10,3,4,6,4,1,5,6.375,1.2,6,3,7,5,7,6,6,6,7,7,2,1,1,1,1,2,2,2,60,90,26,85,41,3,"Democrat","Strong",NA,NA,"Democrat | Strong",1,1,1,57,"woman","White","4yearColl","$80,001-$100,000",5,4,1,0,0,1,0,"thank you"
"MR693az",66,6,4,2,4,6,6,5,5,6,3,5,5,5,5,5,5,5,5,5,5,5,5,5,2,2,2,67,81,31,89,40,6,"Independent",NA,NA,"Neither","Independent | Neither",1,1,1,45,"man","White","4yearColl","$140,001-$160,000",8,4,1,1,0,0,1,NA
"FA237mv",80,1.5,5,3,3,2,1,4.75,5.6,8,5,5,4,5,5,4,5,5,5,6,6,6,4,6,3,2,3,30,55,35,50,35,1,"Democrat","Strong",NA,NA,"Democrat | Strong",1,1,1,38,"man","White","GED","$20,001-$40,000",2,2,1,1,0,1,0,NA
"OV256yx",41,3.5,4,5,4,4,3,5.375,5.2,6,5,6,5,5,5,5,5,6,6,6,6,5,4,5,2,2,2,29,85,32,38,36,3,"Democrat","Not very strong",NA,NA,"Democrat | Not very strong",1,1,1,47,"woman","Black or African American","4yearColl","$40,001-$60,000",3,4,0,0,0,1,0,NA
"EJ858mr",40,1,4,6,4,1,1,4.125,5.2,6,5,4,4,4,4,4,5,4,4,5,6,5,4,6,2,2,2,55,76,74,77,71,2,"Democrat","Not very strong",NA,NA,"Democrat | Not very strong",1,1,1,24,"man","Asian","GED","$60,001-$80,000",4,2,0,1,0,1,0,NA
"EX128kr",37,2.5,4,4,4,2,3,6.5,3.2,3,5,6,6,6,7,7,7,7,6,3,5,2,3,3,1,1,1,17,73,73,73,66,3,"Democrat","Strong",NA,NA,"Democrat | Strong",1,1,1,54,"woman","White","GED","$20,001-$40,000",2,2,1,0,0,1,0,NA
"BN882nq",61,1,6,6,2,1,1,5,4,4,3,6,1,7,6,2,5,7,6,4,4,5,2,5,1,1,2,70,99,63,84,53,1,"Democrat","Strong",NA,NA,"Democrat | Strong",1,1,1,64,"woman","Black or African American","MA","$160,001-$180,000",9,5,0,0,0,1,0,NA
"VU251fm",29,2.5,2,4,6,3,2,4,3.6,6,2,4,3,5,4,3,5,4,4,4,5,3,2,4,2,2,2,58,88,52,55,44,4,"Independent",NA,NA,"Closer to Democratic","Independent | Closer to Democratic",1,1,1,56,"woman","White","GED","$60,001-$80,000",4,2,1,0,0,0,1,NA
"KZ479wd",19,2,5,3,3,3,1,4.375,2.4,3,1,4,3,5,5,3,4,5,6,3,2,2,3,2,1,1,1,81,75,25,63,33,2,"Democrat","Strong",NA,NA,"Democrat | Strong",1,1,1,32,"woman","White","4yearColl","Over $200,000",11,4,1,0,0,1,0,NA
"AB945bw",70,3.5,3,5,5,4,3,6,4.2,3,4,6,6,6,6,6,6,6,6,5,5,4,4,3,1,1,1,40,80,40,50,40,4,"Democrat","Not very strong",NA,NA,"Democrat | Not very strong",1,1,1,28,"man","Asian","4yearColl","$60,001-$80,000",4,4,0,1,0,1,0,NA
"PK130cr",40,5.5,5,2,3,5,6,5.75,2.6,6,3,5,6,6,6,5,6,6,6,3,3,2,2,3,2,2,2,50,80,41,65,32,6,"Republican",NA,"Not very strong",NA,"Republican | Not very strong",1,1,1,64,"woman","White","GED","$80,001-$100,000",5,2,1,0,1,0,0,NA
"HN826cw",67,4,2,4,6,2,6,4.875,2.8,4,3,5,5,5,6,5,5,4,4,2,4,3,2,3,1,1,2,65,78,45,76,39,5,"Republican",NA,"Not very strong",NA,"Republican | Not very strong",1,1,1,48,"man","White","4yearColl","$80,001-$100,000",5,4,1,1,1,0,0,NA
"CJ672un",75,1,4,5,4,1,1,7,5.8,6,2,7,7,7,7,7,7,7,7,7,6,6,3,7,2,2,2,60,100,25,40,15,1,"Democrat","Strong",NA,NA,"Democrat | Strong",1,1,1,31,"man","White","GED","$0-$20,000",1,2,1,1,0,1,0,NA
"PQ399hu",85,1,2,5,6,1,1,4.75,5,6,2,5,3,6,6,5,3,5,5,5,6,5,3,6,2,2,2,45,80,33,38,30,1,"No preference",NA,NA,"Neither","Independent | Neither",1,1,1,24,NA,"White","4yearColl","$40,001-$60,000",3,4,1,NA,0,0,0,NA
"FS025in",74,4,5,2,3,4,4,4.5,3.8,4,5,5,3,5,5,5,3,5,5,3,5,5,3,3,2,1,1,46,56,50,65,48,5,"Republican",NA,"Not very strong",NA,"Republican | Not very strong",1,1,1,47,"woman","White","GED","$20,001-$40,000",2,2,1,0,1,0,0,NA
"RG160lx",13,1,6,4,2,1,1,5.25,3.8,4,1,6,5,6,5,5,4,5,6,5,3,4,3,4,1,1,2,80,78,34,71,28,2,"Democrat","Strong",NA,NA,"Democrat | Strong",1,1,1,33,"man","Asian","PHD","Over $200,000",11,6,0,1,0,1,0,NA
"MC489as",70,1,5,2,3,1,1,3.125,5.4,9,2,3,1,4,4,2,4,4,3,5,4,6,6,6,3,3,3,50,90,3,21,3,2,"Independent",NA,NA,"Neither","Independent | Neither",1,1,1,43,"woman","White","GED","$80,001-$100,000",5,2,1,0,0,0,1,"no"
"ZB237gn",60,3.5,3,5,5,3,4,4.625,4.2,6,1,5,5,5,5,5,4,5,3,3,5,5,3,5,2,2,2,71,69,32,65,65,5,"Independent",NA,NA,"Neither","Independent | Neither",1,1,1,42,"man","White","PHD","$100,001-$120,000",6,6,1,1,0,0,1,NA
"LN271lj",36,1.5,6,4,2,1,2,6.5,2.4,7,3,6,7,7,7,6,6,7,6,2,1,2,2,5,3,2,2,58,98,40,77,36,2,"Democrat","Not very strong",NA,NA,"Democrat | Not very strong",1,1,1,38,"woman","Black or African American","4yearColl","$80,001-$100,000",5,4,0,0,0,1,0,NA
"TS410vi",40,6.5,3,4,5,7,6,6,4.6,6,3,6,6,6,6,6,6,6,6,5,4,5,4,5,2,2,2,50,60,40,67,45,6,"Republican",NA,"Not very strong",NA,"Republican | Not very strong",1,1,1,40,"man","White","GED","$80,001-$100,000",5,2,1,1,1,0,0,NA
"WJ754ad",60,2,6,4,2,3,1,3.5,4,6,2.5,4,3,4,3,3,5,3,3,5,4,5,2,4,2,2,2,50,65,45,50,45,2,"Democrat","Not very strong",NA,NA,"Democrat | Not very strong",1,1,1,70,"woman","White","2yearColl","$40,001-$60,000",3,3,1,0,0,1,0,NA
"KX436ee",8,3,5,3,3,3,3,5.125,2,3,2,5,5,5,5,6,5,5,5,2,1,3,2,2,1,1,1,78,80,75,77,74,2,"Democrat","Strong",NA,NA,"Democrat | Strong",1,1,1,29,"man","White","PHD","$20,001-$40,000",2,6,1,1,0,1,0,NA
"WS092gf",65,7,2,1,6,7,7,3,4.8,6,5,3,3,3,3,3,3,3,3,6,4,5,3,6,2,2,2,30,71,50,70,50,7,"Republican",NA,"Strong",NA,"Republican | Strong",1,1,1,51,"man","White","GED","$40,001-$60,000",3,2,1,1,1,0,0,NA
"EL317py",90,3.5,3,5,5,5,2,5.25,5.8,6,4,6,5,5,6,5,5,5,5,5,7,5,6,6,2,2,2,40,90,60,80,20,4,"Independent",NA,NA,"Neither","Independent | Neither",1,1,1,30,"woman","White","2yearColl","$60,001-$80,000",4,3,1,0,0,0,1,NA
"KN367ny",76,3,5,2,3,3,3,5.125,5,9,4,5,5,5,5,5,5,6,5,6,5,3,5,6,3,3,3,30,80,45,49,15,4,"Independent",NA,NA,"Closer to Republican","Independent | Closer to Republican",1,1,1,59,"woman","White","GED","$20,001-$40,000",2,2,1,0,0,0,1,NA
"AE478un",25,2.5,2,5,6,3,2,4.75,2,4,3,5,5,4,5,5,4,5,5,2,2,2,2,2,1,2,1,70,80,65,75,65,3,"Democrat","Not very strong",NA,NA,"Democrat | Not very strong",1,1,1,27,"woman","White","MA","$80,001-$100,000",5,5,1,0,0,1,0,NA
"KH515sc",35,7,6,4,2,7,7,6,4.8,6,4,6,6,6,6,6,6,6,6,5,5,5,3,6,2,2,2,58,60,80,90,30,7,"Republican",NA,"Strong",NA,"Republican | Strong",1,1,1,44,"woman","White","4yearColl","$120,001-$140,000",7,4,1,0,1,0,0,"Thank you!"
"BF272pj",90,1,3,4,5,1,1,3,7,9,4,3,3,3,3,3,3,3,3,7,7,7,7,7,3,3,3,18,90,30,79,10,2,"Independent",NA,NA,"Closer to Democratic","Independent | Closer to Democratic",1,1,1,39,"woman","White","GED","$20,001-$40,000",2,2,1,0,0,0,1,NA
"AA876ir",34,5,5,4,3,4,6,4.5,3.8,4,3,4,4,6,6,5,4,4,3,4,5,3,3,4,2,1,1,67,97,44,82,47,6,"Republican",NA,"Strong",NA,"Republican | Strong",1,1,1,31,"woman","multiracial","4yearColl","$100,001-$120,000",6,4,0,0,1,0,0,NA
"UF281ri",60,3.5,4,3,4,3,4,4.75,2.2,6,3,5,5,5,5,4,4,5,5,3,2,2,2,2,2,2,2,69,78,35,70,46,4,"Independent",NA,NA,"Closer to Democratic","Independent | Closer to Democratic",1,1,1,36,"man","Asian",NA,NA,NA,NA,0,1,0,0,1,NA
"GT580ln",50,1.5,2,4,6,2,1,5.125,3.4,5,2,5,5,5,5,5,5,6,5,5,5,2,3,2,2,1,2,45,55,35,40,25,2,"Democrat","Strong",NA,NA,"Democrat | Strong",1,1,1,33,"man","White","GED","$40,001-$60,000",3,2,1,1,0,1,0,NA
"QL908ck",55,1,7,4,1,1,1,3.875,3.4,7,2,6,4,3,4,4,3,4,3,4,3,3,4,3,3,2,2,78,82,58,70,40,2,"Democrat","Strong",NA,NA,"Democrat | Strong",1,1,1,38,"woman","White","PHD","$120,001-$140,000",7,6,1,0,0,1,0,NA
"JK443uy",0,1,6,1,2,1,1,4.375,2.6,4,3.5,5,4,5,4,4,3,5,5,4,1,1,4,3,1,1,2,52,63,48,54,52,1,"Democrat","Strong",NA,NA,"Democrat | Strong",1,1,1,42,"man","White","4yearColl","$80,001-$100,000",5,4,1,1,0,1,0,NA
"NI831hm",22,4,3,6,5,2,6,5.625,2,4,2,5,6,6,6,5,5,6,6,2,1,2,3,2,1,1,2,33,53,8,28,30,5,"Independent",NA,NA,"Closer to Democratic","Independent | Closer to Democratic",1,1,1,48,"man","Hispanic, Latino, or Spanish origin","GED","$20,001-$40,000",2,2,0,1,0,0,1,"thank you"
"HU232ot",81,1,7,2,1,1,1,2.125,6,8,5,2,2,3,2,2,2,2,2,6,7,5,6,6,2,3,3,7,81,10,75,25,1,"Democrat","Strong",NA,NA,"Democrat | Strong",1,1,1,47,NA,"White","GED","$0-$20,000",1,2,1,NA,0,1,0,NA
"SH500wf",60,1.5,3,7,5,1,2,4.75,4,7,3,4,4,5,5,5,5,5,5,5,3,5,2,5,3,2,2,47,85,25,95,32,3,"Democrat","Strong",NA,NA,"Democrat | Strong",1,1,1,33,"man","Black or African American","GED","$40,001-$60,000",3,2,0,1,0,1,0,NA
"TW686be",7,3,5,5,3,3,3,4,3.2,5,3,3,3,4,4,3,5,5,5,2,2,4,3,5,2,1,2,0,0,0,0,0,4,"Independent",NA,NA,"Closer to Democratic","Independent | Closer to Democratic",1,1,1,57,"man","White","2yearColl","$80,001-$100,000",5,3,1,1,0,0,1,NA
"II863yl",65,6,3,1,5,6,6,5,2.4,5,3,6,5,6,5,5,5,5,3,2,2,4,2,2,2,2,1,50,53,46,76,22,6,"Republican",NA,"Strong",NA,"Republican | Strong",1,1,1,47,"woman","White","2yearColl","$60,001-$80,000",4,3,1,0,1,0,0,NA
"RT504xx",40,2.5,4,4,4,3,2,3.875,3,5,3,5,2,6,5,1,2,5,5,5,2,3,2,3,1,2,2,51,80,44,66,24,2,"Democrat","Strong",NA,NA,"Democrat | Strong",1,1,1,58,"woman","White","4yearColl","$20,001-$40,000",2,4,1,0,0,1,0,NA
"TO376qt",79,2,5,7,3,2,2,5,5.8,8,4,5,5,5,5,5,5,5,5,6,6,6,5,6,3,2,3,14,0,48,42,37,4,"Democrat","Not very strong",NA,NA,"Democrat | Not very strong",1,1,1,51,"woman","White","GED","$0-$20,000",1,2,1,0,0,1,0,NA
"YD435yn",22,3,3,4,5,3,3,5.625,1.8,3,2,6,5,6,6,5,5,6,6,2,2,2,2,1,1,1,1,49,46,44,55,43,3,"Democrat","Strong",NA,NA,"Democrat | Strong",1,1,1,35,"man","White","GED","$40,001-$60,000",3,2,1,1,0,1,0,NA
"UH601hj",30,3.5,3,3,5,2,5,4.875,2.4,4,2,5,5,4,5,5,5,5,5,3,2,2,3,2,1,2,1,75,80,60,70,40,5,"Republican",NA,"Not very strong",NA,"Republican | Not very strong",1,1,1,30,"man","White","4yearColl","$80,001-$100,000",5,4,1,1,1,0,0,NA
"MQ111jh",3,6,3,4,5,5,7,7,4.4,5,3,7,7,7,7,7,7,7,7,5,4,6,2,5,2,1,2,79,90,76,87,78,6,"Republican",NA,"Strong",NA,"Republican | Strong",1,1,1,42,"man","Asian","GED","$40,001-$60,000",3,2,0,1,1,0,0,"Thank you so much for having me for this study"
"GY198vi",40,7,1,7,7,7,7,5.625,1.2,3,1.5,6,6,6,6,5,5,6,5,1,1,1,2,1,1,1,1,100,100,80,90,85,6,"Republican",NA,"Strong",NA,"Republican | Strong",1,1,1,41,"man","White","4yearColl","$60,001-$80,000",4,4,1,1,1,0,0,NA
"JF277yr",63,5.5,1,3,7,4,7,4.375,5.2,4,4,3,6,5,6,5,4,3,3,6,6,6,2,6,1,1,2,40,80,52,67,32,6,"Republican",NA,"Strong",NA,"Republican | Strong",1,1,1,27,"woman","White","2yearColl","$80,001-$100,000",5,3,1,0,1,0,0,"N/A"
"CR669nm",20,5.5,5,4,3,6,5,5.375,3.6,6,3,5,7,5,7,6,6,5,2,3,3,6,2,4,2,2,2,48,93,21,51,42,4,"Republican",NA,"Not very strong",NA,"Republican | Not very strong",1,1,1,24,"man","White","4yearColl","$40,001-$60,000",3,4,1,1,1,0,0,"no"
"WN486xy",1,7,1,7,7,7,7,4.25,1.6,5,3,7,3,1,6,4,6,6,1,2,2,1,2,1,2,1,2,0,0,0,0,0,6,"Republican",NA,"Strong",NA,"Republican | Strong",1,1,1,69,"man","White","4yearColl","$40,001-$60,000",3,4,1,1,1,0,0,"nice"
"WM601mr",52,6,2,3,6,5,7,4.5,4.8,6,4.5,4,4,6,4,3,5,6,4,4,5,5,4,6,2,2,2,42,82,42,82,55,6,"Independent",NA,NA,"Neither","Independent | Neither",1,1,1,68,"man","White","MA","$40,001-$60,000",3,5,1,1,0,0,1,NA
"WA248ss",8,1,1,5,7,1,1,5.125,2,4,2,5,6,5,5,5,5,5,5,2,2,2,2,2,1,2,1,74,82,72,69,70,2,"Democrat","Strong",NA,NA,"Democrat | Strong",1,1,1,44,"man","Black or African American","MA","$160,001-$180,000",9,5,0,1,0,1,0,"thank you for the study!"
"GM112zb",11,7,2,4,6,7,7,5.375,1.8,3,3,6,5,6,5,4,6,6,5,1,2,2,2,2,1,1,1,0,0,0,0,0,6,"Independent",NA,NA,"Closer to Republican","Independent | Closer to Republican",1,1,1,34,"man","White","GED","$100,001-$120,000",6,2,1,1,0,0,1,NA
"UV494un",37,5.5,3,4,5,5,6,4.625,3.2,5,4.5,4,5,4,5,6,4,4,5,4,3,2,3,4,1,2,2,0,0,73,56,67,5,"Independent",NA,NA,"Neither","Independent | Neither",1,1,1,34,"man","White","4yearColl","$60,001-$80,000",4,4,1,1,0,0,1,NA
"SD772uh",30,2,5,5,3,2,2,5.125,2,6,3,5,5,5,5,5,5,6,5,2,2,2,2,2,2,2,2,70,90,0,80,41,1,"Democrat","Strong",NA,NA,"Democrat | Strong",1,1,1,61,"woman","White","MA",NA,NA,5,1,0,0,1,0,NA
"IX230nz",81,1,5,5,3,1,1,2.125,5.6,9,2,2,2,2,2,3,2,2,2,6,6,5,5,6,3,3,3,8,89,3,3,2,1,"Democrat","Strong",NA,NA,"Democrat | Strong",1,1,1,28,"woman","White","GED","$20,001-$40,000",2,2,1,0,0,1,0,NA
"HP981lp",26,3,5,1,3,1,5,5.875,1.8,4,2,6,7,5,6,6,6,6,5,2,2,2,1,2,1,2,1,85,97,70,75,79,6,"Republican",NA,"Not very strong",NA,"Republican | Not very strong",1,1,1,34,"woman","White","4yearColl","$40,001-$60,000",3,4,1,0,1,0,0,"Thank you for consideration"
"ZB982st",40,2,5,6,3,3,1,6,2,3,1,6,6,6,6,6,6,6,6,2,2,2,2,2,1,1,1,65,0,0,32,26,4,"Democrat","Strong",NA,NA,"Democrat | Strong",1,1,1,63,"woman","White","MA","$120,001-$140,000",7,5,1,0,0,1,0,"Engaging experience. Thank you so much."
"QP873nx",45,4.5,6,3,2,5,4,5.5,3.4,3,2,6,5,6,5,6,6,5,5,4,4,3,3,3,1,1,1,60,50,25,75,40,4,"Independent",NA,NA,"Closer to Republican","Independent | Closer to Republican",1,1,1,61,"woman","White","GED","Over $200,000",11,2,1,0,0,0,1,NA
"ZH449kn",58,3.5,3,2,5,3,4,5.75,3.2,6,3,6,6,6,6,4,6,6,6,4,4,3,2,3,2,2,2,62,75,28,69,38,3,"Independent",NA,NA,"Closer to Democratic","Independent | Closer to Democratic",1,1,1,32,"woman","White","4yearColl","$140,001-$160,000",8,4,1,0,0,0,1,NA
"GT109lq",50,1,6,2,2,1,1,3.625,6,9,3.5,5,1,5,4,3,2,4,5,7,7,6,4,6,3,3,3,15,100,15,20,10,1,"Democrat","Strong",NA,NA,"Democrat | Strong",1,1,1,41,"man","Black or African American","GED","$20,001-$40,000",2,2,0,1,0,1,0,NA
"ID898mi",7,3,3,6,5,4,2,6,2.8,6,2,6,6,6,6,6,6,6,6,2,2,2,6,2,2,2,2,57,88,22,43,38,4,"Independent",NA,NA,"Neither","Independent | Neither",1,1,1,68,"woman","White","4yearColl","$60,001-$80,000",4,4,1,0,0,0,1,NA
"PL263gg",40,1,7,4,1,1,1,5,2.2,3,2,5,5,5,5,5,5,5,5,2,2,2,3,2,1,1,1,71,79,49,62,32,2,"Independent",NA,NA,"Closer to Democratic","Independent | Closer to Democratic",1,1,1,60,"man","White","4yearColl","$120,001-$140,000",7,4,1,1,0,0,1,NA
"IF361nt",30,6.5,1,6,7,6,7,5,2,3,2,2,6,2,6,6,6,6,6,2,2,2,2,2,1,1,1,50,80,21,44,33,6,"Republican",NA,"Not very strong",NA,"Republican | Not very strong",1,1,1,36,"woman","White","MA","$100,001-$120,000",6,5,1,0,1,0,0,NA
"MU847wl",75,1,6,4,2,1,1,5.75,4.4,4,4,6,6,5,6,6,5,6,6,3,5,4,5,5,1,2,1,32,59,29,47,34,2,"Democrat","Strong",NA,NA,"Democrat | Strong",1,1,1,37,"man","White","2yearColl","$20,001-$40,000",2,3,1,1,0,1,0,NA
"WB879ve",6,7,2,3,6,7,7,5.625,2,3,3,5,5,6,6,6,5,6,6,2,1,2,2,3,1,1,1,48,53,43,62,41,7,"Republican",NA,"Strong",NA,"Republican | Strong",1,1,1,74,"man","White","MA","$60,001-$80,000",4,5,1,1,1,0,0,"I was at one time a liberal, but not any more."
"DH013dp",66,4.5,4,5,4,5,4,3.75,2.8,7,2,3,5,4,6,3,4,2,3,2,4,3,2,3,3,2,2,72,85,57,61,48,7,"Republican",NA,"Strong",NA,"Republican | Strong",1,1,1,29,"man","White","4yearColl","$20,001-$40,000",2,4,1,1,1,0,0,"None"
"IP811jt",75,2,5,3,3,3,1,5.125,4.2,7,2,5,5,5,5,5,5,5,6,5,5,3,3,5,2,2,3,74,100,55,65,70,3,"Independent",NA,NA,"Closer to Democratic","Independent | Closer to Democratic",1,1,1,41,"man","multiracial","GED","$80,001-$100,000",5,2,0,1,0,0,1,NA
"ZH345ms",25,1.5,2,6,6,2,1,2.5,2.2,3,2,3,2,3,2,2,2,3,3,2,2,2,3,2,1,1,1,70,80,25,40,30,2,"Democrat","Strong",NA,NA,"Democrat | Strong",1,1,1,58,"man","White","2yearColl","$80,001-$100,000",5,3,1,1,0,1,0,NA
"MX911nk",100,1,7,3,1,1,1,3,6.2,8,4,3,3,3,3,3,3,3,3,7,6,7,6,5,2,3,3,23,89,15,50,33,1,"Democrat","Strong",NA,NA,"Democrat | Strong",1,1,1,30,"woman","multiracial","4yearColl","$20,001-$40,000",2,4,0,0,0,1,0,NA
"HL864xd",20,3,7,4,1,3,3,4.625,5,5,1,5,4,4,4,5,5,5,5,5,5,5,5,5,1,2,2,60,50,20,0,18,4,"Independent",NA,NA,"Closer to Democratic","Independent | Closer to Democratic",1,1,1,28,"woman","White","4yearColl","$100,001-$120,000",6,4,1,0,0,0,1,NA
"VL059dh",39,5,3,5,5,5,5,4,2.8,4,3,3,5,2,6,5,5,2,4,2,2,2,2,6,1,1,2,75,95,83,69,71,6,"Republican",NA,"Strong",NA,"Republican | Strong",1,1,1,30,"man","multiracial","4yearColl","$80,001-$100,000",5,4,0,1,1,0,0,"No comments"
"TX245vm",80,5.5,4,4,4,5,6,5,6,9,4.5,5,5,5,5,5,5,5,5,7,6,5,7,5,3,3,3,40,40,80,45,70,6,"Republican",NA,"Strong",NA,"Republican | Strong",1,1,1,28,"man","White","4yearColl","$60,001-$80,000",4,4,1,1,1,0,0,"Hope you have a wonderful day! :)"
"SL537vc",10,7,5,1,3,7,7,5.375,1.2,4,2,6,6,6,2,6,5,6,6,1,1,1,2,1,2,1,1,59,51,49,85,40,6,"Republican",NA,"Not very strong",NA,"Republican | Not very strong",1,1,1,45,"man","Asian","4yearColl","$160,001-$180,000",9,4,0,1,1,0,0,NA
"SI999di",55,3.5,5,3,3,3,4,6.25,2,6,3,7,6,6,6,6,6,7,6,2,2,2,2,2,2,2,2,50,75,30,75,45,4,"Independent",NA,NA,"Neither","Independent | Neither",1,1,1,29,"man","Asian","4yearColl","$40,001-$60,000",3,4,0,1,0,0,1,NA
"SR521xm",16,4.5,1,4,7,4,5,5.5,4.2,6,3,6,6,6,6,7,6,5,2,5,4,4,4,4,2,2,2,94,98,65,96,76,5,"Independent",NA,NA,"Closer to Republican","Independent | Closer to Republican",1,1,1,47,"woman","Black or African American","2yearColl","$80,001-$100,000",5,3,0,0,0,0,1,NA
"KD124rz",15,4,1,7,7,1,7,5,2,3,1.5,6,6,6,6,6,6,2,2,2,2,2,2,2,1,1,1,100,100,62,48,61,2,"Republican",NA,"Not very strong",NA,"Republican | Not very strong",1,1,1,71,"woman","White","PHD","$120,001-$140,000",7,6,1,0,1,0,0,NA
"CH765dl",100,1,7,7,1,1,1,3.5,6.2,9,3,2,2,7,5,2,2,6,2,7,7,7,6,4,3,3,3,29,38,23,34,22,1,"Independent",NA,NA,"Closer to Democratic","Independent | Closer to Democratic",1,1,1,23,"man","White","4yearColl","$60,001-$80,000",4,4,1,1,0,0,1,NA
"EG735ja",40,1,1,7,7,1,1,3,1.8,3,2,3,3,3,3,3,3,3,3,2,1,2,2,2,1,1,1,60,90,50,30,15,2,"Democrat","Strong",NA,NA,"Democrat | Strong",1,1,1,53,"woman","Black or African American","4yearColl","$140,001-$160,000",8,4,0,0,0,1,0,NA
"KF793yu",27,3.5,5,3,3,4,3,5.25,4.4,6,1,6,6,6,6,5,5,3,5,5,4,5,3,5,2,2,2,55,52,52,52,52,4,"Independent",NA,NA,"Neither","Independent | Neither",1,1,1,33,"man","White","4yearColl","$60,001-$80,000",4,4,1,1,0,0,1,"no"
"XE676js",32,3,2,5,6,3,3,5.5,4.2,6,3,5,6,5,6,6,6,5,5,2,5,5,3,6,2,2,2,30,72,16,46,27,3,"Democrat","Strong",NA,NA,"Democrat | Strong",1,1,1,47,"man","White","4yearColl","$40,001-$60,000",3,4,1,1,0,1,0,NA
"XQ301od",32,1,6,2,2,1,1,4.375,2,3,2.5,4,4,5,4,4,4,5,5,2,2,2,2,2,1,1,1,75,75,68,89,21,4,"Independent",NA,NA,"Closer to Democratic","Independent | Closer to Democratic",1,1,1,47,"woman","White","4yearColl","$140,001-$160,000",8,4,1,0,0,0,1,NA
"RN170et",65,3.5,4,3,4,3,4,3.875,4.2,6,3,4,3,5,3,4,3,5,4,5,4,4,3,5,2,2,2,65,75,60,75,60,3,"Independent",NA,NA,"Neither","Independent | Neither",1,1,1,45,"man","White","4yearColl","$60,001-$80,000",4,4,1,1,0,0,1,NA
"SP484yf",11,4,2,6,6,2,6,6,2,3,1,6,6,6,6,6,6,6,6,2,2,2,2,2,1,1,1,85,84,50,41,43,6,"Republican",NA,"Strong",NA,"Republican | Strong",1,1,1,70,"woman","White","MA","$60,001-$80,000",4,5,1,0,1,0,0,"none"
"BL052jo",61,4,5,1,3,3,5,2.625,5.2,4,4,3,2,3,2,2,3,3,3,6,6,5,4,5,1,2,1,47,68,33,67,49,5,"Independent",NA,NA,"Closer to Republican","Independent | Closer to Republican",1,1,1,30,"man","Asian","4yearColl","$60,001-$80,000",4,4,0,1,0,0,1,NA
"MT795fo",38,3,4,5,4,4,2,3.125,2.6,6,1,3,3,3,3,4,3,3,3,2,2,3,3,3,2,2,2,7,0,0,0,0,4,"Democrat","Strong",NA,NA,"Democrat | Strong",1,1,1,46,"woman","White","2yearColl","$60,001-$80,000",4,3,1,0,0,1,0,"none"
"GE534cy",20,4.5,3,4,5,4,5,4,5.6,4,3.5,4,3,4,4,4,4,5,4,6,4,6,6,6,1,1,2,50,50,50,60,50,6,"Republican",NA,"Not very strong",NA,"Republican | Not very strong",1,1,1,52,"woman","White","4yearColl","Over $200,000",11,4,1,0,1,0,0,NA
"KE691dd",82,5,5,5,3,4,6,5.875,5.6,9,4,6,5,6,6,6,6,7,5,7,7,3,7,4,3,3,3,40,72,13,88,60,5,"Independent",NA,NA,"Closer to Republican","Independent | Closer to Republican",1,1,1,32,"woman","White","GED","$20,001-$40,000",2,2,1,0,0,0,1,"none"
"WX680nt",5,1,4,5,4,1,1,3.125,3.2,4,3,3,4,3,3,3,3,4,2,4,4,2,2,4,1,2,1,28,85,25,57,8,1,"Democrat","Strong",NA,NA,"Democrat | Strong",1,1,1,51,"woman","American Indian or Alaska Native","GED","$20,001-$40,000",2,2,0,0,0,1,0,NA
"VI043tt",57,2,3,5,5,2,2,5.25,4.6,6,3,6,5,6,5,5,5,6,4,3,6,5,3,6,1,3,2,64,83,48,83,51,2,"Democrat","Strong",NA,NA,"Democrat | Strong",1,1,1,48,"woman","White","PHD","$100,001-$120,000",6,6,1,0,0,1,0,NA
"SC790od",25,4.5,2,6,6,2,7,6.125,2.2,3,3,6,7,6,6,6,6,6,6,2,2,2,2,3,1,1,1,66,78,53,69,50,6,"Republican",NA,"Strong",NA,"Republican | Strong",1,1,1,53,"man","Black or African American","MA","$60,001-$80,000",4,5,0,1,1,0,0,NA
"KD515qi",51,5.5,4,2,4,6,5,5.5,3,5,4,7,5,6,5,5,5,4,7,5,2,3,3,2,2,1,2,52,54,52,52,55,6,"Independent",NA,NA,"Neither","Independent | Neither",1,1,1,49,"woman","White","4yearColl","$20,001-$40,000",2,4,1,0,0,0,1,"Jesus died for our sins because He loves us."
"DP759xd",5,1,1,4,7,1,1,5,2,3,2,5,5,6,5,4,5,5,5,4,1,1,2,2,1,1,1,71,90,45,50,40,2,"Independent",NA,NA,"Closer to Democratic","Independent | Closer to Democratic",1,1,1,48,"woman","White","4yearColl","$120,001-$140,000",7,4,1,0,0,0,1,NA
"HV531tr",26,6.5,5,2,3,6,7,5.5,2.2,3,3,5,6,5,6,5,6,5,6,3,2,2,2,2,1,1,1,60,81,48,72,57,6,"Republican",NA,"Not very strong",NA,"Republican | Not very strong",1,1,1,44,"man","White","4yearColl","$160,001-$180,000",9,4,1,1,1,0,0,NA
"LU569hs",17,6,3,6,5,6,6,5.625,2.2,3,1,5,7,5,6,6,6,6,4,2,1,3,2,3,1,1,1,100,89,80,71,59,6,"Republican",NA,"Not very strong",NA,"Republican | Not very strong",1,1,1,34,"woman","White","PHD","$80,001-$100,000",5,6,1,0,1,0,0,"N/A"
"IW961et",69,1.5,2,5,6,1,2,5.375,3.8,3,3,5,5,6,5,5,6,6,5,5,4,4,2,4,1,1,1,65,86,58,73,64,4,"Independent",NA,NA,"Closer to Democratic","Independent | Closer to Democratic",1,1,1,28,"man","White","2yearColl","$40,001-$60,000",3,3,1,1,0,0,1,NA
"XC118re",60,1,7,4,1,1,1,4.875,5.2,5,2,6,4,7,4,4,1,6,7,5,7,5,3,6,1,2,2,70,95,32,64,7,1,"Democrat","Strong",NA,NA,"Democrat | Strong",1,1,1,51,"woman","White","4yearColl","$60,001-$80,000",4,4,1,0,0,1,0,NA
"PX675gt",15,6,2,3,6,7,5,6.375,1.2,3,4,7,6,7,6,6,5,7,7,1,1,1,2,1,1,1,1,54,89,71,62,43,6,"Republican",NA,"Strong",NA,"Republican | Strong",1,1,1,63,"woman","White","MA","$20,001-$40,000",2,5,1,0,1,0,0,"n/a"
"IG896hy",59,5,3,1,5,5,5,5,4.6,6,3,3,5,6,5,5,5,5,6,5,4,5,4,5,2,2,2,73,78,29,86,13,5,"Republican",NA,"Not very strong",NA,"Republican | Not very strong",1,1,1,57,"woman","White","PHD","$100,001-$120,000",6,6,1,0,1,0,0,NA
"KA250qx",30,1.5,5,4,3,2,1,5.375,2.8,3,2,6,5,6,6,5,5,5,5,3,2,3,3,3,1,1,1,66,71,41,62,43,2,"Democrat","Strong",NA,NA,"Democrat | Strong",1,1,1,39,"woman","White","GED","$80,001-$100,000",5,2,1,0,0,1,0,NA
"SY411nq",24,1,7,4,1,1,1,5,3.8,4,2,4,6,5,5,5,5,5,5,4,4,4,3,4,1,1,2,65,80,59,62,63,2,"Democrat","Strong",NA,NA,"Democrat | Strong",1,1,1,47,"man","White","GED","$0-$20,000",1,2,1,1,0,1,0,NA
"HR953hi",24,3,5,3,3,4,2,5.75,2.6,6,1,6,6,6,6,6,5,6,5,2,3,2,3,3,2,2,2,76,70,55,72,64,5,"Republican",NA,"Not very strong",NA,"Republican | Not very strong",1,1,1,36,"man","Black or African American","4yearColl","$80,001-$100,000",5,4,0,1,1,0,0,NA
"QF398tx",65,1.5,4,5,4,1,2,2.5,3.8,4,2,3,2,3,2,2,3,3,2,3,4,5,2,5,1,2,1,70,85,15,40,12,2,"Democrat","Strong",NA,NA,"Democrat | Strong",1,1,1,56,"woman","White","4yearColl","$140,001-$160,000",8,4,1,0,0,1,0,NA
"KP715ij",27,5,2,4,6,5,5,4.25,4.2,5,3,4,5,4,5,5,4,3,4,4,5,3,4,5,1,2,2,0,0,0,0,0,2,"Republican",NA,"Strong",NA,"Republican | Strong",1,1,1,38,"woman","White","MA","$20,001-$40,000",2,5,1,0,1,0,0,NA
"OC135rn",81,5.5,5,4,3,4,7,4.375,5.2,6,2,5,5,3,5,4,4,4,5,5,6,6,4,5,2,2,2,73,91,13,48,41,7,"Republican",NA,"Strong",NA,"Republican | Strong",1,1,1,29,"woman","White","GED","$40,001-$60,000",3,2,1,0,1,0,0,"awesome job!"
"DC417me",7,1.5,3,4,5,2,1,4.5,1.6,4,2,5,4,6,5,3,4,5,4,1,1,2,1,3,2,1,1,82,86,72,70,64,2,"Democrat","Strong",NA,NA,"Democrat | Strong",1,1,1,72,"woman","White","MA","$80,001-$100,000",5,5,1,0,0,1,0,"None at this time"
"YQ897vi",62,4.5,5,5,3,4,5,5.125,5,4,4,6,5,5,5,6,5,5,4,6,4,5,5,5,1,1,2,46,50,53,63,42,5,"Independent",NA,NA,"Neither","Independent | Neither",1,1,1,51,"woman","White","GED","$40,001-$60,000",3,2,1,0,0,0,1,"I have done 4 years college but no degree yet"
"XN412wk",100,1,7,6,1,1,1,1.75,5,6,2,2,1,2,1,1,3,2,2,3,6,5,4,7,2,2,2,30,85,15,20,18,1,"Independent",NA,NA,"Closer to Democratic","Independent | Closer to Democratic",1,1,1,44,"man","White","GED","$0-$20,000",1,2,1,1,0,0,1,NA
"IO848rz",70,1,5,5,3,1,1,3,4.8,6,3.5,3,3,3,3,3,3,3,3,5,5,5,4,5,2,2,2,45,75,29,65,45,1,"Independent",NA,NA,"Closer to Democratic","Independent | Closer to Democratic",1,1,1,42,"man","White","GED","$20,001-$40,000",2,2,1,1,0,0,1,NA
"BM434wg",40,1,4,5,4,1,1,5.25,1.2,3,2,6,5,5,6,5,5,5,5,1,1,1,2,1,1,1,1,60,80,50,54,35,1,"Democrat","Strong",NA,NA,"Democrat | Strong",1,1,1,24,"woman","Black or African American","2yearColl","$100,001-$120,000",6,3,0,0,0,1,0,NA
"PU323fe",0,3,3,1,5,3,3,6.25,1,3,1.5,7,5,7,6,5,6,7,7,1,1,1,1,1,1,1,1,80,80,50,75,50,2,"Democrat","Strong",NA,NA,"Democrat | Strong",1,1,1,82,"man","White","MA","$40,001-$60,000",3,5,1,1,0,1,0,"no comments"
"KI619ux",80,2,3,3,5,2,2,5,3.8,3,3,5,3,7,6,3,6,5,5,3,5,5,2,4,1,1,1,35,90,25,75,30,2,"Independent",NA,NA,"Closer to Democratic","Independent | Closer to Democratic",1,1,1,36,"man","White","GED","$0-$20,000",1,2,1,1,0,0,1,NA
"IB763ti",80,1.5,2,4,6,2,1,4,5.8,9,5,4,4,4,4,4,4,4,4,6,6,6,5,6,3,3,3,20,90,50,28,53,3,"Democrat","Not very strong",NA,NA,"Democrat | Not very strong",1,1,1,47,"man","White","4yearColl","$40,001-$60,000",3,4,1,1,0,1,0,"none"
"LW778ko",82,5.5,6,3,2,4,7,5.5,4,9,2,6,5,6,5,5,5,6,6,5,5,5,2,3,3,3,3,50,50,38,50,45,6,"Independent",NA,NA,"Closer to Republican","Independent | Closer to Republican",1,1,1,34,"woman","multiracial","GED","$0-$20,000",1,2,0,0,0,0,1,NA
"WV056ml",30,4,2,4,6,7,1,5.375,3.6,5,4.5,4,6,4,6,5,7,6,5,5,4,3,3,3,1,2,2,65,100,80,87,65,4,"Independent",NA,NA,"Neither","Independent | Neither",1,1,1,37,"man","Black or African American","2yearColl","$60,001-$80,000",4,3,0,1,0,0,1,NA
"LF317fp",69,2.5,6,3,2,3,2,6.375,6.6,3,5,6,7,6,7,7,7,5,6,7,6,7,6,7,1,1,1,19,48,22,24,20,3,"Independent",NA,NA,"Closer to Democratic","Independent | Closer to Democratic",1,1,1,44,"woman","White","GED","$0-$20,000",1,2,1,0,0,0,1,NA
"JY194hc",20,6,6,2,2,7,5,6.25,2,3,3,6,6,7,6,6,6,7,6,2,2,2,2,2,1,1,1,80,80,80,80,80,4,"Independent",NA,NA,"Neither","Independent | Neither",1,1,1,65,"man","multiracial","4yearColl","$20,001-$40,000",2,4,0,1,0,0,1,NA
"WH828ss",66,1,7,4,1,1,1,4.25,3.6,6,3,5,2,6,4,4,5,4,4,4,2,4,3,5,2,2,2,50,71,28,75,33,1,"Democrat","Strong",NA,NA,"Democrat | Strong",1,1,1,41,"woman","White","GED","$60,001-$80,000",4,2,1,0,0,1,0,NA
"EI256ow",25,6,2,2,6,6,6,5,3.8,4,5,5,5,5,5,5,5,5,5,5,3,4,3,4,1,2,1,32,68,67,46,65,6,"Independent",NA,NA,"Closer to Republican","Independent | Closer to Republican",1,1,1,62,"man","White","GED","$20,001-$40,000",2,2,1,1,0,0,1,"All good"
"QV787ly",20,6,3,5,5,5,7,4,1.6,3,1,2,6,2,6,5,6,3,2,1,2,2,1,2,1,1,1,89,83,26,40,35,7,"Republican",NA,"Strong",NA,"Republican | Strong",1,1,1,50,"man","White","MA","Over $200,000",11,5,1,1,1,0,0,NA
"YK940nv",30,1.5,5,3,3,2,1,5.625,1,3,3,7,5,6,5,5,5,7,5,1,1,1,1,1,1,1,1,80,96,60,88,30,2,"Independent",NA,NA,"Closer to Democratic","Independent | Closer to Democratic",1,1,1,49,"man","multiracial","GED","$20,001-$40,000",2,2,0,1,0,0,1,NA
"HW396gv",79,4.5,2,5,6,4,5,4.5,3.2,5,3,5,5,3,6,4,4,4,5,3,4,3,4,2,2,1,2,0,0,0,0,0,6,"Republican",NA,"Not very strong",NA,"Republican | Not very strong",1,1,1,33,"man","White","MA","$100,001-$120,000",6,5,1,1,1,0,0,NA
"MA942ly",60,3.5,4,2,4,5,2,4.375,4.8,6,2,3,5,3,6,5,5,5,3,5,5,5,3,6,2,2,2,62,83,50,40,40,5,"Republican",NA,"Not very strong",NA,"Republican | Not very strong",1,1,1,28,"man","Black or African American","4yearColl","$100,001-$120,000",6,4,0,1,1,0,0,NA
"MZ598oe",30,1,3,6,5,1,1,3.75,6.6,7,5,6,3,6,2,3,4,3,3,7,6,7,7,6,3,1,3,10,61,20,40,22,2,"Independent",NA,NA,"Closer to Democratic","Independent | Closer to Democratic",1,1,1,30,"man","Black or African American","GED","$40,001-$60,000",3,2,0,1,0,0,1,NA
"DN851rk",80,2,3,4,5,2,2,5.125,6,9,5,5,5,5,5,5,5,5,6,6,6,6,6,6,3,3,3,7,86,21,18,19,3,"Independent",NA,NA,"Closer to Democratic","Independent | Closer to Democratic",1,1,1,21,"woman","White","2yearColl","$20,001-$40,000",2,3,1,0,0,0,1,NA
"RZ845hh",20,3,5,3,3,3,3,6,1.8,3,2,6,6,6,6,6,6,6,6,1,3,2,1,2,1,1,1,81,87,57,79,63,4,"Republican",NA,"Not very strong",NA,"Republican | Not very strong",1,1,1,38,"man","White","4yearColl","$120,001-$140,000",7,4,1,1,1,0,0,"None"
"AE751gy",83,1,6,5,2,1,1,4.5,5.8,7,4,4,4,5,5,5,4,4,5,6,6,6,5,6,2,2,3,18,100,33,44,14,1,"Democrat","Strong",NA,NA,"Democrat | Strong",1,1,1,39,NA,"Asian","2yearColl","$20,001-$40,000",2,3,0,NA,0,1,0,NA
"IC939vy",20,5.5,5,6,3,4,7,7,3.4,6,3,7,7,7,7,7,7,7,7,3,2,5,2,5,2,2,2,76,81,71,100,53,7,"Republican",NA,"Strong",NA,"Republican | Strong",1,1,1,32,"woman","White","GED","$20,001-$40,000",2,2,1,0,1,0,0,NA
"XE974gj",5,6.5,3,3,5,7,6,7,1,3,3,7,7,7,7,7,7,7,7,1,1,1,1,1,1,1,1,83,85,60,90,75,5,"Republican",NA,"Not very strong",NA,"Republican | Not very strong",1,1,1,36,"man","White","4yearColl","$60,001-$80,000",4,4,1,1,1,0,0,NA
"NG337eq",30,4,4,3,4,4,4,5.5,4,4,4,5,6,5,5,5,6,6,6,5,5,3,2,5,1,1,2,73,95,76,80,70,4,"Independent",NA,NA,"Neither","Independent | Neither",1,1,1,59,"man","White","GED","$100,001-$120,000",6,2,1,1,0,0,1,NA
"IB625xp",42,4,3,4,5,5,3,5.5,4.8,5,3,6,5,6,5,5,5,6,6,5,5,5,4,5,1,2,2,64,69,62,67,61,4,"Independent",NA,NA,"Neither","Independent | Neither",1,1,1,50,"woman","White","MA","$60,001-$80,000",4,5,1,0,0,0,1,NA
"GX623kk",21,6.5,3,5,5,7,6,4.125,1.2,3,1.5,6,3,3,3,7,3,5,3,1,1,1,2,1,1,1,1,30,30,20,29,18,6,"Republican",NA,"Strong",NA,"Republican | Strong",1,1,1,47,"woman","White","GED","$140,001-$160,000",8,2,1,0,1,0,0,NA
"RG700qd",98,1.5,4,5,4,1,2,2,4.2,3,5,2,2,2,2,2,2,2,2,4,2,5,5,5,1,1,1,8,88,18,42,21,2,"Independent",NA,NA,"Closer to Democratic","Independent | Closer to Democratic",1,1,1,31,"man","White","GED","$60,001-$80,000",4,2,1,1,0,0,1,NA
"UU937dq",77,1.5,4,7,4,2,1,2.875,6.2,9,2,3,1,3,3,3,1,3,6,6,6,7,6,6,3,3,3,80,100,57,60,53,1,"Democrat","Strong",NA,NA,"Democrat | Strong",1,1,1,26,"woman","multiracial","2yearColl","$60,001-$80,000",4,3,0,0,0,1,0,NA
"EC307nv",62,1.5,4,4,4,2,1,4.125,3.2,6,3,5,2,6,5,2,3,5,5,3,5,3,2,3,2,2,2,49,62,40,50,42,2,"Democrat","Strong",NA,NA,"Democrat | Strong",1,1,1,50,"man","White","MA","$20,001-$40,000",2,5,1,1,0,1,0,NA
"MG898ft",71,3.5,1,4,7,4,3,4.375,4.8,6,4.5,3,5,6,5,5,5,3,3,5,5,5,4,5,2,2,2,61,62,61,62,62,4,"Independent",NA,NA,"Closer to Democratic","Independent | Closer to Democratic",1,1,1,50,"woman","White","2yearColl","$120,001-$140,000",7,3,1,0,0,0,1,NA
"PF606gy",22,7,7,1,1,7,7,3.75,3.2,6,2,3,5,4,3,3,4,3,5,3,3,3,3,4,2,2,2,70,65,39,96,50,7,"Republican",NA,"Strong",NA,"Republican | Strong",1,1,1,42,"man","White","4yearColl","$20,001-$40,000",2,4,1,1,1,0,0,NA
"DU156iu",22,4.5,2,7,6,3,6,4,1.6,3,4.5,3,7,3,6,5,5,1,2,1,2,2,2,1,1,1,1,75,80,79,77,75,6,"Republican",NA,"Strong",NA,"Republican | Strong",1,1,1,52,"woman","White","4yearColl","$40,001-$60,000",3,4,1,0,1,0,0,NA
"OU972mq",96,2.5,7,2,1,1,4,5.75,6.4,9,4,3,6,7,7,5,6,6,6,7,6,7,5,7,3,3,3,32,40,50,77,25,3,"Independent",NA,NA,"Neither","Independent | Neither",1,1,1,64,"woman","multiracial","4yearColl","$0-$20,000",1,4,0,0,0,0,1,NA
"ZM564jf",35,3,5,4,3,3,3,5,3.2,4,2,5,5,5,5,5,5,5,5,3,4,3,3,3,2,1,1,70,75,40,60,30,4,"Independent",NA,NA,"Neither","Independent | Neither",1,1,1,44,"man","Asian","PHD","$140,001-$160,000",8,6,0,1,0,0,1,NA
"DS442mh",66,4,5,6,3,3,5,4.75,2.4,4,3,5,5,5,5,4,4,6,4,3,3,2,2,2,1,1,2,44,60,37,50,39,6,"Democrat","Strong",NA,NA,"Democrat | Strong",1,1,1,45,"man","Asian","GED","$40,001-$60,000",3,2,0,1,0,1,0,NA
"II576bg",10,4,3,4,5,2,6,6.375,1.8,7,2,6,6,6,7,6,7,7,6,2,2,2,1,2,2,2,3,86,95,40,71,56,6,"Democrat","Strong",NA,NA,"Democrat | Strong",1,1,1,34,"woman","White","GED","$120,001-$140,000",7,2,1,0,0,1,0,"No"
"HL723rr",70,5.5,5,4,3,5,6,5.75,3,8,3,5,6,7,5,5,6,6,6,4,3,2,3,3,3,2,3,45,80,30,65,40,6,"Republican",NA,"Not very strong",NA,"Republican | Not very strong",1,1,1,44,"man","Asian","GED","$80,001-$100,000",5,2,0,1,1,0,0,"Great srurvey!"
"SJ099fl",73,4.5,3,4,5,3,6,2.75,4.8,8,5,5,2,5,2,2,2,2,2,5,5,5,3,6,2,3,3,40,85,73,93,83,5,"Republican",NA,"Not very strong",NA,"Republican | Not very strong",1,1,1,24,"woman","multiracial","4yearColl","$40,001-$60,000",3,4,0,0,1,0,0,NA
"ZD283zb",30,1.5,4,3,4,2,1,3,3,6,2,3,3,3,3,3,3,3,3,3,3,3,3,3,2,2,2,60,90,30,45,20,2,"Independent",NA,NA,"Closer to Democratic","Independent | Closer to Democratic",1,1,1,36,"woman","White","4yearColl","$80,001-$100,000",5,4,1,0,0,0,1,"N/A"
"LY697zk",10,4,3,4,5,4,4,5.75,2,3,3,6,5,7,5,5,6,6,6,2,2,2,2,2,1,1,1,70,81,60,77,43,4,"Independent",NA,NA,"Neither","Independent | Neither",1,1,1,57,"woman","Black or African American","PHD","$140,001-$160,000",8,6,0,0,0,0,1,NA
"UX054oo",0,1,3,5,5,1,1,2.625,1.6,3,1.5,3,2,3,2,2,3,3,3,1,1,2,2,2,1,1,1,93,93,63,92,79,2,"Democrat","Strong",NA,NA,"Democrat | Strong",1,1,1,74,"woman","White","MA","$120,001-$140,000",7,5,1,0,0,1,0,NA
"OM059fd",60,2.5,3,2,5,3,2,3,5,5,5,3,3,3,3,3,3,3,3,5,5,5,5,5,1,2,2,11,85,62,75,24,4,"Independent",NA,NA,"Neither","Independent | Neither",1,1,1,60,"woman","White","GED","$20,001-$40,000",2,2,1,0,0,0,1,"none thank you"
"VK660ri",30,1,7,4,1,1,1,6,5,8,4,6,5,7,6,6,6,6,6,5,5,5,4,6,3,3,2,45,100,25,70,50,1,"Democrat","Strong",NA,NA,"Democrat | Strong",1,1,1,28,"man","Hispanic, Latino, or Spanish origin","4yearColl","$40,001-$60,000",3,4,0,1,0,1,0,NA
"XT742gd",72,3.5,2,6,6,2,5,3.5,4,5,5,4,3,3,3,3,5,4,3,5,3,4,3,5,1,2,2,55,80,60,70,60,4,"Democrat","Strong",NA,NA,"Democrat | Strong",1,1,1,60,"man","White","4yearColl","$20,001-$40,000",2,4,1,1,0,1,0,"none"
"WZ785at",10,2.5,3,5,5,2,3,3.125,2.6,4,4,3,3,5,3,2,3,3,3,3,2,2,3,3,2,1,1,23,65,18,33,28,4,"Independent",NA,NA,"Closer to Democratic","Independent | Closer to Democratic",1,1,1,53,"man","White","GED","$20,001-$40,000",2,2,1,1,0,0,1,"Nothing comes to mind."
"GV031mg",50,3,4,4,4,5,1,6,1,3,3,6,6,6,6,6,6,6,6,1,1,1,1,1,1,1,1,38,100,23,22,44,6,"Republican",NA,"Strong",NA,"Republican | Strong",1,1,1,24,"man","White","2yearColl","$20,001-$40,000",2,3,1,1,1,0,0,"None"
"EA967dj",60,1.5,3,2,5,1,2,4.75,2.2,3,3,6,3,5,5,3,5,6,5,2,2,3,2,2,1,1,1,21,69,22,7,10,2,"Democrat","Strong",NA,NA,"Democrat | Strong",1,1,1,48,"woman","Black or African American","4yearColl","$80,001-$100,000",5,4,0,0,0,1,0,NA
"TB187qx",50,1,5,4,3,1,1,3.625,3.8,3,1.5,3,4,3,4,4,4,4,3,5,2,5,2,5,1,1,1,80,80,30,75,50,2,"Democrat","Strong",NA,NA,"Democrat | Strong",1,1,1,48,"woman","White","MA","Over $200,000",11,5,1,0,0,1,0,NA
"EA666up",85,3.5,5,5,3,3,4,5.75,5.6,9,5,6,5,5,6,5,7,6,6,7,5,7,2,7,3,3,3,16,84,62,76,50,5,"Republican",NA,"Not very strong",NA,"Republican | Not very strong",1,1,1,50,"woman","White","GED","$0-$20,000",1,2,1,0,1,0,0,NA
"QY045va",75,1,4,5,4,1,1,4.5,5,6,5,5,3,6,6,2,4,5,5,5,5,6,3,6,2,2,2,25,90,30,70,55,2,"Independent",NA,NA,"Closer to Democratic","Independent | Closer to Democratic",1,1,1,31,"woman","White","4yearColl","$0-$20,000",1,4,1,0,0,0,1,"Currently I am lower on that scale in terms of ranking due to being unemployed, in debt, a woman, etc. Some of this may change"
"HX047wx",60,2.5,3,4,5,3,2,5.875,3.4,6,2.5,6,5,6,6,6,6,6,6,4,4,3,3,3,2,2,2,50,60,40,50,40,3,"Democrat","Not very strong",NA,NA,"Democrat | Not very strong",1,1,1,36,"man","White","GED","$40,001-$60,000",3,2,1,1,0,1,0,NA
"PO034cs",17,5.5,5,2,3,4,7,5.5,2,3,2,5,6,5,6,6,6,5,5,2,2,2,2,2,1,1,1,69,82,18,55,63,6,"Republican",NA,"Strong",NA,"Republican | Strong",1,1,1,54,"man","Other (please specify)","4yearColl","$80,001-$100,000",5,4,0,1,1,0,0,"None"
"GN455nv",76,6,2,2,6,6,6,6,4.4,3,4,6,6,6,6,6,6,6,6,6,6,2,2,6,1,1,1,11,48,42,3,56,5,"Republican",NA,"Not very strong",NA,"Republican | Not very strong",1,1,1,61,"woman","White","GED","$140,001-$160,000",8,2,1,0,1,0,0,NA
"KW241wc",36,4,2,5,6,3,5,4.25,2.8,4,3,2,7,2,6,5,5,2,5,3,3,2,2,4,2,1,1,79,82,70,90,67,5,"Independent",NA,NA,"Closer to Republican","Independent | Closer to Republican",1,1,1,46,"man","White","MA","$140,001-$160,000",8,5,1,1,0,0,1,"none"
"UT908ak",13,5,3,4,5,5,5,5.625,1,3,2,5,6,6,6,6,6,5,5,1,1,1,1,1,1,1,1,55,58,45,49,40,4,"Independent",NA,NA,"Neither","Independent | Neither",1,1,1,36,"man","White","GED","$60,001-$80,000",4,2,1,1,0,0,1,NA
"ZX608ki",50,1.5,2,4,6,2,1,4,1.4,3,2,4,4,4,4,4,4,4,4,1,2,1,2,1,1,1,1,50,55,30,45,36,2,"Democrat","Strong",NA,NA,"Democrat | Strong",1,1,1,36,"man","White","4yearColl","$100,001-$120,000",6,4,1,1,0,1,0,NA
"MA532em",73,6.5,6,5,2,6,7,5.25,4.2,6,5,5,1,7,5,6,5,6,7,5,5,3,4,4,2,2,2,29,47,47,54,44,7,"Republican",NA,"Strong",NA,"Republican | Strong",1,1,1,50,"woman","White","GED","$180,001-$200,000",10,2,1,0,1,0,0,NA
"WR986dv",2,4,2,5,6,3,5,6.375,1,3,2,7,6,6,6,6,6,7,7,1,1,1,1,1,1,1,1,80,85,42,51,44,5,"Republican",NA,"Not very strong",NA,"Republican | Not very strong",1,1,1,56,"woman","White","MA","$180,001-$200,000",10,5,1,0,1,0,0,NA
"LV409hh",39,1.5,7,4,1,2,1,6.5,1.6,3,1,7,6,7,6,6,6,7,7,1,1,1,3,2,1,1,1,51,44,30,40,30,1,"Democrat","Strong",NA,NA,"Democrat | Strong",1,1,1,41,"man","White","GED","$140,001-$160,000",8,2,1,1,0,1,0,NA
"SA179eh",22,3.5,4,3,4,4,3,4.375,2.4,3,1.5,4,5,3,5,5,5,3,5,2,2,2,3,3,1,1,1,80,80,40,66,48,2,"Republican",NA,"Strong",NA,"Republican | Strong",1,1,1,43,"woman","White","MA","$60,001-$80,000",4,5,1,0,1,0,0,NA
"UC840xa",75,5.5,7,4,1,4,7,2,1.2,3,3,2,2,2,2,2,2,2,2,1,1,1,2,1,1,1,1,58,85,39,64,17,6,"Republican",NA,"Not very strong",NA,"Republican | Not very strong",1,1,1,53,"woman","White","MA","$60,001-$80,000",4,5,1,0,1,0,0,NA
"EG715kh",0,1,1,7,7,1,1,5.125,1.8,3,1,5,5,5,5,5,5,5,6,2,2,2,1,2,1,1,1,93,84,73,69,71,1,"Democrat","Strong",NA,NA,"Democrat | Strong",1,1,1,39,"man","White","MA","$160,001-$180,000",9,5,1,1,0,1,0,"nice study"
"AI842ie",20,4,2,5,6,5,3,6,2.2,3,3,6,6,6,6,6,6,6,6,2,2,2,2,3,1,1,1,65,70,45,75,50,3,"Republican",NA,"Not very strong",NA,"Republican | Not very strong",1,1,1,34,"woman","White","4yearColl","$140,001-$160,000",8,4,1,0,1,0,0,NA
"IV321zk",0,3.5,3,1,5,3,4,5.5,2,3,2,5,6,6,5,6,6,5,5,2,2,2,2,2,1,1,1,76,80,52,70,55,4,"Independent",NA,NA,"Closer to Democratic","Independent | Closer to Democratic",1,1,1,61,"man","White","MA","$140,001-$160,000",8,5,1,1,0,0,1,NA
"LA208jf",5,4,1,7,7,1,7,6.125,1.6,3,1.5,6,7,6,6,6,6,6,6,1,1,2,2,2,1,1,1,77,77,30,44,40,6,"Republican",NA,"Not very strong",NA,"Republican | Not very strong",1,1,1,34,"man","White","4yearColl","$60,001-$80,000",4,4,1,1,1,0,0,"All went well"
"RS666ba",80,1,6,5,2,1,1,4.75,5.8,9,2.5,5,5,5,3,5,5,5,5,7,7,6,3,6,3,3,3,60,90,30,60,20,4,"No preference",NA,NA,"Neither","Independent | Neither",1,1,1,30,"man","Asian","GED","$40,001-$60,000",3,2,0,1,0,0,0,NA
"ZR942mh",70,7,6,2,2,7,7,6,2.4,6,2,6,6,6,6,6,6,6,6,3,3,2,2,2,2,2,2,80,70,60,90,50,7,"Republican",NA,"Strong",NA,"Republican | Strong",1,1,1,54,"woman","White","4yearColl","$100,001-$120,000",6,4,1,0,1,0,0,NA
"DA143if",91,2,7,4,1,2,2,3.625,6,9,5,3,5,4,3,4,4,3,3,6,6,6,6,6,3,3,3,19,49,29,63,32,4,"Independent",NA,NA,"Neither","Independent | Neither",1,1,1,34,"man","White",NA,NA,NA,NA,1,1,0,0,1,NA
"FP945on",8,6.5,2,4,6,7,6,6,2,3,1.5,6,6,6,6,7,4,7,6,2,2,2,2,2,1,1,1,31,31,20,26,19,5,"Republican",NA,"Not very strong",NA,"Republican | Not very strong",1,1,1,68,"woman","White","MA","$40,001-$60,000",3,5,1,0,1,0,0,NA
"TA190lb",19,6,2,7,6,6,6,4.75,5.6,7,3,3,5,1,6,7,7,7,2,6,7,7,2,6,2,2,3,0,0,0,0,0,7,"Republican",NA,"Strong",NA,"Republican | Strong",1,1,1,31,"man","White","4yearColl","$80,001-$100,000",5,4,1,1,1,0,0,NA
"VL057li",70,1,6,4,2,1,1,3.625,5,5,2,5,3,6,3,3,3,3,3,6,5,5,3,6,1,2,2,81,90,50,70,50,1,"Other party",NA,NA,"Closer to Democratic","Independent | Closer to Democratic",1,1,1,38,"woman","White","4yearColl","$120,001-$140,000",7,4,1,0,0,0,0,NA
"UA319iq",76,1,7,4,1,1,1,4,5.2,9,5,4,4,4,4,4,4,4,4,4,6,6,4,6,3,3,3,15,100,20,85,20,4,"Independent",NA,NA,"Neither","Independent | Neither",1,1,1,43,"man","Black or African American","2yearColl","$60,001-$80,000",4,3,0,1,0,0,1,"why did you want to know about my favourite colour?

:-)


the successes of a few, should not be interpreted as the standing of the many

also: didn't chris rock tell you, that a poor white person wouldn't want to trade places with him?
and he's *rich*?


as far as your queries regarding Social Status: there just was something about the way those queries were worded, which rubbed me the wrong way

so, no: no, i could not give ""straight"" answers to any of them
in their current form"
"AT872ub",68,4.5,2,7,6,5,4,4.5,2,5,1,5,3,6,5,5,5,2,5,2,2,2,2,2,1,2,2,77,71,76,69,71,4,"Independent",NA,NA,"Closer to Republican","Independent | Closer to Republican",1,1,1,60,"woman","White","2yearColl","$40,001-$60,000",3,3,1,0,0,0,1,NA
"JN934hy",16,4.5,1,5,7,7,2,5.75,3,4,3,6,6,3,6,6,6,6,7,2,2,5,2,4,1,1,2,0,0,0,0,0,4,"Independent",NA,NA,"Closer to Democratic","Independent | Closer to Democratic",1,1,1,72,"woman","White","2yearColl","$100,001-$120,000",6,3,1,0,0,0,1,NA
"TH785rj",10,6,2,6,6,6,6,4,2.8,4,2,3,5,3,5,5,5,4,2,2,2,2,6,2,1,1,2,81,83,41,49,43,6,"Republican",NA,"Not very strong",NA,"Republican | Not very strong",1,1,1,35,"man","White","MA","$100,001-$120,000",6,5,1,1,1,0,0,"Thank you"
"TF688yw",97,4.5,3,2,5,5,4,3.375,5.8,9,4,4,3,4,3,3,3,4,3,6,7,6,5,5,3,3,3,27,55,23,70,30,4,"Independent",NA,NA,"Neither","Independent | Neither",1,1,1,47,"man","multiracial","GED","$40,001-$60,000",3,2,0,1,0,0,1,NA
"ZK323li",6,5,5,6,3,3,7,5.375,1.8,3,2,6,7,6,7,5,5,2,5,2,1,2,2,2,1,1,1,74,78,29,15,23,6,"Republican",NA,"Strong",NA,"Republican | Strong",1,1,1,30,"woman","White","4yearColl","$180,001-$200,000",10,4,1,0,1,0,0,NA
"HS315hf",40,6.5,1,3,7,7,6,4.875,2,6,4,5,5,5,5,5,4,5,5,2,2,2,2,2,2,2,2,50,80,40,90,51,5,"Republican",NA,"Not very strong",NA,"Republican | Not very strong",1,1,1,58,"woman","White","4yearColl","$180,001-$200,000",10,4,1,0,1,0,0,NA
"RG331dx",56,4,4,4,4,4,4,4,4,6,2,4,4,4,4,4,4,4,4,4,4,4,4,4,2,2,2,59,58,60,57,57,7,"Republican",NA,"Strong",NA,"Republican | Strong",1,1,1,41,"man","White","MA","$40,001-$60,000",3,5,1,1,1,0,0,NA
"JK017kz",60,3,2,3,6,3,3,2,3.4,4,3,2,2,2,2,2,2,2,2,3,3,3,3,5,1,2,1,36,43,21,51,27,4,"Independent",NA,NA,"Neither","Independent | Neither",1,1,1,48,"man","White","GED","$100,001-$120,000",6,2,1,1,0,0,1,"No comments"
"DZ564ce",15,5,2,5,6,5,5,5.875,2,4,2,6,5,6,6,6,6,6,6,2,2,2,2,2,2,1,1,59,84,34,44,22,5,"Republican",NA,"Not very strong",NA,"Republican | Not very strong",1,1,1,42,"man","multiracial","GED","$140,001-$160,000",8,2,0,1,1,0,0,"No comments. Thank you."
"WF047ll",40,4.5,3,4,5,4,5,4.875,3,5,5,5,4,5,5,5,5,5,5,3,3,3,3,3,1,2,2,50,90,69,81,61,6,"Republican",NA,"Strong",NA,"Republican | Strong",1,1,1,34,"man","Black or African American","PHD","$140,001-$160,000",8,6,0,1,1,0,0,"None"
"LE177ax",19,7,3,4,5,7,7,6,2,5,3,6,6,6,6,6,6,6,6,2,2,2,2,2,1,2,2,58,90,11,64,24,7,"Republican",NA,"Strong",NA,"Republican | Strong",1,1,1,43,"man","White","PHD","$80,001-$100,000",5,6,1,1,1,0,0,"none"
"DN278ut",64,2.5,4,4,4,2,3,4.25,4,6,1,4,4,3,5,5,5,4,4,5,3,4,3,5,1,2,3,56,28,36,15,44,2,"Democrat","Not very strong",NA,NA,"Democrat | Not very strong",1,1,1,37,"woman","White","4yearColl","$120,001-$140,000",7,4,1,0,0,1,0,NA
"BT384cs",35,4.5,3,5,5,4,5,4.375,3.2,6,5,5,6,2,5,5,5,3,4,4,3,3,2,4,2,2,2,43,75,48,59,65,5,"Republican",NA,"Not very strong",NA,"Republican | Not very strong",1,1,1,42,"man","Black or African American","GED","$40,001-$60,000",3,2,0,1,1,0,0,NA
"RO830vj",44,6.5,4,5,4,6,7,5.875,2.4,4,4,6,6,6,6,6,5,6,6,2,3,2,3,2,2,1,1,55,59,59,59,49,7,"Republican",NA,"Strong",NA,"Republican | Strong",1,1,1,34,"man","Black or African American","4yearColl","$40,001-$60,000",3,4,0,1,1,0,0,"n/a"
"UC001bf",28,1,7,4,1,1,1,6.25,2,3,1.5,7,5,7,5,7,7,7,5,1,1,1,2,5,1,1,1,100,100,94,82,83,4,"Democrat","Strong",NA,NA,"Democrat | Strong",1,1,1,69,"woman","White","2yearColl","$80,001-$100,000",5,3,1,0,0,1,0,"Thank you"
"DB795ww",35,2,6,5,2,2,2,4.5,2.6,6,1,4,4,5,5,4,5,4,5,2,3,3,3,2,2,2,2,59,55,43,48,39,2,"Democrat","Strong",NA,NA,"Democrat | Strong",1,1,1,42,"woman","White","MA","$140,001-$160,000",8,5,1,0,0,1,0,NA
"UO786sw",8,5.5,4,4,4,4,7,5.125,1.6,3,1,6,5,4,5,5,5,5,6,1,2,2,1,2,1,1,1,77,75,19,26,40,7,"Republican",NA,"Strong",NA,"Republican | Strong",1,1,1,35,"man","White","2yearColl","$100,001-$120,000",6,3,1,1,1,0,0,NA
"IY417vb",60,1.5,6,3,2,2,1,2.125,5,5,3,3,1,3,2,1,2,3,2,6,5,5,3,6,1,2,2,62,91,45,69,48,1,"Democrat","Strong",NA,NA,"Democrat | Strong",1,1,1,52,"woman","White","4yearColl","$60,001-$80,000",4,4,1,0,0,1,0,NA
"UZ056vk",85,1,7,3,1,1,1,1.625,6,8,2,3,1,3,1,1,1,2,1,6,6,6,5,7,2,3,3,60,70,50,50,55,1,"Democrat","Strong",NA,NA,"Democrat | Strong",1,1,1,63,"woman","White","GED","$80,001-$100,000",5,2,1,0,0,1,0,NA
"NX554hy",67,2.5,3,4,5,3,2,5,4.8,5,3,5,5,5,5,5,4,5,6,6,5,5,3,5,1,2,2,0,0,0,0,0,5,"Republican",NA,"Not very strong",NA,"Republican | Not very strong",1,1,1,45,"woman","White","GED","$60,001-$80,000",4,2,1,0,1,0,0,NA
"WV342hd",29,3.5,5,4,3,3,4,5,2.2,3,1.5,6,4,6,4,4,4,6,6,1,1,1,7,1,1,1,1,71,71,40,54,54,5,"Republican",NA,"Not very strong",NA,"Republican | Not very strong",1,1,1,39,"woman","White","4yearColl","$40,001-$60,000",3,4,1,0,1,0,0,NA
"VK414ld",60,4,1,7,7,3,5,7,1.4,6,4,7,7,7,7,7,7,7,7,1,1,1,3,1,2,2,2,8,97,9,54,6,6,"Republican",NA,"Not very strong",NA,"Republican | Not very strong",1,1,1,40,"woman","Black or African American","GED","$20,001-$40,000",2,2,0,0,1,0,0,NA
"HD102fs",50,2.5,4,4,4,3,2,5.625,5,4,1,5,6,6,5,6,5,6,6,5,5,5,5,5,1,1,2,76,75,31,61,34,4,"Independent",NA,NA,"Closer to Democratic","Independent | Closer to Democratic",1,1,1,45,"woman","White","4yearColl","$140,001-$160,000",8,4,1,0,0,0,1,NA
"VE725rv",65,4.5,2,6,6,4,5,5.75,4.2,5,2,6,6,3,6,7,6,6,6,5,3,5,2,6,2,2,1,50,0,35,15,65,5,"Republican",NA,"Not very strong",NA,"Republican | Not very strong",1,1,1,50,"woman","Hispanic, Latino, or Spanish origin","2yearColl","$60,001-$80,000",4,3,0,0,1,0,0,NA
"ZY883lp",10,1.5,6,6,2,1,2,5,1,3,3,4,5,4,5,5,5,6,6,1,1,1,1,1,1,1,1,65,75,40,70,45,7,"Republican",NA,"Strong",NA,"Republican | Strong",1,1,1,33,"man","White","MA","$140,001-$160,000",8,5,1,1,1,0,0,NA
"QV093yf",40,7,4,4,4,7,7,5.875,3.2,5,5,6,5,6,6,6,6,6,6,2,5,2,2,5,2,1,2,15,70,65,40,25,7,"Republican",NA,"Strong",NA,"Republican | Strong",1,1,1,67,"woman","White","MA","$0-$20,000",1,5,1,0,1,0,0,"no other comments"
"XU449kq",10,5.5,5,3,3,4,7,5.875,1.6,3,1.5,5,6,6,6,6,6,6,6,2,1,2,2,1,1,1,1,80,80,69,70,60,7,"Republican",NA,"Strong",NA,"Republican | Strong",1,1,1,39,"man","White","GED","$60,001-$80,000",4,2,1,1,1,0,0,"Great study enjoyed taking it everything went perfect. :)"
"NL138qp",19,2,5,5,3,2,2,4.75,2,6,2,5,5,5,3,5,5,5,5,2,2,2,2,2,2,2,2,59,71,49,56,52,2,"Democrat","Not very strong",NA,NA,"Democrat | Not very strong",1,1,1,48,"man","White","MA","$140,001-$160,000",8,5,1,1,0,1,0,NA
"JA431tg",54,6.5,4,2,4,7,6,5.625,3.2,3,1,7,5,6,5,5,5,6,6,3,3,3,2,5,1,1,1,80,67,63,68,64,6,"Republican",NA,"Strong",NA,"Republican | Strong",1,1,1,42,"man","White","MA","$120,001-$140,000",7,5,1,1,1,0,0,NA
"KZ282up",10,5.5,2,5,6,5,6,6.125,3.8,5,3,7,6,6,6,6,6,6,6,5,3,5,3,3,2,1,2,70,83,64,80,61,5,"Republican",NA,"Not very strong",NA,"Republican | Not very strong",1,1,1,48,"woman","multiracial","2yearColl","$60,001-$80,000",4,3,0,0,1,0,0,NA
"LC334zj",0,1,6,1,2,1,1,4.75,1.4,4,1.5,5,5,5,4,4,5,5,5,1,1,1,2,2,2,1,1,80,80,70,75,72,4,"Independent",NA,NA,"Neither","Independent | Neither",1,1,1,52,"man","White","2yearColl","$80,001-$100,000",5,3,1,1,0,0,1,NA
"ZQ669zs",41,2.5,5,2,3,3,2,4.375,3.8,6,3,5,3,5,5,3,4,5,5,4,2,5,3,5,2,2,2,59,90,38,67,17,2,"Democrat","Strong",NA,NA,"Democrat | Strong",1,1,1,41,"woman","multiracial","4yearColl","$120,001-$140,000",7,4,0,0,0,1,0,NA
"LZ691md",20,2.5,2,1,6,3,2,4.125,1.8,3,2,2,6,2,5,5,5,6,2,2,2,1,1,3,1,1,1,80,95,65,74,70,2,"Democrat","Strong",NA,NA,"Democrat | Strong",1,1,1,25,"woman","White","4yearColl","Over $200,000",11,4,1,0,0,1,0,NA
"DS775ki",71,5.5,6,5,2,6,5,5.75,1.8,3,2,6,6,6,6,6,6,5,5,1,3,1,2,2,1,1,1,69,100,29,49,61,4,"Independent",NA,NA,"Closer to Democratic","Independent | Closer to Democratic",1,1,1,33,"man","White","2yearColl","$80,001-$100,000",5,3,1,1,0,0,1,"No comments"
"LF460xh",77,1,6,4,2,1,1,2.5,5,6,3,3,2,3,2,2,2,3,3,5,5,5,5,5,2,2,2,77,83,37,89,32,1,"Democrat","Not very strong",NA,NA,"Democrat | Not very strong",1,1,1,45,"man","White","MA","$100,001-$120,000",6,5,1,1,0,1,0,NA
"QT781wj",46,5,2,6,6,5,5,4.625,3.8,7,2,4,6,3,7,5,7,2,3,3,4,3,3,6,2,3,2,93,98,74,90,80,4,"Independent",NA,NA,"Closer to Republican","Independent | Closer to Republican",1,1,1,53,"man","White","4yearColl","$20,001-$40,000",2,4,1,1,0,0,1,NA
"BD864vg",6,3.5,4,3,4,3,4,5,1.6,3,2,5,5,5,5,5,5,5,5,1,2,1,2,2,1,1,1,67,68,16,40,25,3,"Democrat","Not very strong",NA,NA,"Democrat | Not very strong",1,1,1,74,"woman","White","4yearColl","$140,001-$160,000",8,4,1,0,0,1,0,NA
"VQ450lt",34,4,5,4,3,3,5,4.75,3.4,5,3,5,4,5,5,5,5,4,5,3,3,3,3,5,1,2,2,59,89,28,76,44,5,"Republican",NA,"Not very strong",NA,"Republican | Not very strong",1,1,1,36,"man","Asian","4yearColl","$100,001-$120,000",6,4,0,1,1,0,0,NA
"QQ836mt",19,7,4,5,4,7,7,7,1,3,2,7,7,7,7,7,7,7,7,1,1,1,1,1,1,1,1,61,80,21,41,27,7,"Republican",NA,"Strong",NA,"Republican | Strong",1,1,1,42,"man","White","2yearColl","$120,001-$140,000",7,3,1,1,1,0,0,NA
"GI082xj",58,3,2,5,6,3,3,3,5.2,6,4,3,3,3,3,3,3,3,3,5,6,6,3,6,2,2,2,37,93,43,97,29,2,"Independent",NA,NA,"Closer to Democratic","Independent | Closer to Democratic",1,1,1,31,"woman","White","GED","$20,001-$40,000",2,2,1,0,0,0,1,NA
"DJ176uk",61,1,7,3,1,1,1,5.75,5.6,7,3,5,6,6,6,5,6,6,6,6,7,5,4,6,2,2,3,72,86,50,92,41,3,"Independent",NA,NA,"Closer to Democratic","Independent | Closer to Democratic",1,1,1,41,"woman","White","2yearColl","Over $200,000",11,3,1,0,0,0,1,NA
"IZ800th",75,7,7,4,1,7,7,4.25,3.6,3,5,2,5,3,6,5,6,4,3,6,1,5,5,1,1,1,1,21,27,85,40,76,7,"Republican",NA,"Strong",NA,"Republican | Strong",1,1,1,34,"woman","White","4yearColl","$40,001-$60,000",3,4,1,0,1,0,0,NA
"PI246ip",33,6,3,4,5,6,6,4.75,2.2,3,1,5,5,5,5,3,5,5,5,2,2,2,2,3,1,1,1,79,62,54,57,41,6,"Republican",NA,"Not very strong",NA,"Republican | Not very strong",1,1,1,53,"woman","White","MA","Over $200,000",11,5,1,0,1,0,0,NA
"TW372rq",13,4.5,2,6,6,2,7,4.625,1.8,5,2,5,6,4,4,4,4,5,5,1,2,1,3,2,1,2,2,92,93,71,63,56,7,"Republican",NA,"Strong",NA,"Republican | Strong",1,1,1,36,"man","White","MA","$180,001-$200,000",10,5,1,1,1,0,0,NA
"GD146us",67,2.5,3,3,5,3,2,2.75,5.6,9,4,3,3,3,3,3,3,2,2,6,6,6,4,6,3,3,3,49,98,27,73,58,3,"Democrat","Not very strong",NA,NA,"Democrat | Not very strong",1,1,1,57,"man","Hispanic, Latino, or Spanish origin","4yearColl","$80,001-$100,000",5,4,0,1,0,1,0,NA
"YS998wn",15,7,3,5,5,7,7,7,1,3,1,7,7,7,7,7,7,7,7,1,1,1,1,1,1,1,1,73,62,61,62,60,6,"Republican",NA,"Not very strong",NA,"Republican | Not very strong",1,1,1,39,"man","White","4yearColl","$80,001-$100,000",5,4,1,1,1,0,0,"n/a"
"HX789cj",59,3.5,5,5,3,4,3,4,5.2,7,3,3,5,3,6,5,4,3,3,6,6,5,3,6,2,3,2,0,0,0,0,0,2,"Democrat","Not very strong",NA,NA,"Democrat | Not very strong",1,1,1,39,"woman","Black or African American","4yearColl","$160,001-$180,000",9,4,0,0,0,1,0,NA
"OW541lm",61,6,1,6,7,6,6,4,3.4,5,4,5,6,2,3,6,6,2,2,3,3,3,2,6,1,2,2,3,90,4,2,4,6,"Republican",NA,"Strong",NA,"Republican | Strong",1,1,1,45,"woman","Black or African American","4yearColl","$40,001-$60,000",3,4,0,0,1,0,0,"no comments"
"JP202ps",0,7,2,2,6,7,7,5.125,1,3,2.5,7,7,1,7,7,7,4,1,1,1,1,1,1,1,1,1,88,88,82,96,82,7,"Republican",NA,"Strong",NA,"Republican | Strong",1,1,1,39,"woman","White","MA","$120,001-$140,000",7,5,1,0,1,0,0,NA
"CM737qj",0,2.5,2,4,6,3,2,4.625,1,3,1,5,3,5,4,5,5,5,5,1,1,1,1,1,1,1,1,85,65,25,57,32,1,"Democrat","Strong",NA,NA,"Democrat | Strong",1,1,1,66,"man","White","4yearColl","Over $200,000",11,4,1,1,0,1,0,NA
"BH226xx",20,1.5,5,4,3,2,1,3,3.6,5,3,4,2,4,2,3,3,3,3,5,5,2,2,4,2,1,2,60,80,23,70,40,2,"Independent",NA,NA,"Closer to Democratic","Independent | Closer to Democratic",1,1,1,58,"man","White","4yearColl","$60,001-$80,000",4,4,1,1,0,0,1,"nope"
"VU832qs",18,5.5,2,5,6,5,6,4.125,2,3,1,4,5,3,5,6,5,2,3,2,2,2,2,2,1,1,1,97,80,60,66,63,6,"Republican",NA,"Strong",NA,"Republican | Strong",1,1,1,51,"man","White","MA","$160,001-$180,000",9,5,1,1,1,0,0,NA
"DJ556fk",0,3.5,4,3,4,3,4,5.125,1,3,2,5,5,5,6,5,5,5,5,1,1,1,1,1,1,1,1,81,85,58,70,64,4,"Republican",NA,"Not very strong",NA,"Republican | Not very strong",1,1,1,66,"woman","White","2yearColl","$60,001-$80,000",4,3,1,0,1,0,0,"thank you"
"PQ651lo",78,1,3,5,5,1,1,5.125,6,8,5,5,6,5,5,5,5,5,5,7,6,5,5,7,3,2,3,23,65,52,71,59,2,"Independent",NA,NA,"Closer to Democratic","Independent | Closer to Democratic",1,1,1,35,"woman","White","GED","$20,001-$40,000",2,2,1,0,0,0,1,NA
"WG808hz",89,1,4,2,4,1,1,4.375,2.4,3,5,6,4,5,4,4,4,4,4,2,4,2,2,2,1,1,1,20,99,36,71,55,1,"Democrat","Strong",NA,NA,"Democrat | Strong",1,1,1,68,"woman","Black or African American","GED","$20,001-$40,000",2,2,0,0,0,1,0,NA
"WP563bz",77,7,7,4,1,7,7,7,1.4,3,3,7,7,7,7,7,7,7,7,1,1,1,2,2,1,1,1,59,89,20,75,29,6,"Republican",NA,"Strong",NA,"Republican | Strong",1,1,1,19,"woman","White","GED","$40,001-$60,000",3,2,1,0,1,0,0,NA
"GB069aq",70,4,5,3,3,2,6,5.25,4.4,4,4.5,5,5,6,6,5,5,5,5,5,3,5,3,6,1,1,2,10,40,20,20,10,5,"Independent",NA,NA,"Closer to Republican","Independent | Closer to Republican",1,1,1,38,"man","White","GED","$60,001-$80,000",4,2,1,1,0,0,1,NA
"ZQ854pa",0,2.5,3,5,5,4,1,5.625,2.2,5,2,6,6,5,6,6,6,5,5,3,2,2,2,2,2,1,2,85,90,35,80,20,2,"Democrat","Strong",NA,NA,"Democrat | Strong",1,1,1,60,"woman","Black or African American","4yearColl","$40,001-$60,000",3,4,0,0,0,1,0,"na"
"HD851zy",80,1,6,4,2,1,1,3.25,5,6,2,4,2,5,3,3,3,3,3,5,5,5,4,6,2,2,2,31,50,19,24,15,1,"Independent",NA,NA,"Closer to Democratic","Independent | Closer to Democratic",1,1,1,32,"man","White","MA","$40,001-$60,000",3,5,1,1,0,0,1,NA
"WH439fx",52,2.5,4,5,4,4,1,3.875,5,6,5,3,4,6,4,3,4,3,4,5,5,5,5,5,2,2,2,40,80,60,65,50,4,"Independent",NA,NA,"Neither","Independent | Neither",1,1,1,48,"woman","Other (please specify)","4yearColl","$20,001-$40,000",2,4,0,0,0,0,1,NA
"ID175gc",81,1.5,3,4,5,2,1,4.375,6.4,9,4,5,5,3,5,4,5,5,3,7,7,6,5,7,3,3,3,30,85,42,36,24,3,"Independent",NA,NA,"Neither","Independent | Neither",1,1,1,54,"woman","White","2yearColl","$20,001-$40,000",2,3,1,0,0,0,1,NA
"FY263jm",73,4.5,2,5,6,5,4,3.875,4.2,5,2,3,5,5,4,4,5,3,2,5,3,5,4,4,2,1,2,56,22,35,11,62,7,"Republican",NA,"Strong",NA,"Republican | Strong",1,1,1,47,"woman","multiracial","MA","$40,001-$60,000",3,5,0,0,1,0,0,NA
"DM315jc",41,4.5,3,4,5,5,4,6.125,3.4,7,3,6,6,6,6,7,6,6,6,5,3,3,4,2,3,2,2,60,83,57,74,52,7,"Republican",NA,"Strong",NA,"Republican | Strong",1,1,1,48,"woman","Black or African American","PHD","$20,001-$40,000",2,6,0,0,1,0,0,NA
"HX573uz",80,5.5,5,4,3,4,7,2.875,4.6,8,5,3,3,4,3,3,3,2,2,5,5,4,4,5,3,3,2,20,90,70,80,50,6,"Republican",NA,"Not very strong",NA,"Republican | Not very strong",1,1,1,48,"woman","Hispanic, Latino, or Spanish origin","4yearColl","$0-$20,000",1,4,0,0,1,0,0,NA
"NA078qv",62,4.5,6,2,2,2,7,5,2.2,3,3,5,5,5,5,5,5,5,5,2,1,2,3,3,1,1,1,50,50,50,50,50,6,"Republican",NA,"Strong",NA,"Republican | Strong",1,1,1,37,"woman","White","2yearColl","$0-$20,000",1,3,1,0,1,0,0,NA
"VZ839hc",50,5,2,5,6,5,5,4.125,2.4,5,2,4,4,3,4,4,5,4,5,2,2,3,2,3,1,2,2,43,52,27,29,34,6,"Republican",NA,"Strong",NA,"Republican | Strong",1,1,1,46,"woman","White","GED","$40,001-$60,000",3,2,1,0,1,0,0,NA
"VS960vl",34,1.5,4,1,4,1,2,2.875,1.8,3,5,3,2,3,3,3,3,3,3,2,1,1,2,3,1,1,1,24,95,53,48,48,3,"Independent",NA,NA,"Closer to Democratic","Independent | Closer to Democratic",1,1,1,54,"man","White","GED","$0-$20,000",1,2,1,1,0,0,1,"None"
"KQ774ds",0,3.5,2,5,6,5,2,4,1,3,3,2,6,2,6,6,5,2,3,1,1,1,1,1,1,1,1,81,82,82,72,76,6,"Republican",NA,"Strong",NA,"Republican | Strong",1,1,1,51,"man","White","MA","$180,001-$200,000",10,5,1,1,1,0,0,NA
"OO769bo",13,6,3,4,5,5,7,5.875,2.2,3,1.5,7,6,6,6,5,5,6,6,2,2,2,3,2,1,1,1,83,68,18,38,83,7,"Republican",NA,"Strong",NA,"Republican | Strong",1,1,1,50,"man","Hispanic, Latino, or Spanish origin","4yearColl","$100,001-$120,000",6,4,0,1,1,0,0,NA
"IC081gk",55,1,6,6,2,1,1,3.375,2.4,3,3,3,3,3,3,5,5,4,1,2,2,2,2,4,1,1,1,52,91,38,70,16,1,"Democrat","Strong",NA,NA,"Democrat | Strong",1,1,1,30,"woman","Black or African American","4yearColl","$80,001-$100,000",5,4,0,0,0,1,0,NA
"ZL344kk",23,4,1,6,7,3,5,5,2.6,3,2,6,5,6,5,5,5,3,5,3,2,2,3,3,1,1,1,63,75,58,32,22,6,"Republican",NA,"Strong",NA,"Republican | Strong",1,1,1,41,"woman","White","PHD","$140,001-$160,000",8,6,1,0,1,0,0,"n/a"
"SI014dy",85,2,5,1,3,3,1,3.625,5.8,9,5,3,3,3,3,4,5,4,4,6,6,6,5,6,3,3,3,16,71,26,58,40,2,"Independent",NA,NA,"Closer to Democratic","Independent | Closer to Democratic",1,1,1,35,"woman","Black or African American","4yearColl","$0-$20,000",1,4,0,0,0,0,1,NA
"QY419tz",89,1,5,4,3,1,1,2.875,6.8,9,3,3,2,3,3,3,3,3,3,7,7,7,6,7,3,3,3,25,89,21,74,19,1,"Democrat","Strong",NA,NA,"Democrat | Strong",1,1,1,38,"woman","White","GED","$40,001-$60,000",3,2,1,0,0,1,0,NA
"UU195pr",61,2,1,2,7,3,1,5.75,4.8,8,5,5,5,6,6,6,6,6,6,5,4,5,4,6,3,3,2,34,83,45,73,60,3,"Independent",NA,NA,"Neither","Independent | Neither",1,1,1,33,"woman","Black or African American","GED","$40,001-$60,000",3,2,0,0,0,0,1,NA
"AV148en",15,1,3,5,5,1,1,2.5,3.6,5,1,3,2,3,2,1,3,3,3,3,2,5,3,5,2,1,2,70,60,30,50,25,2,"Democrat","Strong",NA,NA,"Democrat | Strong",1,1,1,31,"woman","White","MA","$100,001-$120,000",6,5,1,0,0,1,0,NA
"NG464jk",0,4,4,3,4,5,3,6.125,3,3,1,6,6,6,6,6,6,6,7,3,3,3,3,3,1,1,1,81,70,21,61,26,3,"Independent",NA,NA,"Closer to Democratic","Independent | Closer to Democratic",1,1,1,35,"man","Asian","4yearColl","Over $200,000",11,4,0,1,0,0,1,NA
"ZX719uf",15,4.5,6,2,2,4,5,3.625,4.6,6,1,5,3,3,3,3,6,3,3,5,5,5,3,5,2,2,2,75,69,72,69,66,4,"Independent",NA,NA,"Closer to Republican","Independent | Closer to Republican",1,1,1,54,"man","White","GED","$40,001-$60,000",3,2,1,1,0,0,1,"Thank you"
"ZI904zb",90,1.5,5,4,3,2,1,5.125,4.8,5,4.5,5,5,5,6,5,5,5,5,5,5,6,3,5,1,2,2,20,86,60,55,20,2,"Democrat","Strong",NA,NA,"Democrat | Strong",1,1,1,44,"woman","multiracial","2yearColl","$80,001-$100,000",5,3,0,0,0,1,0,NA
"CO770gl",20,3,3,7,5,2,4,5.5,1,3,2,6,5,6,5,5,5,6,6,1,1,1,1,1,1,1,1,52,81,35,43,39,4,"Democrat","Not very strong",NA,NA,"Democrat | Not very strong",1,1,1,68,"woman","White","GED","$40,001-$60,000",3,2,1,0,0,1,0,NA
"VK949jc",28,5.5,3,5,5,5,6,5.5,2.2,4,4.5,6,5,6,5,5,5,6,6,3,2,2,2,2,1,2,1,50,86,50,66,61,5,"Republican",NA,"Not very strong",NA,"Republican | Not very strong",1,1,1,50,"man","Black or African American","GED","$180,001-$200,000",10,2,0,1,1,0,0,NA
"PE764iz",40,6.5,5,4,3,7,6,6.625,6,3,2,7,5,7,7,7,7,7,6,7,5,6,6,6,1,1,1,50,47,43,74,41,6,"Republican",NA,"Not very strong",NA,"Republican | Not very strong",1,1,1,56,"woman","White","4yearColl","$100,001-$120,000",6,4,1,0,1,0,0,"n/a"
"XK417nw",10,3,4,5,4,3,3,4.75,2.4,3,3,5,5,5,5,3,5,5,5,2,1,2,6,1,1,1,1,0,0,0,0,0,2,"Democrat","Strong",NA,NA,"Democrat | Strong",1,1,1,72,"man","White","2yearColl","$40,001-$60,000",3,3,1,1,0,1,0,"none"
"ZC466pz",88,1,5,5,3,1,1,1.875,5.6,9,4.5,2,2,1,2,2,2,2,2,7,2,7,6,6,3,3,3,16,61,26,34,16,2,"Independent",NA,NA,"Closer to Democratic","Independent | Closer to Democratic",1,1,1,33,"woman","Hispanic, Latino, or Spanish origin","GED","$20,001-$40,000",2,2,0,0,0,0,1,NA
"VU326lu",13,2.5,5,5,3,2,3,5.75,2.8,6,3,5,7,5,6,6,6,5,6,3,3,3,3,2,2,2,2,76,86,58,82,22,4,"Republican",NA,"Not very strong",NA,"Republican | Not very strong",1,1,1,51,"man","White","4yearColl","$180,001-$200,000",10,4,1,1,1,0,0,NA
"WG142ow",0,7,1,1,7,7,7,5.125,1.4,3,2.5,7,7,4,6,7,2,6,2,1,1,1,1,3,1,1,1,86,86,78,92,77,7,"Republican",NA,"Strong",NA,"Republican | Strong",1,1,1,78,"man","White","2yearColl","$80,001-$100,000",5,3,1,1,1,0,0,"n/a"
"VW248mc",39,4,4,4,4,2,6,4.125,2,3,4.5,4,4,5,4,4,4,4,4,2,2,2,2,2,1,1,1,0,98,0,40,20,6,"Republican",NA,"Not very strong",NA,"Republican | Not very strong",1,1,1,24,"man","Black or African American","MA","$80,001-$100,000",5,5,0,1,1,0,0,NA
"JP621qd",20,7,1,1,7,7,7,7,4.4,8,5,7,7,7,7,7,7,7,7,3,6,5,4,4,3,3,2,20,51,40,51,36,6,"Republican",NA,"Strong",NA,"Republican | Strong",1,1,1,57,"man","White","GED","$20,001-$40,000",2,2,1,1,1,0,0,NA
"KM172rm",17,5.5,3,5,5,6,5,6,2,3,3,6,6,6,6,6,6,6,6,2,2,2,2,2,1,1,1,53,56,44,59,50,5,"Republican",NA,"Not very strong",NA,"Republican | Not very strong",1,1,1,31,"man","multiracial","4yearColl","$140,001-$160,000",8,4,0,1,1,0,0,"Thanks!"
"QT835cg",20,2,3,3,5,3,1,6,2.2,6,1,6,6,6,6,6,6,6,6,2,2,2,3,2,2,2,2,90,84,63,73,49,2,"Democrat","Strong",NA,NA,"Democrat | Strong",1,1,1,47,"woman","White","PHD","Over $200,000",11,6,1,0,0,1,0,NA
"SM837ak",15,4,4,3,4,1,7,4.875,2.4,3,5,5,5,5,5,4,5,5,5,1,1,4,2,4,1,1,1,20,85,76,76,60,5,"Independent",NA,NA,"Closer to Republican","Independent | Closer to Republican",1,1,1,45,"woman","White","GED","$140,001-$160,000",8,2,1,0,0,0,1,NA
"ET338cu",0,3.5,3,4,5,3,4,6.25,3.6,5,4,7,6,7,6,7,5,6,6,3,3,4,4,4,1,2,2,60,100,40,65,65,5,"Independent",NA,NA,"Closer to Republican","Independent | Closer to Republican",1,1,1,63,"man","White","4yearColl","$60,001-$80,000",4,4,1,1,0,0,1,NA
"KX271ye",40,5,2,4,6,7,3,5.625,4.2,7,3,6,5,5,6,5,7,6,5,5,3,5,3,5,2,2,3,61,100,21,91,11,4,"Independent",NA,NA,"Neither","Independent | Neither",1,1,1,41,"woman","Black or African American","4yearColl","$100,001-$120,000",6,4,0,0,0,0,1,NA
"XW770hy",52,2,4,5,4,2,2,5,2.8,7,3,4,5,4,6,4,6,5,6,3,3,2,4,2,2,2,3,65,87,32,79,51,2,"Democrat","Not very strong",NA,NA,"Democrat | Not very strong",1,1,1,31,"woman","Hispanic, Latino, or Spanish origin","2yearColl","$60,001-$80,000",4,3,0,0,0,1,0,NA
"RB487fd",0,6.5,6,5,2,7,6,5.25,4,4,1,5,6,4,6,6,5,4,6,5,4,2,4,5,2,1,1,80,52,51,53,66,4,"Republican",NA,"Not very strong",NA,"Republican | Not very strong",1,1,1,65,"man","White","4yearColl","Over $200,000",11,4,1,1,1,0,0,"I enjoy solitude and being away from a lot of people. I spend time outdoors to just sit and be in awe of God's creations around me."
"IV892kj",59,4.5,2,4,6,6,3,5.125,5,6,1,6,2,6,6,6,5,5,5,5,5,5,5,5,2,2,2,77,66,60,63,63,5,"Republican",NA,"Not very strong",NA,"Republican | Not very strong",1,1,1,54,"man","White","4yearColl","Over $200,000",11,4,1,1,1,0,0,NA
"LB802pf",42,5.5,4,5,4,5,6,3.625,5,6,3,5,3,3,3,2,3,5,5,5,5,5,5,5,2,2,2,60,70,31,70,41,6,"Republican",NA,"Strong",NA,"Republican | Strong",1,1,1,26,"man","White","4yearColl","$120,001-$140,000",7,4,1,1,1,0,0,NA
"AX964xi",13,1.5,3,7,5,2,1,4,1.8,3,2.5,4,4,4,4,4,4,4,4,2,2,2,1,2,1,1,1,70,90,40,70,40,5,"Republican",NA,"Not very strong",NA,"Republican | Not very strong",1,1,1,25,"man","Asian","4yearColl","$60,001-$80,000",4,4,0,1,1,0,0,NA
"JY292hv",70,3.5,5,3,3,4,3,4.75,4.2,5,3.5,5,4,6,5,4,4,6,4,5,5,4,3,4,1,2,2,30,75,25,60,30,2,"Independent",NA,NA,"Closer to Democratic","Independent | Closer to Democratic",1,1,1,39,"man","Black or African American","4yearColl",NA,NA,4,0,1,0,0,1,NA
"AW522jq",40,2.5,3,5,5,4,1,5.625,4.2,5,4,5,6,6,6,6,6,4,6,4,5,5,2,5,1,2,2,46,83,34,74,57,2,"Democrat","Strong",NA,NA,"Democrat | Strong",1,1,1,27,"woman","Black or African American","2yearColl","$20,001-$40,000",2,3,0,0,0,1,0,NA
"OE863tq",50,2.5,3,4,5,3,2,5.375,3,5,1.5,3,6,6,5,6,6,6,5,3,2,3,2,5,2,2,1,80,80,50,70,60,4,"Independent",NA,NA,"Neither","Independent | Neither",1,1,1,60,"man","White","MA","$60,001-$80,000",4,5,1,1,0,0,1,NA
"HW941mo",100,1,7,6,1,1,1,4.5,2,3,2,5,5,4,5,6,4,5,2,2,2,2,2,2,1,1,1,44,100,43,9,23,1,"Republican",NA,"Strong",NA,"Republican | Strong",1,1,1,54,"woman","Black or African American","PHD","$140,001-$160,000",8,6,0,0,1,0,0,NA
"YF440pi",60,3.5,3,4,5,4,3,5,3.8,4,2,5,4,6,5,5,5,5,5,3,4,5,3,4,1,1,2,80,95,70,65,70,4,"Democrat","Strong",NA,NA,"Democrat | Strong",1,1,1,61,"man","Black or African American","2yearColl","$20,001-$40,000",2,3,0,1,0,1,0,"I have no additional comments to share"
"TD758ma",18,3,4,3,4,3,3,4.625,2,3,3,5,5,4,5,5,6,4,3,2,2,2,2,2,1,1,1,75,95,58,80,60,5,"Independent",NA,NA,"Neither","Independent | Neither",1,1,1,60,"man","multiracial","2yearColl","Over $200,000",11,3,0,1,0,0,1,NA
"OV650du",0,1,7,7,1,1,1,6,2,3,2,6,6,6,6,6,6,6,6,2,2,2,2,2,1,1,1,80,100,53,61,57,7,"Republican",NA,"Strong",NA,"Republican | Strong",1,1,1,39,"woman","White","MA","$100,001-$120,000",6,5,1,0,1,0,0,"The study was good"
"IU729vo",18,6.5,7,2,1,7,6,6,4,5,3.5,6,6,6,6,6,6,6,6,5,5,2,4,4,2,1,2,60,70,60,70,54,6,"Independent",NA,NA,"Closer to Republican","Independent | Closer to Republican",1,1,1,60,"man","Hispanic, Latino, or Spanish origin","4yearColl","$100,001-$120,000",6,4,0,1,0,0,1,"none"
"GA848uu",62,4.5,4,3,4,3,6,3.125,5,6,3,4,3,3,3,3,3,3,3,5,5,5,4,6,2,2,2,74,81,66,87,42,6,"Independent",NA,NA,"Neither","Independent | Neither",1,1,1,68,"woman","White","4yearColl","$60,001-$80,000",4,4,1,0,0,0,1,NA
"FN432dr",81,3.5,2,6,6,3,4,4.125,4.4,8,2,5,4,4,3,5,6,3,3,6,3,4,4,5,3,2,3,64,100,15,52,17,3,"Independent",NA,NA,"Closer to Democratic","Independent | Closer to Democratic",1,1,1,23,"man","White","GED","$20,001-$40,000",2,2,1,1,0,0,1,NA
"GO439ei",55,5,3,3,5,5,5,5.875,2,3,3,6,5,6,6,6,6,6,6,2,2,2,2,2,1,1,1,0,0,0,0,0,5,"Republican",NA,"Not very strong",NA,"Republican | Not very strong",1,1,1,43,"woman","White","GED","$40,001-$60,000",3,2,1,0,1,0,0,NA
"EY989mx",42,1,7,1,1,1,1,5,5.4,6,2,5,5,5,5,5,5,5,5,5,6,5,5,6,2,2,2,20,30,5,5,5,1,"Independent",NA,NA,"Neither","Independent | Neither",1,1,1,35,"man","White","MA","$100,001-$120,000",6,5,1,1,0,0,1,NA
"JB630dp",20,4,6,7,2,1,7,4.5,3,7,3,6,6,2,6,5,6,3,2,3,3,3,3,3,2,3,2,0,0,0,0,0,7,"Republican",NA,"Strong",NA,"Republican | Strong",1,1,1,41,"woman","Black or African American","4yearColl","$160,001-$180,000",9,4,0,0,1,0,0,NA
"YD180ra",55,1.5,3,7,5,2,1,2,2.4,5,3,2,2,2,2,2,2,2,2,2,2,2,3,3,1,2,2,50,60,45,55,40,2,"Independent",NA,NA,"Closer to Democratic","Independent | Closer to Democratic",1,1,1,29,"woman","Hispanic, Latino, or Spanish origin","4yearColl","$120,001-$140,000",7,4,0,0,0,0,1,NA
"EN469py",72,5.5,7,6,1,5,6,6,1.4,3,2,6,6,6,6,6,6,6,6,2,1,1,1,2,1,1,1,80,100,31,69,60,5,"Republican",NA,"Not very strong",NA,"Republican | Not very strong",1,1,1,51,"woman","White","MA","$140,001-$160,000",8,5,1,0,1,0,0,"No commets."
"ZD161yk",50,1.5,4,3,4,2,1,4.25,3.4,3,3,4,4,6,4,4,4,4,4,3,2,4,4,4,1,1,1,49,89,25,72,23,2,"Independent",NA,NA,"Closer to Democratic","Independent | Closer to Democratic",1,1,1,49,"woman","White","2yearColl","$120,001-$140,000",7,3,1,0,0,0,1,NA
"WD826yt",51,4.5,7,7,1,7,2,4.75,5.8,6,3,2,6,2,7,7,6,5,3,7,7,7,1,7,2,2,2,70,77,32,15,85,6,"Republican",NA,"Strong",NA,"Republican | Strong",1,1,1,29,"woman","White","4yearColl","$0-$20,000",1,4,1,0,1,0,0,NA
"AZ951yf",0,4,3,2,5,3,5,3,2,3,3,3,3,3,3,3,3,3,3,2,2,2,2,2,1,1,1,0,0,0,0,0,6,"Republican",NA,"Strong",NA,"Republican | Strong",1,1,1,38,"woman","White","2yearColl","$80,001-$100,000",5,3,1,0,1,0,0,NA
"GH805ki",60,1,6,5,2,1,1,5.25,2.6,3,2,5,5,5,5,5,6,5,6,2,3,3,2,3,1,1,1,75,85,13,70,20,1,"Democrat","Strong",NA,NA,"Democrat | Strong",1,1,1,36,"man","White","4yearColl","$140,001-$160,000",8,4,1,1,0,1,0,NA
"UX882ni",64,7,7,1,1,7,7,5.5,4.6,7,4,6,5,6,5,5,5,6,6,5,5,5,3,5,3,2,2,64,54,92,95,89,7,"Republican",NA,"Strong",NA,"Republican | Strong",1,1,1,64,"woman","White","GED","$40,001-$60,000",3,2,1,0,1,0,0,NA
"UK905ul",0,4.5,3,5,5,3,6,6.375,1.2,3,4,7,6,7,5,6,6,7,7,1,1,1,2,1,1,1,1,20,43,15,25,30,2,"Independent",NA,NA,"Closer to Democratic","Independent | Closer to Democratic",1,1,1,35,"woman","Black or African American","4yearColl","$60,001-$80,000",4,4,0,0,0,0,1,NA
"CG112bk",11,7,1,1,7,7,7,6.75,1,3,3,7,6,7,7,7,7,7,6,1,1,1,1,1,1,1,1,84,85,79,87,76,6,"Republican",NA,"Strong",NA,"Republican | Strong",1,1,1,69,"man","White","4yearColl","$60,001-$80,000",4,4,1,1,1,0,0,"-"
"MB713dx",62,4,5,1,3,3,5,5.25,4.2,5,5,6,5,6,5,5,4,6,5,5,5,4,2,5,2,1,2,40,70,50,70,50,4,"Independent",NA,NA,"Neither","Independent | Neither",1,1,1,45,"man","White","GED","$0-$20,000",1,2,1,1,0,0,1,NA
"WV417kq",100,5.5,3,4,5,4,7,5.5,5.4,9,5,5,5,6,6,6,6,5,5,6,6,6,3,6,3,3,3,17,56,56,86,43,6,"Republican",NA,"Not very strong",NA,"Republican | Not very strong",1,1,1,39,"man","White","GED","$20,001-$40,000",2,2,1,1,1,0,0,NA
"PY319ep",59,4,4,4,4,4,4,4.75,4.4,6,1,5,5,3,5,5,5,5,5,5,4,5,3,5,2,2,2,74,63,27,42,51,4,"Republican",NA,"Not very strong",NA,"Republican | Not very strong",1,1,1,41,"woman","White","GED","$20,001-$40,000",2,2,1,0,1,0,0,"Na"
"EL770mz",88,4.5,3,5,5,3,6,4.25,4.8,7,4,2,6,3,5,7,6,3,2,5,5,5,2,7,3,2,2,56,67,43,91,78,6,"Republican",NA,"Not very strong",NA,"Republican | Not very strong",1,1,1,40,"man","Black or African American","4yearColl","$80,001-$100,000",5,4,0,1,1,0,0,"great study"
"BB439rw",61,2.5,7,5,1,1,4,5.125,3.2,4,2,5,5,6,5,5,5,5,5,3,4,3,3,3,2,1,1,89,100,34,87,27,4,"Independent",NA,NA,"Neither","Independent | Neither",1,1,1,38,"man","White","2yearColl","$60,001-$80,000",4,3,1,1,0,0,1,NA
"EE953pp",40,7,6,2,2,7,7,5.375,2.2,5,3,6,5,5,5,6,6,5,5,4,2,1,2,2,2,1,2,65,70,50,75,60,7,"Independent",NA,NA,"Neither","Independent | Neither",1,1,1,55,"man","White","4yearColl","$160,001-$180,000",9,4,1,1,0,0,1,"Nothing comes to mind"
"HT383zm",74,7,5,2,3,7,7,5,5.4,7,3,6,5,4,5,5,5,5,5,5,5,5,6,6,2,3,2,73,86,70,75,60,7,"Republican",NA,"Strong",NA,"Republican | Strong",1,1,1,42,"woman","White","MA","$140,001-$160,000",8,5,1,0,1,0,0,NA
"LJ213fk",15,4.5,6,6,2,3,6,5,3.6,6,3,5,5,5,5,5,6,5,4,4,3,3,3,5,2,2,2,60,94,94,44,50,6,"Republican",NA,"Not very strong",NA,"Republican | Not very strong",1,1,1,40,"woman","White","4yearColl","$20,001-$40,000",2,4,1,0,1,0,0,"None"
"NG952ip",24,5,3,4,5,5,5,4.25,2.2,5,3,3,5,3,5,6,6,3,3,2,2,2,3,2,2,1,2,0,0,0,0,0,2,"Republican",NA,"Strong",NA,"Republican | Strong",1,1,1,64,"woman","White","PHD","Over $200,000",11,6,1,0,1,0,0,NA
"QO684mb",40,1,7,6,1,1,1,2,5.2,5,2,2,2,2,2,2,2,2,2,6,6,6,2,6,1,2,2,60,80,20,45,35,1,"Democrat","Strong",NA,NA,"Democrat | Strong",1,1,1,30,"man","White","4yearColl","$140,001-$160,000",8,4,1,1,0,1,0,NA
"RB510xw",20,4.5,3,2,5,3,6,5.5,2.2,3,3,6,5,6,5,5,5,6,6,2,2,2,3,2,1,1,1,50,50,50,50,50,4,"Republican",NA,"Strong",NA,"Republican | Strong",1,1,1,36,"woman","White","GED","$140,001-$160,000",8,2,1,0,1,0,0,NA
"EK675tl",25,5.5,3,6,5,6,5,6.125,3.2,5,2,6,6,6,6,6,6,6,7,6,2,3,2,3,1,2,2,60,80,46,20,32,6,"Democrat","Not very strong",NA,NA,"Democrat | Not very strong",1,1,1,35,"man","White","4yearColl","$60,001-$80,000",4,4,1,1,0,1,0,"none"
"FR991wa",0,6,3,5,5,6,6,5.75,1.6,3,2,6,4,6,6,6,6,6,6,2,1,2,1,2,1,1,1,85,90,80,59,58,6,"Republican",NA,"Strong",NA,"Republican | Strong",1,1,1,60,"man","Hispanic, Latino, or Spanish origin","MA","$120,001-$140,000",7,5,0,1,1,0,0,NA
"PI778sh",0,1,4,4,4,1,1,4,5.4,3,3,4,4,4,4,4,4,4,4,6,4,6,4,7,1,1,1,0,0,0,0,0,2,"Independent",NA,NA,"Closer to Democratic","Independent | Closer to Democratic",1,1,1,45,"man","White","4yearColl","$60,001-$80,000",4,4,1,1,0,0,1,"The slider portion of this study (indicating where I and society at large stand) did not work. If this corrupts my data in any way, shape, or form, please don't hesitate to ask me to return the study. I will understand. Thank you."
"HD958bl",60,2,5,7,3,3,1,5,4.2,7,5,6,5,5,5,5,5,6,3,6,5,2,2,6,3,2,2,30,70,55,76,51,2,"Democrat","Not very strong",NA,NA,"Democrat | Not very strong",1,1,1,23,"woman","Black or African American","GED","$20,001-$40,000",2,2,0,0,0,1,0,NA
"EE177sv",40,3,3,4,5,5,1,5.375,2.4,4,5,5,5,6,5,5,5,6,6,2,3,2,2,3,2,1,1,40,85,70,60,45,4,"Independent",NA,NA,"Neither","Independent | Neither",1,1,1,24,"woman","White","4yearColl","$60,001-$80,000",4,4,1,0,0,0,1,NA
"ED458bc",50,3.5,4,4,4,3,4,3,4.4,6,2,3,3,3,3,3,3,3,3,4,5,5,3,5,2,2,2,60,73,40,25,10,4,"Republican",NA,"Not very strong",NA,"Republican | Not very strong",1,1,1,43,"woman","White","2yearColl","$80,001-$100,000",5,3,1,0,1,0,0,NA
"UP410fs",49,6,1,1,7,7,5,3.75,1,3,2,3,3,4,5,3,5,4,3,1,1,1,1,1,1,1,1,71,74,9,58,34,4,"Independent",NA,NA,"Closer to Republican","Independent | Closer to Republican",1,1,1,36,"man","White","4yearColl","Over $200,000",11,4,1,1,0,0,1,NA
"AN873uo",75,2,6,4,2,1,3,2.75,5.8,8,3,4,1,4,3,2,2,3,3,5,7,5,6,6,3,3,2,45,65,35,60,40,3,"Independent",NA,NA,"Neither","Independent | Neither",1,1,1,45,"man","White","4yearColl","$40,001-$60,000",3,4,1,1,0,0,1,NA
"TY670pj",60,7,4,4,4,7,7,6,3.4,3,3,6,6,6,6,6,6,6,6,4,4,3,3,3,1,1,1,50,50,50,50,50,6,"Republican",NA,"Strong",NA,"Republican | Strong",1,1,1,36,"man","White","GED","$40,001-$60,000",3,2,1,1,1,0,0,NA
"XK830qg",85,1,6,3,2,1,1,3.5,5.2,3,2,4,3,4,3,3,4,4,3,5,5,5,5,6,1,1,1,65,100,30,60,35,3,"Independent",NA,NA,"Closer to Democratic","Independent | Closer to Democratic",1,1,1,74,"woman","White","GED","$0-$20,000",1,2,1,0,0,0,1,NA
"WD949lb",60,4,4,4,4,4,4,6,2,3,3,6,6,6,6,6,6,6,6,2,2,2,2,2,1,1,1,0,0,0,0,0,4,"Independent",NA,NA,"Neither","Independent | Neither",1,1,1,40,"man","Asian","4yearColl","$80,001-$100,000",5,4,0,1,0,0,1,NA
"QI859el",70,7,4,5,4,7,7,6.375,5.8,5,5,5,6,7,7,7,6,6,7,7,6,5,4,7,1,2,2,42,78,60,72,55,6,"Republican",NA,"Not very strong",NA,"Republican | Not very strong",1,1,1,69,"man","White","GED","$20,001-$40,000",2,2,1,1,1,0,0,NA
"TE952ky",70,1.5,6,2,2,2,1,2.875,3.4,5,1.5,3,3,3,3,3,3,3,2,3,5,2,2,5,1,2,2,70,70,40,60,30,1,"Democrat","Not very strong",NA,NA,"Democrat | Not very strong",1,1,1,45,"man","White","GED","$160,001-$180,000",9,2,1,1,0,1,0,NA
"VK683jd",0,5,5,2,3,5,5,6,4.2,5,3,7,6,7,5,3,6,7,7,5,5,4,2,5,1,2,2,31,30,41,24,35,5,"Republican",NA,"Not very strong",NA,"Republican | Not very strong",1,1,1,72,"woman","White","2yearColl","$20,001-$40,000",2,3,1,0,1,0,0,"Thanks!"
"SF468tr",90,5.5,3,4,5,4,7,3.125,5,9,5,3,3,4,3,3,3,3,3,5,5,5,5,5,3,3,3,36,50,80,89,67,5,"Republican",NA,"Not very strong",NA,"Republican | Not very strong",1,1,1,36,"man","White","GED","$0-$20,000",1,2,1,1,1,0,0,NA
"OL936wl",64,2.5,3,3,5,4,1,4.5,2,3,2,5,5,5,4,5,3,5,4,2,2,2,2,2,1,1,1,79,87,5,12,13,2,"Democrat","Strong",NA,NA,"Democrat | Strong",1,1,1,38,"woman","White","GED","$20,001-$40,000",2,2,1,0,0,1,0,NA
"PA135fw",9,4,4,4,4,4,4,4.625,2.4,3,3.5,3,6,3,5,5,5,5,5,2,2,2,2,4,1,1,1,0,7,0,0,0,4,"Independent",NA,NA,"Neither","Independent | Neither",1,1,1,30,"woman","White","PHD","$40,001-$60,000",3,6,1,0,0,0,1,NA
"MS800fh",40,2.5,6,3,2,3,2,3.5,3.8,7,4.5,3,4,3,4,4,4,3,3,4,4,4,3,4,3,2,2,13,60,13,19,24,2,"Democrat","Not very strong",NA,NA,"Democrat | Not very strong",1,1,1,62,"man","White","GED","$0-$20,000",1,2,1,1,0,1,0,NA
"JZ201ks",73,6,5,3,3,7,5,5.5,6,9,3,6,5,6,5,5,5,6,6,6,6,6,6,6,3,3,3,49,87,28,91,28,5,"Republican",NA,"Not very strong",NA,"Republican | Not very strong",1,1,1,53,"woman","White","4yearColl","Over $200,000",11,4,1,0,1,0,0,NA
"IM768yt",25,2.5,4,3,4,2,3,3.125,3.4,6,3,3,3,3,4,3,2,4,3,4,3,3,3,4,2,2,2,35,57,29,48,21,2,"Democrat","Not very strong",NA,NA,"Democrat | Not very strong",1,1,1,30,"man","White","GED","$60,001-$80,000",4,2,1,1,0,1,0,NA
"QN608mg",10,4,4,4,4,4,4,4.875,2,3,2,5,5,5,5,5,5,4,5,2,2,2,2,2,1,1,1,69,76,49,54,50,4,"Independent",NA,NA,"Neither","Independent | Neither",1,1,1,65,"woman","White","2yearColl","$20,001-$40,000",2,3,1,0,0,0,1,"I have no other comments, thank you. Thank you for allowing me to participate in this study. Have a great day and take care!
"
"MI759od",10,1,7,3,1,1,1,6.875,1.2,4,2,7,7,7,7,7,7,6,7,1,1,1,1,2,1,1,2,65,85,35,45,25,2,"Democrat","Strong",NA,NA,"Democrat | Strong",1,1,1,35,"man","White","4yearColl","$60,001-$80,000",4,4,1,1,0,1,0,NA
"CF814uz",57,5,5,4,3,5,5,4.5,5.2,8,3,3,6,3,5,6,6,4,3,6,6,6,3,5,3,2,3,0,0,0,0,0,4,"Independent",NA,NA,"Neither","Independent | Neither",1,1,1,49,"woman","Black or African American","4yearColl","$20,001-$40,000",2,4,0,0,0,0,1,NA
"YB411lg",30,5.5,4,4,4,6,5,5.625,1.8,5,3,6,6,6,6,5,4,6,6,2,2,1,2,2,2,2,1,50,50,50,50,50,5,"Independent",NA,NA,"Closer to Republican","Independent | Closer to Republican",1,1,1,45,"woman","multiracial","4yearColl","$120,001-$140,000",7,4,0,0,0,0,1,NA
"NY148oz",20,3,3,4,5,2,4,5.625,2.4,6,2.5,5,6,6,6,5,5,6,6,2,2,2,4,2,2,2,2,80,82,80,70,60,4,"Independent",NA,NA,"Neither","Independent | Neither",1,1,1,40,"woman","Asian","GED","$140,001-$160,000",8,2,0,0,0,0,1,NA
"AE277nl",69,1,6,3,2,1,1,2.875,2,3,2,3,2,4,2,2,4,3,3,2,2,2,2,2,1,1,1,70,73,27,60,40,2,"Democrat","Strong",NA,NA,"Democrat | Strong",1,1,1,32,"woman","White","MA","Over $200,000",11,5,1,0,0,1,0,NA
"XH868ek",55,2.5,5,5,3,3,2,3,4.6,6,3,3,3,3,3,3,3,3,3,5,5,5,5,3,2,2,2,43,95,12,49,39,2,"Democrat","Not very strong",NA,NA,"Democrat | Not very strong",1,1,1,40,"woman","Hispanic, Latino, or Spanish origin","4yearColl","$40,001-$60,000",3,4,0,0,0,1,0,NA
"QM543bx",74,5.5,5,1,3,5,6,3.5,5,6,4,3,3,3,5,3,5,3,3,5,5,5,5,5,2,2,2,49,73,45,97,54,5,"Independent",NA,NA,"Closer to Republican","Independent | Closer to Republican",1,1,1,42,"woman","White","4yearColl","$100,001-$120,000",6,4,1,0,0,0,1,NA
"OH560ns",79,6.5,1,3,7,6,7,7,5.4,7,5,7,7,7,7,7,7,7,7,7,7,5,7,1,1,3,3,0,50,8,13,47,5,"Independent",NA,NA,"Closer to Republican","Independent | Closer to Republican",1,1,1,42,"woman","White","4yearColl","$60,001-$80,000",4,4,1,0,0,0,1,NA
"CR331ig",39,4.5,3,4,5,6,3,5.125,3.6,6,1,5,5,5,6,5,5,5,5,4,4,5,2,3,2,2,2,73,69,33,57,40,5,"Republican",NA,"Not very strong",NA,"Republican | Not very strong",1,1,1,46,"man","Asian","PHD","$80,001-$100,000",5,6,0,1,1,0,0,NA
"XQ145hb",34,2.5,4,4,4,3,2,4.625,2,3,2.5,4,4,6,4,5,4,4,6,2,2,2,2,2,1,1,1,55,73,55,35,47,4,"Independent",NA,NA,"Neither","Independent | Neither",1,1,1,33,"woman","Black or African American","GED","$40,001-$60,000",3,2,0,0,0,0,1,NA
"UT118qz",40,3.5,3,3,5,4,3,4,3.2,3,3,5,3,5,5,3,3,5,3,3,3,2,3,5,1,1,1,77,90,70,80,60,3,"Independent",NA,NA,"Closer to Democratic","Independent | Closer to Democratic",1,1,1,76,"woman","White","4yearColl","$40,001-$60,000",3,4,1,0,0,0,1,"I think it makes a difference how you feel about being connected by area you live in, rural vs city."
"QI617pc",40,6,1,7,7,6,6,5.75,1.8,4,2,7,6,7,7,7,7,3,2,2,1,2,2,2,1,2,1,72,82,19,61,39,6,"Republican",NA,"Strong",NA,"Republican | Strong",1,1,1,38,"man","White","MA","$140,001-$160,000",8,5,1,1,1,0,0,"The study was excellent"
"ZD700ov",35,5.5,4,4,4,4,7,4.75,1.2,4,1,5,5,5,4,4,5,5,5,1,1,1,2,1,2,1,1,70,58,30,37,17,7,"Republican",NA,"Strong",NA,"Republican | Strong",1,1,1,51,"woman","White","GED","$20,001-$40,000",2,2,1,0,1,0,0,"none"
"FH965hy",33,3.5,2,1,6,3,4,5,3.4,7,1,5,5,5,5,5,5,5,5,5,2,3,2,5,3,2,2,82,77,49,47,35,4,"Independent",NA,NA,"Closer to Democratic","Independent | Closer to Democratic",1,1,1,63,"man","White","GED","$60,001-$80,000",4,2,1,1,0,0,1,"thanks"
"EM994ql",40,6,2,5,6,6,6,5,2.4,3,2,6,6,2,6,6,6,2,6,2,3,2,2,3,1,1,1,49,83,42,35,26,6,"Republican",NA,"Strong",NA,"Republican | Strong",1,1,1,63,"woman","White","4yearColl","$0-$20,000",1,4,1,0,1,0,0,NA
"MN290bk",50,6.5,4,5,4,6,7,6,3.8,8,3,6,6,6,6,6,6,6,6,5,5,1,3,5,3,3,2,80,90,60,85,50,7,"Republican",NA,"Strong",NA,"Republican | Strong",1,1,1,32,"woman","White","4yearColl","$80,001-$100,000",5,4,1,0,1,0,0,"N/A"
"XQ872qh",0,4,3,5,5,4,4,5.125,1.8,4,2,6,2,6,6,4,5,6,6,3,1,2,2,1,2,1,1,54,85,41,49,19,4,"Independent",NA,NA,"Neither","Independent | Neither",1,1,1,66,"woman","White","2yearColl","$40,001-$60,000",3,3,1,0,0,0,1,NA
"IM890nb",79,4.5,2,5,6,5,4,4.875,2,3,1,5,5,3,5,6,5,5,5,2,2,2,2,2,1,1,1,83,77,58,72,61,2,"Republican",NA,"Strong",NA,"Republican | Strong",1,1,1,52,"man","White","MA","$60,001-$80,000",4,5,1,1,1,0,0,NA
"JE646kz",60,3,3,4,5,3,3,3.5,3,4,2.5,4,3,4,4,3,4,3,3,3,3,3,3,3,2,1,1,49,0,49,49,49,4,"Independent",NA,NA,"Closer to Democratic","Independent | Closer to Democratic",1,1,1,64,"woman","White","GED","$0-$20,000",1,2,1,0,0,0,1,NA
"UK268ck",0,4,4,5,4,4,4,5.25,2,3,3,7,4,5,7,5,4,5,5,2,2,2,2,2,1,1,1,54,60,49,68,45,4,"Independent",NA,NA,"Closer to Republican","Independent | Closer to Republican",1,1,1,89,"man","White","MA","$40,001-$60,000",3,5,1,1,0,0,1,NA
"ZG731ku",9,5,6,3,2,3,7,4.75,2.6,3,3,5,3,5,5,5,5,5,5,3,3,3,2,2,1,1,1,89,100,18,100,40,5,"Independent",NA,NA,"Closer to Republican","Independent | Closer to Republican",1,1,1,41,"woman","White","4yearColl","$180,001-$200,000",10,4,1,0,0,0,1,NA
"ET822kk",0,2.5,3,5,5,3,2,4.75,3.4,5,2,6,3,6,5,2,4,6,6,4,3,2,3,5,2,1,2,63,85,39,56,24,2,"Democrat","Strong",NA,NA,"Democrat | Strong",1,1,1,55,"woman","White","PHD","$60,001-$80,000",4,6,1,0,0,1,0,NA
"FN128pt",82,7,6,2,2,7,7,3.125,4.4,7,5,3,3,3,4,3,3,3,3,5,5,5,2,5,3,2,2,25,81,61,68,40,7,"Republican",NA,"Strong",NA,"Republican | Strong",1,1,1,62,"woman","White","GED","$0-$20,000",1,2,1,0,1,0,0,NA
"MX213en",20,1,4,4,4,1,1,5,2,3,2,5,5,5,5,5,5,5,5,2,2,2,2,2,1,1,1,87,96,55,77,65,1,"Democrat","Strong",NA,NA,"Democrat | Strong",1,1,1,52,"man","White","PHD","Over $200,000",11,6,1,1,0,1,0,"none"
"JL220ra",47,4,4,3,4,4,4,5.125,5.2,6,3,6,6,5,4,5,6,3,6,6,6,6,2,6,2,2,2,16,14,17,18,14,4,"Republican",NA,"Strong",NA,"Republican | Strong",1,1,1,37,"woman","White","GED","$0-$20,000",1,2,1,0,1,0,0,NA
"QR022yl",25,1.5,6,5,2,2,1,2.625,5.8,8,5,3,2,3,2,3,3,3,2,6,6,6,5,6,2,3,3,47,100,62,94,77,1,"Democrat","Strong",NA,NA,"Democrat | Strong",1,1,1,55,"woman","Black or African American","GED","$60,001-$80,000",4,2,0,0,0,1,0,NA
"FL406gg",70,5,5,4,3,3,7,3.125,3.6,5,3,3,3,3,3,3,4,3,3,3,5,4,2,4,1,2,2,60,60,40,65,60,6,"Republican",NA,"Strong",NA,"Republican | Strong",1,1,1,47,"man","White","4yearColl","$60,001-$80,000",4,4,1,1,1,0,0,NA
"ED956lk",30,3.5,3,5,5,4,3,4.5,5.8,9,2,3,5,5,5,5,5,5,3,6,6,6,5,6,3,3,3,82,91,70,74,66,5,"Republican",NA,"Not very strong",NA,"Republican | Not very strong",1,1,1,51,"woman","White","GED","$60,001-$80,000",4,2,1,0,1,0,0,NA
"UB787bz",0,3,2,3,6,4,2,2,3.2,6,1,2,1,2,2,1,2,3,3,5,6,1,3,1,2,2,2,60,55,45,55,48,3,"Democrat","Strong",NA,NA,"Democrat | Strong",1,1,1,42,"man","White","4yearColl","$100,001-$120,000",6,4,1,1,0,1,0,NA
"WA386xk",99,5.5,6,3,2,4,7,1.875,6.2,9,5,1,2,2,2,2,2,2,2,6,7,6,6,6,3,3,3,15,70,80,90,60,4,"Independent",NA,NA,"Neither","Independent | Neither",1,1,1,30,"woman","White","2yearColl","$20,001-$40,000",2,3,1,0,0,0,1,NA
"GS310xn",75,6,6,1,2,5,7,6.125,5.2,7,5,6,7,6,6,6,6,6,6,5,6,5,5,5,3,2,2,14,70,25,81,31,7,"Republican",NA,"Not very strong",NA,"Republican | Not very strong",1,1,1,30,"man","White","GED","$60,001-$80,000",4,2,1,1,1,0,0,NA
"KV435bf",30,4.5,2,5,6,5,4,4.5,2.6,4,2,5,3,5,3,5,5,5,5,3,3,2,3,2,1,1,2,60,65,22,55,30,3,"Independent",NA,NA,"Closer to Democratic","Independent | Closer to Democratic",1,1,1,39,"man","White","MA","$40,001-$60,000",3,5,1,1,0,0,1,NA
"UY664gy",11,7,4,4,4,7,7,3.75,1.4,3,1,5,5,2,4,4,5,3,2,2,1,1,2,1,1,1,1,87,77,22,72,50,6,"Republican",NA,"Strong",NA,"Republican | Strong",1,1,1,56,"man","White","MA","$120,001-$140,000",7,5,1,1,1,0,0,"Thank you"
"NX108kc",41,3,3,3,5,3,3,5.5,3.8,6,3,6,6,5,6,5,5,5,6,3,3,5,3,5,2,2,2,71,94,45,79,51,4,"Republican",NA,"Not very strong",NA,"Republican | Not very strong",1,1,1,51,"woman","White","4yearColl","$180,001-$200,000",10,4,1,0,1,0,0,NA
"GI405mw",30,4,4,4,4,4,4,4.125,2.6,3,2.5,4,4,4,4,4,4,4,5,2,3,2,3,3,1,1,1,81,88,81,71,71,5,"Republican",NA,"Not very strong",NA,"Republican | Not very strong",1,1,1,28,"man","Black or African American","4yearColl","Over $200,000",11,4,0,1,1,0,0,NA
"TD622op",0,5,6,3,2,6,4,6.125,1,3,5,7,6,7,6,5,5,7,6,1,1,1,1,1,1,1,1,60,90,80,71,75,4,"Independent",NA,NA,"Neither","Independent | Neither",1,1,1,63,"woman","White","GED","$20,001-$40,000",2,2,1,0,0,0,1,NA
"FB915wf",40,6.5,2,4,6,6,7,4.75,2,6,3,4,5,5,2,5,6,5,6,2,2,2,2,2,2,2,2,62,87,28,69,45,4,"Republican",NA,"Not very strong",NA,"Republican | Not very strong",1,1,1,29,"man","Black or African American","PHD","Over $200,000",11,6,0,1,1,0,0,"This study was well structured."
"SN820yl",40,4,7,1,1,4,4,4.75,3.8,5,3,5,5,5,5,5,3,5,5,4,5,3,3,4,2,2,1,65,80,57,75,60,4,"Independent",NA,NA,"Neither","Independent | Neither",1,1,1,27,"man","Asian","4yearColl","$80,001-$100,000",5,4,0,1,0,0,1,NA
"YF300oe",10,1.5,2,4,6,1,2,6.375,1,3,3,7,7,7,7,6,6,7,4,1,1,1,1,1,1,1,1,100,100,100,100,100,2,"Democrat","Not very strong",NA,NA,"Democrat | Not very strong",1,1,1,37,"man","White","4yearColl","$120,001-$140,000",7,4,1,1,0,1,0,NA
"DY469vy",39,4,5,3,3,4,4,5.875,2.4,4,3,7,7,5,5,7,6,5,5,3,2,2,2,3,2,1,1,47,75,57,39,22,4,"Independent",NA,NA,"Neither","Independent | Neither",1,1,1,48,"woman","White","GED","$20,001-$40,000",2,2,1,0,0,0,1,NA
"SX721ww",43,3,5,4,3,3,3,5.125,5.4,8,4,5,5,5,6,5,5,5,5,6,5,5,5,6,3,2,3,44,77,41,58,52,5,"Republican",NA,"Not very strong",NA,"Republican | Not very strong",1,1,1,25,"man","Hispanic, Latino, or Spanish origin","4yearColl","$40,001-$60,000",3,4,0,1,1,0,0,NA
"TE743rs",70,5.5,2,6,6,5,6,3,4.4,7,1,2,2,3,5,4,5,1,2,5,5,7,2,3,1,3,3,100,0,0,0,0,6,"Independent",NA,NA,"Neither","Independent | Neither",1,1,1,26,"woman","Black or African American","4yearColl","$80,001-$100,000",5,4,0,0,0,0,1,"no"
"XP018kp",19,3.5,6,4,2,6,1,3.625,2.6,5,5,6,2,6,3,3,3,3,3,3,2,3,2,3,2,1,2,2,8,16,6,6,1,"Republican",NA,"Strong",NA,"Republican | Strong",1,1,1,26,"woman","White","PHD","$40,001-$60,000",3,6,1,0,1,0,0,NA
"RY340nu",25,3,5,1,3,4,2,6,4.6,6,2,6,6,6,6,6,6,6,6,5,5,5,3,5,2,2,2,80,50,40,85,30,3,"Democrat","Strong",NA,NA,"Democrat | Strong",1,1,1,56,"man","Black or African American","MA","Over $200,000",11,5,0,1,0,1,0,"None"
"UE020mj",0,6,3,5,5,5,7,6,2.6,3,2.5,6,6,6,6,6,6,6,6,2,4,2,3,2,1,1,1,75,75,62,88,67,6,"Republican",NA,"Not very strong",NA,"Republican | Not very strong",1,1,1,50,"man","multiracial","GED","$120,001-$140,000",7,2,0,1,1,0,0,NA
"ZJ315oa",81,6,3,4,5,7,5,3.875,4.2,5,1.5,3,4,3,6,4,5,4,2,5,4,4,4,4,1,2,2,98,95,95,98,97,5,"Republican",NA,"Strong",NA,"Republican | Strong",1,1,1,29,"woman","Black or African American","2yearColl","$40,001-$60,000",3,3,0,0,1,0,0,"Thank you"
"VD515mo",60,1.5,6,4,2,2,1,5.25,4,5,4,5,6,2,6,6,6,6,5,5,2,5,3,5,1,2,2,50,100,35,80,55,1,"Independent",NA,NA,"Neither","Independent | Neither",1,1,1,41,"woman","Black or African American","MA","$40,001-$60,000",3,5,0,0,0,0,1,NA
"IK124vk",20,4,3,4,5,5,3,5,6.2,3,1,5,5,5,5,5,5,5,5,6,6,6,6,7,1,1,1,70,65,40,50,40,3,"Independent",NA,NA,"Closer to Democratic","Independent | Closer to Democratic",1,1,1,46,"man","White","4yearColl","$100,001-$120,000",6,4,1,1,0,0,1,NA
"FU857ux",27,3.5,3,5,5,4,3,4.25,2,5,5,5,3,3,5,4,5,5,4,2,2,2,2,2,1,2,2,65,71,66,69,73,2,"Republican",NA,"Not very strong",NA,"Republican | Not very strong",1,1,1,43,"woman","White","2yearColl","$60,001-$80,000",4,3,1,0,1,0,0,NA
"MM512em",16,3.5,4,1,4,4,3,7,1.4,3,2,7,7,7,7,7,7,7,7,1,1,1,3,1,1,1,1,68,71,21,48,35,5,"Republican",NA,"Not very strong",NA,"Republican | Not very strong",1,1,1,20,"man","Hispanic, Latino, or Spanish origin","GED","$120,001-$140,000",7,2,0,1,1,0,0,NA
"QM120cn",0,6.5,4,2,4,7,6,6,1,3,3,6,6,6,6,6,6,6,6,1,1,1,1,1,1,1,1,60,65,57,68,55,6,"Independent",NA,NA,"Closer to Republican","Independent | Closer to Republican",1,1,1,74,"woman","White","PHD","$20,001-$40,000",2,6,1,0,0,0,1,"I don't really have a 'favorite' color, but yellow is cheerful."
"BE290pe",60,2,4,4,4,2,2,5.75,3.4,6,2,6,3,7,6,5,7,6,6,5,3,3,2,4,2,2,2,70,80,20,51,12,4,"Independent",NA,NA,"Closer to Democratic","Independent | Closer to Democratic",1,1,1,62,"man","White","MA","$160,001-$180,000",9,5,1,1,0,0,1,NA
"AD376vr",20,2,2,1,6,2,2,5,1.6,3,3,5,5,5,5,5,5,5,5,1,1,1,2,3,1,1,1,80,91,70,91,70,3,"Independent",NA,NA,"Closer to Democratic","Independent | Closer to Democratic",1,1,1,67,"woman","White","4yearColl","$60,001-$80,000",4,4,1,0,0,0,1,NA
"GA950qc",61,4,4,6,4,4,4,4.75,4.2,6,4,6,5,3,5,5,5,6,3,3,5,5,3,5,2,2,2,25,54,17,32,30,3,"Independent",NA,NA,"Neither","Independent | Neither",1,1,1,49,"woman","White","2yearColl","$60,001-$80,000",4,3,1,0,0,0,1,NA
"YX446zz",61,4.5,4,4,4,6,3,6,5.4,7,3,6,6,6,6,6,6,6,6,6,6,6,4,5,2,2,3,72,88,54,75,49,3,"Democrat","Not very strong",NA,NA,"Democrat | Not very strong",1,1,1,31,"woman","Black or African American","4yearColl","$80,001-$100,000",5,4,0,0,0,1,0,NA
"JB878xu",0,4,2,3,6,4,4,4.75,3.4,3,2,6,4,2,6,6,5,6,3,2,2,3,5,5,1,1,1,75,85,20,55,25,4,"Independent",NA,NA,"Neither","Independent | Neither",1,1,1,37,"man","Black or African American","4yearColl","Over $200,000",11,4,0,1,0,0,1,NA
"KZ428no",50,3.5,2,5,6,4,3,4,1.4,3,3,4,3,5,4,3,5,5,3,2,1,1,2,1,1,1,1,60,70,41,65,50,4,"Independent",NA,NA,"Closer to Democratic","Independent | Closer to Democratic",1,1,1,27,"man","Hispanic, Latino, or Spanish origin","4yearColl","$60,001-$80,000",4,4,0,1,0,0,1,NA
"PG797aa",83,2.5,5,3,3,3,2,5.875,3.8,6,4.5,6,5,6,6,5,6,6,7,5,4,4,1,5,2,2,2,66,100,66,74,68,3,"Independent",NA,NA,"Closer to Democratic","Independent | Closer to Democratic",1,1,1,45,"man","Black or African American","4yearColl","$0-$20,000",1,4,0,1,0,0,1,NA
"EW280dj",22,4.5,5,3,3,6,3,4.25,2,5,1,3,5,5,5,3,5,5,3,2,2,2,2,2,1,2,2,81,71,40,43,39,5,"Independent",NA,NA,"Neither","Independent | Neither",1,1,1,26,"man","Black or African American","4yearColl","$120,001-$140,000",7,4,0,1,0,0,1,NA
"MT732xl",80,3,4,4,4,2,4,5.5,4.2,5,5,6,5,5,6,6,5,6,5,5,5,3,4,4,2,1,2,20,50,50,50,30,3,"Democrat","Not very strong",NA,NA,"Democrat | Not very strong",1,1,1,35,"man","White","4yearColl","$20,001-$40,000",2,4,1,1,0,1,0,NA
"CL008gu",0,6.5,6,2,2,7,6,5.125,3.8,6,2.5,6,5,5,5,5,5,5,5,3,4,4,5,3,2,2,2,20,40,20,10,10,6,"Republican",NA,"Strong",NA,"Republican | Strong",1,1,1,43,"man","White","MA","$60,001-$80,000",4,5,1,1,1,0,0,"enjoyed this survey"
"XT745cu",40,4.5,5,3,3,6,3,3.25,2.8,5,3,3,6,5,2,3,2,3,2,3,3,2,3,3,2,2,1,58,68,35,62,49,5,"Republican",NA,"Not very strong",NA,"Republican | Not very strong",1,1,1,36,"man","Asian","PHD","$80,001-$100,000",5,6,0,1,1,0,0,NA
"ZE333up",23,6,3,6,5,7,5,5.5,5,8,3,6,7,2,7,7,6,7,2,7,3,5,3,7,3,2,3,69,82,57,76,28,6,"Independent",NA,NA,"Closer to Republican","Independent | Closer to Republican",1,1,1,25,"man","Black or African American","4yearColl","$40,001-$60,000",3,4,0,1,0,0,1,NA
"YS787cr",10,5,6,1,2,3,7,5.5,1.8,3,5,6,2,6,6,6,6,6,6,2,1,2,2,2,1,1,1,30,60,50,70,50,5,"Independent",NA,NA,"Closer to Republican","Independent | Closer to Republican",1,1,1,57,"man","multiracial","4yearColl","$0-$20,000",1,4,0,1,0,0,1,"thank you for the study!"
"BA975ey",45,1,6,3,2,1,1,6,1.2,3,2,7,5,7,5,5,6,6,7,1,2,1,1,1,1,1,1,65,80,30,50,15,2,"Independent",NA,NA,"Closer to Democratic","Independent | Closer to Democratic",1,1,1,56,"woman","White","4yearColl","$80,001-$100,000",5,4,1,0,0,0,1,NA
"IF137tt",2,4.5,4,4,4,4,5,4.375,2,3,3,4,5,5,5,5,5,4,2,2,2,2,2,2,1,1,1,54,74,51,56,50,6,"Republican",NA,"Not very strong",NA,"Republican | Not very strong",1,1,1,62,"woman","White","MA","$60,001-$80,000",4,5,1,0,1,0,0,"None"
"AS020zh",39,7,5,3,3,7,7,4.5,4.2,6,5,5,5,6,4,3,5,4,4,5,5,3,3,5,3,1,2,30,80,69,64,60,6,"Republican",NA,"Strong",NA,"Republican | Strong",1,1,1,76,"man","White","4yearColl","$20,001-$40,000",2,4,1,1,1,0,0,NA
"RN489by",75,3,3,6,5,2,4,4.5,4.8,7,5,4,6,2,6,6,6,2,4,6,5,5,3,5,2,2,3,10,41,67,76,65,4,"Independent",NA,NA,"Neither","Independent | Neither",1,1,1,44,"man","White","GED","$40,001-$60,000",3,2,1,1,0,0,1,NA
"RK092jj",20,2,6,3,2,2,2,5.625,1.8,3,3,5,6,6,6,6,6,5,5,1,1,1,2,4,1,1,1,58,73,26,67,26,3,"Independent",NA,NA,"Closer to Democratic","Independent | Closer to Democratic",1,1,1,55,"man","White","2yearColl","$60,001-$80,000",4,3,1,1,0,0,1,NA
"FR761hw",65,1,1,4,7,1,1,4,2.2,6,2,6,2,5,2,5,2,7,3,2,2,2,3,2,2,2,2,56,77,23,36,11,4,"Democrat","Not very strong",NA,NA,"Democrat | Not very strong",1,1,1,44,"woman","multiracial","GED","$20,001-$40,000",2,2,0,0,0,1,0,NA
"TK488sp",99,1,5,3,3,1,1,2.875,5.6,6,4,3,2,3,3,3,3,3,3,7,7,5,2,7,1,3,2,28,100,22,59,40,1,"Democrat","Not very strong",NA,NA,"Democrat | Not very strong",1,1,1,42,"woman","multiracial","GED","$100,001-$120,000",6,2,0,0,0,1,0,NA
"LY314wn",60,1,2,1,6,1,1,6.25,3.2,4,2,6,6,7,6,6,7,6,6,3,4,3,2,4,2,1,1,75,100,30,47,50,2,"No preference",NA,NA,"Closer to Democratic","Independent | Closer to Democratic",1,1,1,27,"woman","White","GED","$100,001-$120,000",6,2,1,0,0,0,0,NA
"XT453jv",33,2.5,3,3,5,3,2,5,4.2,5,1,5,5,5,5,5,5,5,5,4,4,5,2,6,2,1,2,84,74,53,65,59,4,"Independent",NA,NA,"Neither","Independent | Neither",1,1,1,37,"woman","White","4yearColl","$140,001-$160,000",8,4,1,0,0,0,1,NA
"MT508xq",19,3,2,6,6,3,3,5,4.6,8,1.5,5,5,5,5,5,5,5,5,7,3,4,4,5,3,2,3,80,70,40,80,40,4,"Independent",NA,NA,"Closer to Democratic","Independent | Closer to Democratic",1,1,1,51,"man","White","2yearColl","$140,001-$160,000",8,3,1,1,0,0,1,NA
"CN454dd",8,6,2,3,6,6,6,6.125,1.4,3,1,6,6,6,6,6,6,6,7,1,1,1,2,2,1,1,1,83,77,79,81,78,6,"Republican",NA,"Strong",NA,"Republican | Strong",1,1,1,66,"man","White","MA","$100,001-$120,000",6,5,1,1,1,0,0,"Thank you for the opportunity to participate in this study."
"AT504zm",20,1,4,1,4,1,1,5,4.2,6,4.5,5,5,5,5,5,5,5,5,5,4,4,4,4,2,2,2,50,100,50,87,57,4,"Independent",NA,NA,"Neither","Independent | Neither",1,1,1,47,"woman","White","GED","$0-$20,000",1,2,1,0,0,0,1,NA
"UK661tl",0,7,1,7,7,7,7,5.5,2,3,2,6,6,2,6,6,6,6,6,2,2,2,2,2,1,1,1,80,92,50,75,70,6,"Republican",NA,"Strong",NA,"Republican | Strong",1,1,1,55,"woman","White","MA","Over $200,000",11,5,1,0,1,0,0,NA
"ES970vu",65,4.5,3,4,5,3,6,4.25,6.2,8,3,2,4,4,6,5,5,3,5,7,6,6,5,7,3,2,3,0,0,0,0,0,6,"Independent",NA,NA,"Closer to Republican","Independent | Closer to Republican",1,1,1,37,"man","Hispanic, Latino, or Spanish origin","2yearColl","$60,001-$80,000",4,3,0,1,0,0,1,"Thank you!"
"NG899ks",13,5.5,7,7,1,4,7,5.125,1.4,3,2,5,5,5,5,5,6,5,5,1,1,1,3,1,1,1,1,58,74,40,49,28,7,"Republican",NA,"Strong",NA,"Republican | Strong",1,1,1,54,"woman","White","4yearColl","$80,001-$100,000",5,4,1,0,1,0,0,NA
"DF574nz",35,2.5,3,3,5,2,3,4.375,2,4,2,3,5,6,3,5,5,3,5,2,2,2,2,2,1,2,1,65,71,45,52,39,3,"Independent",NA,NA,"Closer to Democratic","Independent | Closer to Democratic",1,1,1,37,"woman","White","MA","$120,001-$140,000",7,5,1,0,0,0,1,NA
"RS692el",81,4,5,2,3,3,5,3.625,3.6,4,5,3,3,5,3,3,4,4,4,3,4,5,2,4,1,1,2,52,65,58,68,59,4,"Independent",NA,NA,"Closer to Republican","Independent | Closer to Republican",1,1,1,37,"man","White","4yearColl","$100,001-$120,000",6,4,1,1,0,0,1,NA
"XJ891zs",88,2.5,3,3,5,2,3,5.625,5.6,9,5,6,5,6,5,5,6,6,6,6,6,6,5,5,3,3,3,11,77,45,59,42,4,"Independent",NA,NA,"Neither","Independent | Neither",1,1,1,49,"man","Black or African American","2yearColl","$0-$20,000",1,3,0,1,0,0,1,"None"
"OJ822zy",10,7,6,3,2,7,7,5.5,2,3,3,6,5,6,5,5,5,6,6,2,2,2,2,2,1,1,1,75,75,75,80,70,6,"Republican",NA,"Strong",NA,"Republican | Strong",1,1,1,48,"man","White","4yearColl","$100,001-$120,000",6,4,1,1,1,0,0,NA
"KH925jl",35,3,5,3,3,2,4,4.5,2.2,6,3,5,4,5,4,4,5,5,4,4,2,1,2,2,2,2,2,61,85,45,64,49,4,"Independent",NA,NA,"Neither","Independent | Neither",1,1,1,34,"woman","White","MA","$80,001-$100,000",5,5,1,0,0,0,1,NA
"IU599eg",84,1,6,4,2,1,1,4,6.6,9,2,3,4,4,5,4,4,3,5,7,6,7,6,7,3,3,3,83,91,73,80,62,2,"Independent",NA,NA,"Closer to Democratic","Independent | Closer to Democratic",1,1,1,33,"man","White","2yearColl","$40,001-$60,000",3,3,1,1,0,0,1,NA
"MD784nu",0,7,1,1,7,7,7,5,1.4,4,3,5,6,5,6,6,5,5,2,2,1,1,1,2,2,1,1,41,80,38,64,34,7,"Republican",NA,"Strong",NA,"Republican | Strong",1,1,1,20,"woman","White","4yearColl","$140,001-$160,000",8,4,1,0,1,0,0,NA
"AC850zv",100,3.5,4,3,4,3,4,3.625,5.8,3,5,4,1,4,4,4,4,4,4,7,7,7,7,1,1,1,1,20,50,40,45,42,4,"Independent",NA,NA,"Neither","Independent | Neither",1,1,1,46,"man","Asian","4yearColl","$40,001-$60,000",3,4,0,1,0,0,1,NA
"NB408kz",50,3.5,6,2,2,1,6,2.375,3.2,7,5,3,2,3,2,2,2,2,3,3,4,4,1,4,3,2,2,40,65,55,75,60,4,"Independent",NA,NA,"Neither","Independent | Neither",1,1,1,54,"woman","White","2yearColl","$40,001-$60,000",3,3,1,0,0,0,1,NA
"PJ435up",32,1,3,4,5,1,1,3.5,5,8,2,4,2,3,3,3,5,4,4,6,3,5,4,7,3,3,2,29,100,12,22,12,4,"Independent",NA,NA,"Neither","Independent | Neither",1,1,1,32,"man","White","GED","$20,001-$40,000",2,2,1,1,0,0,1,NA
"TJ106bk",30,5.5,1,4,7,4,7,5.375,4,6,3,6,5,6,5,5,4,6,6,4,4,4,4,4,2,2,2,0,0,0,0,0,4,"Independent",NA,NA,"Neither","Independent | Neither",1,1,1,28,"woman","White","2yearColl","$40,001-$60,000",3,3,1,0,0,0,1,NA
"CX926an",78,2,5,6,3,2,2,6.25,2,3,4,7,3,7,6,7,7,6,7,2,2,2,3,1,1,1,1,43,27,46,71,78,3,"Independent",NA,NA,"Closer to Democratic","Independent | Closer to Democratic",1,1,1,42,"woman","Black or African American","MA","$60,001-$80,000",4,5,0,0,0,0,1,NA
"DV593hd",30,4.5,4,4,4,5,4,6.75,3,6,5,7,6,7,7,7,7,7,6,4,2,3,3,3,2,2,2,0,47,50,60,50,4,"No preference",NA,NA,"Closer to Republican","Independent | Closer to Republican",1,1,1,38,"man","multiracial","4yearColl","$80,001-$100,000",5,4,0,1,0,0,0,NA
"CB609zg",10,5,6,5,2,4,6,4,1.8,4,2,6,3,4,3,3,2,6,5,1,2,2,2,2,2,1,1,81,89,28,50,53,6,"Republican",NA,"Not very strong",NA,"Republican | Not very strong",1,1,1,54,"woman","White","2yearColl","$80,001-$100,000",5,3,1,0,1,0,0,NA
"HI086mk",80,2.5,2,1,6,2,3,2,4.8,6,2,2,2,2,2,2,2,2,2,5,5,4,5,5,2,2,2,56,88,28,27,40,3,"Independent",NA,NA,"Closer to Democratic","Independent | Closer to Democratic",1,1,1,35,"woman","White","4yearColl","$60,001-$80,000",4,4,1,0,0,0,1,NA
"FJ363fs",26,1.5,7,5,1,1,2,4.625,4.2,5,2,5,5,5,5,4,5,4,4,3,4,4,4,6,1,2,2,54,81,23,38,25,2,"Democrat","Not very strong",NA,NA,"Democrat | Not very strong",1,1,1,21,"woman","White","4yearColl","$60,001-$80,000",4,4,1,0,0,1,0,NA
"AX645ip",96,3.5,7,1,1,4,3,2.5,6.4,9,5,5,2,3,1,3,2,3,1,5,7,7,6,7,3,3,3,10,90,20,92,58,4,"Independent",NA,NA,"Closer to Republican","Independent | Closer to Republican",1,1,1,48,"man","White","2yearColl","$0-$20,000",1,3,1,1,0,0,1,NA
"MR798sv",82,1.5,7,1,1,1,2,4.625,5.8,6,2,1,6,2,6,6,6,5,5,6,6,7,4,6,2,2,2,31,66,9,10,16,4,"Independent",NA,NA,"Neither","Independent | Neither",1,1,1,25,"woman","White","4yearColl","$60,001-$80,000",4,4,1,0,0,0,1,NA
"CK803xk",75,4,6,3,2,5,3,5.125,4.6,5,2,5,5,5,5,5,6,5,5,5,5,5,2,6,1,2,2,80,75,30,90,40,3,"Independent",NA,NA,"Closer to Republican","Independent | Closer to Republican",1,1,1,27,"man","White","GED","$40,001-$60,000",3,2,1,1,0,0,1,NA
"MT173zp",81,4,4,1,4,6,2,3.625,6.4,8,4,3,3,5,5,4,3,3,3,7,7,7,5,6,2,3,3,2,100,1,58,9,2,"Independent",NA,NA,"Neither","Independent | Neither",1,1,1,43,"woman","Black or African American","GED","$0-$20,000",1,2,0,0,0,0,1,NA
"DZ218eh",50,4.5,4,3,4,4,5,4.5,4.2,3,3,4,6,3,5,6,5,3,4,6,3,6,2,4,1,1,1,14,19,3,39,0,4,"Independent",NA,NA,"Closer to Democratic","Independent | Closer to Democratic",1,1,1,45,"woman","Asian","GED","$20,001-$40,000",2,2,0,0,0,0,1,NA
"WR537fs",20,2.5,3,5,5,3,2,5.75,3,5,3,6,5,6,6,5,6,6,6,3,3,3,2,4,2,1,2,70,90,65,75,50,6,"Republican",NA,"Strong",NA,"Republican | Strong",1,1,1,55,"man","Black or African American","MA","Over $200,000",11,5,0,1,1,0,0,"None"
"WE281pu",64,1.5,3,6,5,2,1,6.25,2.6,4,4.5,6,6,7,6,6,5,7,7,2,2,2,2,5,1,1,2,32,91,50,74,32,2,"Democrat","Strong",NA,NA,"Democrat | Strong",1,1,1,32,"woman","Hispanic, Latino, or Spanish origin","4yearColl","$80,001-$100,000",5,4,0,0,0,1,0,NA
"VD977px",50,6,2,4,6,6,6,4.25,3,6,3,4,4,4,4,4,4,4,6,3,3,3,3,3,2,2,2,20,20,20,20,20,6,"Republican",NA,"Strong",NA,"Republican | Strong",1,1,1,28,"man","White","GED","$60,001-$80,000",4,2,1,1,1,0,0,NA
"IB511fb",41,4.5,3,1,5,4,5,5.375,3.2,3,1.5,5,6,5,6,6,5,5,5,2,2,3,6,3,1,1,1,70,70,57,54,39,4,"No preference",NA,NA,"Neither","Independent | Neither",1,1,1,23,"man","White","GED","$0-$20,000",1,2,1,1,0,0,0,NA
"YB246uh",19,2.5,3,3,5,3,2,5.625,2,3,3,6,6,6,6,5,5,6,5,2,2,2,2,2,1,1,1,0,0,0,0,0,7,"Democrat","Strong",NA,NA,"Democrat | Strong",1,1,1,62,"woman","Black or African American","4yearColl","$40,001-$60,000",3,4,0,0,0,1,0,"none"
"UR520nx",28,4,5,6,3,3,5,4.125,3,5,3,3,4,5,5,6,4,3,3,2,5,3,2,3,1,2,2,17,40,13,25,6,6,"Republican",NA,"Strong",NA,"Republican | Strong",1,1,1,29,"man","Black or African American","MA","$120,001-$140,000",7,5,0,1,1,0,0,"none"
"RJ099ov",30,5.5,7,4,1,4,7,6,4.4,7,4,6,6,6,6,6,6,6,6,5,5,5,2,5,2,3,2,53,70,65,75,50,6,"Republican",NA,"Strong",NA,"Republican | Strong",1,1,1,33,"woman","White","GED","$60,001-$80,000",4,2,1,0,1,0,0,NA
"JW702gk",37,5.5,2,4,6,6,5,6,1.2,3,3,6,6,6,5,6,6,7,6,1,1,1,2,1,1,1,1,72,81,63,76,66,5,"Independent",NA,NA,"Closer to Republican","Independent | Closer to Republican",1,1,1,76,"man","White","4yearColl","$20,001-$40,000",2,4,1,1,0,0,1,NA
"CO078ca",30,4.5,4,3,4,5,4,4.75,4.2,7,2.5,5,5,5,4,4,5,5,5,5,5,3,3,5,3,2,2,60,60,30,70,20,4,"Independent",NA,NA,"Closer to Democratic","Independent | Closer to Democratic",1,1,1,56,"woman","Middle Eastern or North African","2yearColl","$80,001-$100,000",5,3,0,0,0,0,1,NA
"LY345uu",80,2.5,2,5,6,3,2,4.875,6.2,9,2,5,5,6,5,5,5,5,3,7,7,6,5,6,3,3,3,46,87,37,27,18,4,"Independent",NA,NA,"Closer to Republican","Independent | Closer to Republican",1,1,1,28,"woman","White","GED","$20,001-$40,000",2,2,1,0,0,0,1,NA
"DE771ph",65,4,2,5,6,3,5,6.25,4,6,1,7,6,7,6,5,6,6,7,5,5,3,2,5,2,2,2,72,30,70,37,48,5,"Independent",NA,NA,"Neither","Independent | Neither",1,1,1,41,"man","multiracial","2yearColl","$100,001-$120,000",6,3,0,1,0,0,1,"None"
"WU678dd",80,6,5,2,3,5,7,3.25,3.8,7,4,2,3,3,3,5,6,2,2,4,3,4,3,5,3,2,2,20,60,11,90,30,7,"Republican",NA,"Strong",NA,"Republican | Strong",1,1,1,26,"man","White","GED","$60,001-$80,000",4,2,1,1,1,0,0,NA
"AU777vn",40,2,4,4,4,1,3,5,4.2,6,3,6,4,6,4,5,4,6,5,5,3,5,3,5,2,2,2,70,100,45,75,25,3,"Independent",NA,NA,"Closer to Democratic","Independent | Closer to Democratic",1,1,1,53,"woman","White","4yearColl","$140,001-$160,000",8,4,1,0,0,0,1,"Everything went well, no issues with the study."
"EK067dl",80,6,2,5,6,6,6,5.5,4.2,5,3,6,6,2,6,6,6,6,6,5,3,5,3,5,1,2,2,50,100,30,55,40,6,"Republican",NA,"Not very strong",NA,"Republican | Not very strong",1,1,1,35,"woman","White","GED","$20,001-$40,000",2,2,1,0,1,0,0,NA
"SL012dg",85,2,5,3,3,2,2,2.25,6.8,7,5,3,2,2,2,3,2,2,2,7,6,7,7,7,2,2,3,8,60,11,73,33,3,"Independent",NA,NA,"Closer to Democratic","Independent | Closer to Democratic",1,1,1,28,"woman","White","GED","$20,001-$40,000",2,2,1,0,0,0,1,NA
"BI100lf",70,2.5,5,3,3,2,3,4,6.4,8,5,2,4,5,5,6,5,2,3,6,7,6,6,7,3,2,3,5,70,60,85,50,4,"Independent",NA,NA,"Neither","Independent | Neither",1,1,1,53,"man","White","GED","$0-$20,000",1,2,1,1,0,0,1,"No comments."
"QQ272er",10,4,3,5,5,5,3,5.5,4,4,3,6,5,5,6,6,4,6,6,4,3,5,3,5,1,1,2,50,50,50,50,50,4,"Independent",NA,NA,"Neither","Independent | Neither",1,1,1,23,"woman","multiracial","GED","$40,001-$60,000",3,2,0,0,0,0,1,NA
"TR230oa",65,6,6,2,2,6,6,4.875,5.2,9,3,4,5,5,5,5,5,5,5,6,5,5,5,5,3,3,3,52,57,50,69,42,6,"Independent",NA,NA,"Closer to Republican","Independent | Closer to Republican",1,1,1,43,"man","White","2yearColl","$40,001-$60,000",3,3,1,1,0,0,1,"na"
"SA087cf",60,1,3,5,5,1,1,3,5.8,6,5,3,3,3,3,3,3,3,3,6,6,6,5,6,2,2,2,60,90,71,75,65,2,"Independent",NA,NA,"Closer to Democratic","Independent | Closer to Democratic",1,1,1,59,"woman","White","4yearColl","$20,001-$40,000",2,4,1,0,0,0,1,NA
"CR226id",75,5.5,4,2,4,6,5,4.5,4.8,6,4.5,5,5,4,5,5,4,4,4,5,5,5,4,5,2,2,2,60,60,73,86,73,6,"Independent",NA,NA,"Closer to Republican","Independent | Closer to Republican",1,1,1,53,"man","White","4yearColl","$20,001-$40,000",2,4,1,1,0,0,1,NA
"OT808fz",20,2.5,3,4,5,3,2,4.625,3.4,5,4,6,3,6,4,3,5,5,5,2,5,5,3,2,2,2,1,29,74,36,79,19,3,"Independent",NA,NA,"Closer to Democratic","Independent | Closer to Democratic",1,1,1,66,"man","White","GED","$0-$20,000",1,2,1,1,0,0,1,"NONE"
"YN573xe",43,2.5,4,3,4,3,2,2.75,3.2,8,2,3,2,3,3,3,4,2,2,4,3,4,2,3,3,2,3,66,90,43,57,39,4,"Independent",NA,NA,"Closer to Democratic","Independent | Closer to Democratic",1,1,1,37,"man","White","GED","$40,001-$60,000",3,2,1,1,0,0,1,NA
"AT614wh",0,4,4,5,4,4,4,5.625,2.2,3,2.5,6,6,5,5,6,5,6,6,2,2,2,3,2,1,1,1,79,95,63,63,79,4,"Independent",NA,NA,"Neither","Independent | Neither",1,1,1,65,"man","Black or African American","2yearColl","$40,001-$60,000",3,3,0,1,0,0,1,NA
"GW569uu",55,4.5,1,6,7,6,3,5.25,4,6,4,5,5,6,5,5,5,6,5,4,3,5,4,4,2,2,2,55,90,65,75,45,4,"Independent",NA,NA,"Neither","Independent | Neither",1,1,1,20,"woman","Asian","2yearColl","$60,001-$80,000",4,3,0,0,0,0,1,NA
"XO097bb",75,4,4,4,4,4,4,4.25,4.6,6,3,4,5,3,5,5,5,3,4,5,5,5,3,5,2,2,2,66,85,55,60,70,4,"Independent",NA,NA,"Neither","Independent | Neither",1,1,1,65,"man","White","4yearColl","$20,001-$40,000",2,4,1,1,0,0,1,NA
"MQ393hc",39,6.5,4,4,4,6,7,6.125,1.4,3,4,7,6,7,6,5,6,6,6,2,1,1,2,1,1,1,1,27,89,54,39,20,6,"Independent",NA,NA,"Closer to Republican","Independent | Closer to Republican",1,1,1,80,"woman","White","2yearColl","$20,001-$40,000",2,3,1,0,0,0,1,NA
"DG626bv",47,5,3,3,5,5,5,4.25,3.2,3,2,5,3,5,3,3,5,5,5,4,3,3,3,3,1,1,1,52,50,48,54,48,5,"Independent",NA,NA,"Closer to Republican","Independent | Closer to Republican",1,1,1,57,"man","White","4yearColl","$20,001-$40,000",2,4,1,1,0,0,1,NA
"VZ703cr",67,1,3,4,5,1,1,3.25,4.4,6,3,3,3,3,3,3,3,5,3,5,4,5,3,5,2,2,2,50,80,21,65,39,2,"Democrat","Strong",NA,NA,"Democrat | Strong",1,1,1,62,"woman","White","MA","$40,001-$60,000",3,5,1,0,0,1,0,"none"
"KN412uz",91,1.5,7,2,1,1,2,5.625,5,6,5,6,4,6,5,5,6,6,7,5,6,5,4,5,2,2,2,22,57,32,49,42,3,"Independent",NA,NA,"Neither","Independent | Neither",1,1,1,57,"man","Black or African American","MA","$80,001-$100,000",5,5,0,1,0,0,1,NA
"VP305nh",15,3,2,6,6,5,1,5.5,1.2,3,2,5,6,5,6,4,6,6,6,1,1,1,2,1,1,1,1,80,95,45,70,56,2,"Republican",NA,"Strong",NA,"Republican | Strong",1,1,1,30,"man","Asian","MA","$80,001-$100,000",5,5,0,1,1,0,0,"thank you"
"CF242ms",57,3,6,4,2,2,4,4.125,4.2,7,5,5,5,5,3,4,3,3,5,4,4,5,5,3,3,2,2,0,100,7,38,50,3,"Independent",NA,NA,"Neither","Independent | Neither",1,1,1,32,"man","White","GED","$40,001-$60,000",3,2,1,1,0,0,1,"no"
"ZW699ue",39,2,5,5,3,2,2,4.875,3.2,6,1.5,5,5,5,4,5,5,5,5,3,3,4,2,4,2,2,2,68,68,50,56,24,2,"Democrat","Strong",NA,NA,"Democrat | Strong",1,1,1,31,"woman","White","MA","$140,001-$160,000",8,5,1,0,0,1,0,NA
"IM264cc",100,4,1,4,7,7,1,6,7,6,5,6,6,6,6,6,6,6,6,7,7,7,7,7,2,2,2,25,75,50,40,40,1,"Independent",NA,NA,"Closer to Democratic","Independent | Closer to Democratic",1,1,1,40,"woman","White","GED","$0-$20,000",1,2,1,0,0,0,1,NA
"IV730zc",40,3,4,5,4,4,2,4.875,4.4,6,3,4,5,5,5,5,6,4,5,4,4,5,4,5,2,2,2,40,77,23,45,33,4,"Independent",NA,NA,"Neither","Independent | Neither",1,1,1,45,NA,"White","GED","$20,001-$40,000",2,2,1,NA,0,0,1,NA
"VN462zj",41,4.5,1,3,7,6,3,3.125,6.4,8,3,5,2,5,2,2,3,3,3,7,6,7,5,7,3,2,3,64,81,4,95,12,4,"Independent",NA,NA,"Closer to Democratic","Independent | Closer to Democratic",1,1,1,57,"man","White","4yearColl","$60,001-$80,000",4,4,1,1,0,0,1,NA
"EZ511vd",62,5,7,1,1,3,7,3.5,5.2,7,1,3,5,3,3,3,3,5,3,5,5,6,4,6,2,2,3,46,45,41,37,28,5,"Republican",NA,"Not very strong",NA,"Republican | Not very strong",1,1,1,30,"man","White","2yearColl","$40,001-$60,000",3,3,1,1,1,0,0,NA
"OK102hx",27,6.5,5,4,3,6,7,5.75,2.6,3,1,6,6,6,5,6,5,6,6,3,1,2,2,5,1,1,1,77,59,49,54,43,6,"Republican",NA,"Not very strong",NA,"Republican | Not very strong",1,1,1,50,"man","White","2yearColl","$180,001-$200,000",10,3,1,1,1,0,0,NA
"IG153ms",73,4.5,5,2,3,3,6,2.875,4.6,8,2,3,2,3,3,3,3,3,3,5,5,5,3,5,3,2,3,35,73,24,16,29,5,"Independent",NA,NA,"Closer to Republican","Independent | Closer to Republican",1,1,1,42,"woman","White","4yearColl","$60,001-$80,000",4,4,1,0,0,0,1,NA
"FW455cl",61,5.5,6,4,2,4,7,5.5,3.2,5,5,6,5,6,5,5,6,5,6,5,3,3,3,2,2,1,2,25,84,41,55,33,4,"Independent",NA,NA,"Closer to Republican","Independent | Closer to Republican",1,1,1,49,"woman","White","GED","$0-$20,000",1,2,1,0,0,0,1,NA
"VC370lp",55,6.5,7,6,1,6,7,5.5,1.8,3,4,5,6,6,6,7,3,5,6,2,2,2,2,1,1,1,1,22,85,20,60,25,4,"Independent",NA,NA,"Closer to Republican","Independent | Closer to Republican",1,1,1,23,"man","Black or African American","4yearColl","$40,001-$60,000",3,4,0,1,0,0,1,NA
"PK487oo",40,2,4,5,4,1,3,5.5,5,4,3,6,5,6,6,5,5,6,5,4,5,5,5,6,1,1,2,60,89,54,65,55,4,"Independent",NA,NA,"Closer to Democratic","Independent | Closer to Democratic",1,1,1,56,"man","White","GED","$40,001-$60,000",3,2,1,1,0,0,1,NA
"AR658sa",0,4.5,4,4,4,4,5,4.75,2,3,3,5,5,5,5,5,5,4,4,2,2,2,2,2,1,1,1,33,56,20,37,27,4,"Independent",NA,NA,"Neither","Independent | Neither",1,1,1,36,"man","White","2yearColl","$60,001-$80,000",4,3,1,1,0,0,1,NA
"XL581dy",32,4,2,5,6,2,6,5.875,2.4,3,2.5,6,6,6,6,6,6,5,6,3,2,2,2,3,1,1,1,47,51,46,45,47,6,"Republican",NA,"Strong",NA,"Republican | Strong",1,1,1,29,"man","Black or African American","PHD","$140,001-$160,000",8,6,0,1,1,0,0,NA
"AT393nm",5,2.5,3,4,5,2,3,5,2,3,2,5,5,5,5,5,5,5,5,2,2,2,2,2,1,1,1,51,65,25,29,31,3,"Independent",NA,NA,"Closer to Democratic","Independent | Closer to Democratic",1,1,1,66,"man","White","PHD","$20,001-$40,000",2,6,1,1,0,0,1,"Interesting study!"
"CH734ew",39,4.5,4,4,4,5,4,3.875,1.2,3,2.5,4,4,5,4,4,4,3,3,1,1,1,2,1,1,1,1,54,69,29,54,37,4,"Independent",NA,NA,"Neither","Independent | Neither",1,1,1,40,"man","Asian","4yearColl","$120,001-$140,000",7,4,0,1,0,0,1,NA
"KR226ln",36,3.5,3,3,5,3,4,4.125,4.2,7,5,5,3,5,4,3,5,5,3,5,5,5,3,3,2,2,3,30,80,70,95,68,4,"Independent",NA,NA,"Closer to Republican","Independent | Closer to Republican",1,1,1,31,"woman","White","GED","$80,001-$100,000",5,2,1,0,0,0,1,NA
"LQ439qw",70,4.5,4,5,4,2,7,3.25,4.8,3,4,4,3,4,2,4,4,3,2,6,4,6,3,5,1,1,1,30,0,40,50,45,7,"Independent",NA,NA,"Closer to Republican","Independent | Closer to Republican",1,1,1,61,"woman","Black or African American","GED","$0-$20,000",1,2,0,0,0,0,1,NA
"XE313ot",55,1.5,4,2,4,2,1,3.25,4.6,4,2,4,3,4,3,3,3,3,3,5,5,5,3,5,1,2,1,70,95,65,67,61,4,"Independent",NA,NA,"Neither","Independent | Neither",1,1,1,48,"woman","multiracial","GED","$80,001-$100,000",5,2,0,0,0,0,1,NA
"BK854ip",41,2.5,6,4,2,2,3,5.375,2.8,4,4,5,4,7,7,4,5,5,6,4,3,2,2,3,1,2,1,71,81,75,74,44,4,"Independent",NA,NA,"Neither","Independent | Neither",1,1,1,47,"woman","White","4yearColl","Over $200,000",11,4,1,0,0,0,1,"Everything displayed correctly"
"JF549ih",10,4,4,5,4,4,4,4.625,2.6,3,2,4,5,5,4,4,5,5,5,3,2,3,2,3,1,1,1,60,70,50,50,50,4,"Independent",NA,NA,"Neither","Independent | Neither",1,1,1,23,"woman","White","4yearColl","$80,001-$100,000",5,4,1,0,0,0,1,NA
"ZU759nq",70,3.5,4,3,4,4,3,4.5,3.4,6,5,5,5,4,5,4,4,5,4,3,4,3,3,4,2,2,2,71,95,92,87,90,3,"Independent",NA,NA,"Closer to Democratic","Independent | Closer to Democratic",1,1,1,33,NA,"Asian","MA",NA,NA,5,0,NA,0,0,1,NA
"TK808mu",15,4,3,3,5,5,3,4.625,2,3,1,5,5,5,5,5,3,4,5,2,2,2,2,2,1,1,1,80,75,60,78,66,4,"Independent",NA,NA,"Neither","Independent | Neither",1,1,1,63,"woman","White","PHD","$180,001-$200,000",10,6,1,0,0,0,1,NA
"CR019pd",30,2,4,5,4,3,1,4.375,4.6,5,4.5,5,3,5,5,4,4,4,5,5,5,5,3,5,1,2,2,60,75,65,70,60,3,"Independent",NA,NA,"Closer to Democratic","Independent | Closer to Democratic",1,1,1,31,"woman","White","GED","$20,001-$40,000",2,2,1,0,0,0,1,NA
"HN062sz",68,3.5,3,3,5,3,4,5.125,4.8,5,5,5,5,6,6,5,4,5,5,5,5,5,3,6,1,2,2,5,56,44,59,29,4,"Independent",NA,NA,"Closer to Republican","Independent | Closer to Republican",1,1,1,34,"woman","White","2yearColl","$60,001-$80,000",4,3,1,0,0,0,1,"Just because I think whites are better off, doesn't mean that I think it's right. I remind my husband sometimes when he complains of DEI, that if they'd taken the most qualified candidate then he wouldn't have his job, and a lot of the president's cabinet wouldn't either."
"SX776qj",18,3.5,3,3,5,3,4,5,3.8,6,2,3,6,5,5,5,5,5,6,2,5,3,3,6,2,2,2,61,70,57,37,51,5,"Independent",NA,NA,"Neither","Independent | Neither",1,1,1,38,"man","White","MA","$80,001-$100,000",5,5,1,1,0,0,1,"none"
"SB948vh",49,4,4,4,4,6,2,4.75,4.2,5,3,5,6,4,5,4,6,4,4,5,4,4,4,4,2,1,2,36,75,23,39,20,4,"Independent",NA,NA,"Neither","Independent | Neither",1,1,1,26,"woman","Black or African American","GED","$40,001-$60,000",3,2,0,0,0,0,1,NA
"NG700yi",5,5.5,4,3,4,6,5,6.5,1,3,1,6,6,7,6,6,7,7,7,1,1,1,1,1,1,1,1,97,73,61,80,53,5,"Republican",NA,"Not very strong",NA,"Republican | Not very strong",1,1,1,62,"man","White","MA","Over $200,000",11,5,1,1,1,0,0,NA
