"PID","lebe_cont","describe","cand_rightwing","cand_change_R","cand_exp","cand_change","cand_econ","cand_cult","leftbehind_gpt","reasons","systemic_gpt","gov_gpt","econ_gpt","cult_gpt","race_gpt","gender_gpt","age_gpt","n_reasons","cluster","avg_cosine_to_cluster","cluster_label","ideo_con","ideo_lib","ideo_demsoc","ideo_lbrtn","ideo_prog","party_gen","party_dem","party_rep","party_ind","party_followup","att_1","is_elg","age","gender","race","edu","income","income_num","edu_num","white_bin","man_bin","rep_bin","dem_bin","ind_bin","feedback"
"WS064td",54,"Was sold a promise that to go to college, follow dreams and start a family would all be easy in America. Even though I have accomplished that, I have had to sacrifice a lot more than previous generations while not getting to enjoy life as much as we should.",1.5,5,5,3,2,1,4,"unfulfilled promises, high expectations, sacrifices made, generational differences, work-life balance",6,2,4,4,2,2,3,5,2,0.473649221237433,"Personal growth",1,6,5,2,6,"Democrat","Strong",NA,NA,"Democrat | Strong",1,1,42,"woman","White","MA","$120,001-$140,000",7,5,1,0,0,1,0,NA
"WK418dj",12,"I do not feel left behind at all. I have had opportunities in my life to work hard and to succeed in whatever I would like to do. My setbacks have been of my own making and mistakes I have made along the way. I am blessed to be living in the greatest country in the world where opportunities are there if you want to try.",6,5,2,3,6,6,1,"personal setbacks, self-made mistakes",1,1,1,1,1,1,1,2,8,0.560783010444208,"Lack of opportunities",7,1,2,2,2,"Republican",NA,"Strong",NA,"Republican | Strong",1,1,58,"woman","White","4yearColl","$100,001-$120,000",6,4,1,0,1,0,0,NA
"VR515wd",14,"Sometimes I feel left behind in terms of wealth. We are doing well but there are people that have invested well and are very wealthy. I feel left behind by some of those people honestly. But I'm grateful for what I have and don't complain at all.",7,3,4,5,7,7,3,"wealth disparity, investment success",5,1,4,2,1,1,2,2,4,0.574873161286276,"Inequality and disparity",7,1,1,1,5,"Republican",NA,"Strong",NA,"Republican | Strong",1,1,53,"woman","White","GED","Over $200,000",11,2,1,0,1,0,0,NA
"QS533iy",0,"I do not feel behind at all and I don't understand why I would. I have the same opportunities as everyone else",5.5,7,1,1,7,4,1,"equal opportunities",4,1,1,1,1,1,1,1,4,0.551505303808413,"Inequality and disparity",4,4,1,5,4,"Republican",NA,"Not very strong",NA,"Republican | Not very strong",1,1,53,"man","Hispanic, Latino, or Spanish origin","GED","$20,001-$40,000",2,2,0,1,1,0,0,NA
"ZG925ys",28,"I was raised by a lower class family. I did not grow up with a college fund, I was never given a car by my family, wedding funds, or help with down payments for a home. I had to rely on myself to get myself where I am today. I feel like others have been given a lot more of a head start in life.",5,5,4,3,5,5,4,"financial support, education access, family resources, economic background, self-reliance",6,1,5,3,1,1,2,5,7,0.529637714776919,"Financial struggles",6,6,6,6,6,"Republican",NA,"Not very strong",NA,"Republican | Not very strong",1,1,33,"woman","White","4yearColl","$60,001-$80,000",4,4,1,0,1,0,0,NA
"OQ499jg",85,"I feel like I am discriminated for being a man. There's no interest that represents me out there. Even TV shows think I'm stupid and incompetent (see dumb husband commercials). Universities hate me (see college enrollment rates by gender). The entire world hates me for existing.",7,3,4,5,7,7,3,"gender discrimination, media portrayal, lack of representation, educational bias",6,1,2,4,1,5,2,4,4,0.508708975353219,"Inequality and disparity",4,1,2,5,1,"Republican",NA,"Not very strong",NA,"Republican | Not very strong",1,1,39,"man","Asian",NA,"$60,001-$80,000",4,NA,0,1,1,0,0,NA
"HY211wz",90,"In our society there is always a hierarchy or top corporate people who are advanced and ahead while people at the bottom are at disadvantage quite often. I relate to being disadvantaged therefore I feel left behind but that is why hard work and dedication goes far.",2,6,6,2,2,2,3,"economic disparity, career stagnation, social inequality",6,1,4,3,1,1,2,3,4,0.69157715661331,"Inequality and disparity",1,6,1,1,6,"Independent",NA,NA,"Closer to Republican","Independent | Closer to Republican",1,1,26,"woman","Black or African American","4yearColl","$20,001-$40,000",2,4,0,0,0,0,1,NA
"NS037od",10,"I am a person of color and there's inherent issues that come with it that make me feel out of the loop. But I'm also privileged in other ways so I'm not completely left behind",2.5,2,6,6,4,1,3,"racial bias, privilege awareness",6,2,2,4,3,2,2,2,4,0.609010661503557,"Inequality and disparity",1,6,5,2,7,"Democrat","Strong",NA,NA,"Democrat | Strong",1,1,36,"woman","Asian","PHD","Over $200,000",11,6,0,0,0,1,0,NA
"QZ247sn",62,"The main reason is that I need to get a better job and build wealth for the future. Get a wife and house and children and all that, but it begins with getting a decent job.",5,5,3,3,5,5,4,"job prospects, wealth building, family planning, housing stability",5,1,5,2,1,3,3,4,7,0.471885509077623,"Financial struggles",5,3,3,5,3,"Independent",NA,NA,"Closer to Republican","Independent | Closer to Republican",1,1,30,"man","Asian","2yearColl","$20,001-$40,000",2,3,0,1,0,0,1,NA
"OV225ab",15,"I feel like I have gotten the things in life that I want, but I feel like it took me a lot longer to get them than it should have. So, I feel somewhat left behind even if I got to where I needed to be if that makes sense.",6,2,5,6,6,6,3,"delayed progress, time management, personal expectations",4,1,3,3,1,2,3,3,2,0.551057479503235,"Personal growth",6,2,1,5,1,"Republican",NA,"Strong",NA,"Republican | Strong",1,1,38,"man","White","MA","$180,001-$200,000",10,5,1,1,1,0,0,NA
"SD242ab",64,"I just feel like I'm not making enough money, I'm not doing enough by not starting a family (I don't want kids) when all of my other friends are having kids, I still struggle with money, i still want to do things that are childish.",1,5,4,3,1,1,3,"financial struggles, family expectations, peer pressure, personal choices",5,1,3,3,1,3,3,4,2,0.533531261269708,"Personal growth",2,5,4,4,5,"Democrat","Strong",NA,NA,"Democrat | Strong",1,1,33,NA,"White","2yearColl","$100,001-$120,000",6,3,1,NA,0,1,0,NA
"WF321ea",75,"Because I have not achieved similar things that others in my age-range have achieved. While everyone else is having kids, getting married, buying their first house, etc. I'm just doing the same things I was doing back when I was in my early twenties.",6,4,3,4,5,7,4,"life milestones, career stagnation, financial stability, relationship status",4,1,3,3,1,2,5,4,2,0.503545690229385,"Personal growth",6,1,1,3,3,"Republican",NA,"Strong",NA,"Republican | Strong",1,1,28,"man","multiracial","GED","$40,001-$60,000",3,2,0,1,1,0,0,"Good luck with your research!"
"FV183bb",30,"Sometimes I feel like I’m not where I should be in life. And that I am not as financially set as I should be.",5,2,2,6,4,6,3,"financial insecurity, career stagnation",4,1,4,2,1,2,3,2,7,0.58338447279182,"Financial struggles",6,1,1,1,5,"Republican",NA,"Not very strong",NA,"Republican | Not very strong",1,1,42,"woman","White","4yearColl","$100,001-$120,000",6,4,1,0,1,0,0,NA
"JA179ax",61,"I sometimes feel like my peers are advancing while I am not. Given technology and how fast things are changing, I worry I may be a bit left behind.",5,3,3,5,5,5,3,"technology changes, peer advancement",5,1,2,2,1,1,3,2,6,0.610276220794526,"Technology change",5,4,2,5,2,"No preference",NA,NA,"Closer to Republican","Independent | Closer to Republican",1,1,31,"man","White","MA","$100,001-$120,000",6,5,1,1,0,0,0,NA
"BX781le",40,"Technology is advancing so quickly that one can certainly feel left behind especially the older generations.",7,2,4,6,7,7,3,"technology advancement, age gap, digital skills, rapid change",6,1,2,2,1,1,5,4,6,0.559048263873332,"Technology change",6,1,1,1,3,"Republican",NA,"Strong",NA,"Republican | Strong",1,1,68,"woman","White","GED","$100,001-$120,000",6,2,1,0,1,0,0,NA
"EM055qv",0,"I don't feel left behind at all. I work hard for what I earn and have always tried to improve my standing in the world. I don't rely on others to ""carry me forward"" so I can't be left behind. What happens to me is up to me.",3,2,5,6,5,1,1,"self-reliance, personal responsibility, hard work, self-improvement",1,1,1,1,1,1,1,4,2,0.542620889053093,"Personal growth",7,7,6,7,7,"Republican",NA,"Not very strong",NA,"Republican | Not very strong",1,1,42,"man","White","MA","Over $200,000",11,5,1,1,1,0,0,"I thought this was interesting"
"KF132mt",5,"I honestly cannot think of any way I could be left behind. I set goals and work hard to accomplish them. My life is not perfect but I'm pretty satisfied where i am and have goals to progress further.",3,2,4,6,3,3,1,"goal setting, hard work, satisfaction, progress goals",1,1,1,1,1,1,1,4,2,0.545699119711678,"Personal growth",4,5,5,3,5,"Democrat","Not very strong",NA,NA,"Democrat | Not very strong",1,1,54,"man","White","MA","$160,001-$180,000",9,5,1,1,0,1,0,NA
"NS344pl",81,"I can't afford the latest gadgets and cars. I drive an old car and don't have smart appliances. I feel like I'm falling behind on the modern lifestyle.",6.5,1,4,7,6,7,3,"financial constraints, outdated technology, old car, lack of smart appliances, modern lifestyle gap",5,1,5,3,1,1,2,5,8,0.443971664559648,"Lack of opportunities",7,1,3,6,1,"Republican",NA,"Strong",NA,"Republican | Strong",1,1,51,"woman","White","4yearColl","$80,001-$100,000",5,4,1,0,1,0,0,NA
"UJ700kp",59,"I had never stayed on the same track as most peers when it came to furthering education and job prospects. As a result, I feel behind financially",2,4,3,4,2,2,3,"education gap, career stagnation, financial instability",5,1,5,2,1,1,3,3,3,0.5391794914191,"Career opportunities",2,5,3,1,5,"Independent",NA,NA,"Neither","Independent | Neither",1,1,34,"woman","White","4yearColl","$140,001-$160,000",8,4,1,0,0,0,1,NA
"TF770kj",44,"I feel a little left behind due to the choices I have made in my life. But not to a great extent. There are others that are probably feeling this more.",4.5,3,4,5,4,5,2,"life choices",2,1,2,2,1,1,2,1,2,0.657067414071029,"Personal growth",4,4,2,4,4,"Independent",NA,NA,"Neither","Independent | Neither",1,1,64,"woman","White","4yearColl","$140,001-$160,000",8,4,1,0,0,0,1,NA
"LU555hy",53,"I feel left behind in the career and wage earning walk of life. I just feel like I should be earning and doing more with my life. It's pretty stressful to be honest and sometimes I just feel like i'm not really making much progress towards my goals.",2,4,4,4,1,3,4,"career stagnation, wage disparity, goal progress, stress, self-expectations",5,1,5,2,1,2,2,5,2,0.490456103348446,"Personal growth",1,4,4,2,4,"Democrat","Not very strong",NA,NA,"Democrat | Not very strong",1,1,34,"man","White","GED","$0-$20,000",1,2,1,1,0,1,0,NA
"YZ699kq",60,"I feel it's very difficult to get employed, it takes so many resources just for a minimal job that doesn't pay nearly as much as you need it to.",6,3,2,5,5,7,4,"employment difficulty, low wages, resource scarcity",6,2,5,2,2,2,3,3,7,0.569311866266401,"Financial struggles",7,1,1,2,1,"Republican",NA,"Strong",NA,"Republican | Strong",1,1,26,"man","White","GED","$20,001-$40,000",2,2,1,1,1,0,0,NA
"DJ501nh",20,"I feel left behind because of the healthcare industry, specifically the ridiculous costs. Health insurance is incredibly expensive, and on top of that many times it does not even pay for what you need it to pay for. There is obviously some incredibly fishy things going on in healthcare and health insurance, and I feel like this is a pretty specifically U.S. problem that is often ignored because of the large amount of money the industry has to lobby and influence politicians.",1.5,5,4,3,1,2,4,"healthcare costs, insurance expenses, policy influence, lobbying power",7,4,4,4,1,1,2,4,7,0.463446707742407,"Financial struggles",2,3,2,1,6,"Democrat","Not very strong",NA,NA,"Democrat | Not very strong",1,1,33,"man","White","2yearColl","$80,001-$100,000",5,3,1,1,0,1,0,"Everything worked as intended."
"TL935ko",25,"I am fortunate to be where I am but everything is becoming more expensive and it doesn't show any sign of slowing down. Combine this with the creep of technology which will automate a lot and I don't see a future where the average person can earn a good living and live an enjoyable life, similar to the one I currently have.",3,3,4,5,3,3,3,"rising costs, technology creep, job automation, economic uncertainty",6,2,5,3,1,1,3,4,6,0.497014179905545,"Technology change",2,3,2,3,3,"Democrat","Not very strong",NA,NA,"Democrat | Not very strong",1,1,41,"man","White","4yearColl","$180,001-$200,000",10,4,1,1,0,1,0,NA
"GW484yw",18,"I felt left behind growing up as a foster kid. I do not feel left behind now. I wasnt afforded the same oppurtunities or clothes growing up. Life is beautiful.",2,7,5,1,3,1,2,"foster care, limited opportunities, lack of resources",6,2,3,3,1,1,2,3,5,0.534975392389217,"Health limitations",7,7,6,2,5,"Democrat","Strong",NA,NA,"Democrat | Strong",1,1,34,"man","multiracial","MA","$80,001-$100,000",5,5,0,1,0,1,0,NA
"YM811wt",57,"I feel behind because it seems like the economic situation is hard for people in the lower middle class. I also feel left behind because older generations seem to have it slightly better than I do. I feel like I should be further along in life sometimes. Or that I thought I would have made it further by now. Thanks.",4,1,1,7,5,3,3,"economic situation, lower middle class, older generations, life progress, unmet expectations",6,2,4,3,1,2,3,5,2,0.484339920081937,"Personal growth",2,2,1,5,2,"Independent",NA,NA,"Neither","Independent | Neither",1,1,42,"man","White","GED","$20,001-$40,000",2,2,1,1,0,0,1,"n/a"
"YB291ss",28,"I feel left behind when it comes to being about to find affordable housing for my family. Rent is unrealistically high and buying a home is so complicated and expensive.",1.5,3,3,5,1,2,4,"housing costs, high rent, home buying complexity",6,4,5,3,1,1,2,3,7,0.547564624896523,"Financial struggles",2,5,NA,NA,NA,"Democrat","Not very strong",NA,NA,"Democrat | Not very strong",1,1,33,"woman","White","GED","$20,001-$40,000",2,2,1,0,0,1,0,NA
"XY767ru",46,"I feel a bit left behind in that I am in my mid 30s and I am still unmarried and childless. Seemingly most of my peers are married and raising young children, while I am still navigating the hellscape of modern dating. In this way, I feel hopelessly left behind.",5.5,6,3,2,4,7,4,"relationship status, peer comparison, family expectations, social pressure",2,1,1,4,1,4,5,4,2,0.509631897631091,"Personal growth",3,1,1,2,1,"Republican",NA,"Not very strong",NA,"Republican | Not very strong",1,1,35,"man","Asian","MA","$120,001-$140,000",7,5,0,1,1,0,0,NA
"ER575jg",75,"It sometimes feels if I have been left out of a large amount of things. I feel out of place. Like I belong to a different era. The world is rapidly changing and not for the good. Too many weird ideas being foced upon people by the small, vocal minority.",4.5,1,3,7,6,3,3,"rapid change, cultural shifts, feeling outdated, social pressure",6,2,2,3,1,2,3,4,9,0.533972836138171,"Social and political issues",6,2,1,4,1,"Republican",NA,"Not very strong",NA,"Republican | Not very strong",1,1,68,"man","multiracial","GED","$0-$20,000",1,2,0,1,1,0,0,NA
"TK193sf",40,"I feel that the elite are taking from everyone and doing all they can to leave us behind. The current administration is leaving everyone behind they can while filling their coffers. People are becoming more hateful due to the administration. They are purposely destroying our economy to make us poorer.",1,7,3,1,1,1,5,"economic inequality, political corruption, social division, wealth disparity, government neglect",7,5,5,3,1,1,1,5,4,0.613477075266985,"Inequality and disparity",1,6,7,2,7,"Democrat","Not very strong",NA,NA,"Democrat | Not very strong",1,1,41,"man","White","4yearColl","$80,001-$100,000",5,4,1,1,0,1,0,"I hope you collect the data needed to complete your research."
"UC245pi",28,"I don't really feel left behind by the economy or anything like that. I'm starting to feel left behind by age and ageism. I'm 70 and retired. I thought about getting a small part time job just for a little extra cash and looked into several possible opportunities but none of them panned out basically because of my age. A few people actually said it out loud. The other thing about age is losing family members and friends. My parents and siblings have all passed away and about 65% of my high school classmates are dead. Many people I worked with in my career are dead. Many of the people I served with in the US Air Force are dead. Honestly, it's starting to get a bit lonely and you do start to feel left behind. It seems difficult to make new friends at my age.",2,3,3,5,2,2,4,"ageism, job opportunities, loss of family, loss of friends, loneliness, making new friends",5,2,1,3,1,1,5,6,8,0.466243742511397,"Lack of opportunities",6,2,4,6,2,"Democrat","Strong",NA,NA,"Democrat | Strong",1,1,70,"man","White","GED","$80,001-$100,000",5,2,1,1,0,1,0,"None"
"DG560np",19,"I actually don't really feel left behind at all. I feel like I come from a very privileged position. I think perhaps the only way I maybe feel left behind is that I went to public school in a state that does not value education.",1,5,4,3,1,1,1,"education quality",5,2,2,2,1,1,2,1,2,0.520518227732383,"Personal growth",1,6,6,4,6,"Democrat","Not very strong",NA,NA,"Democrat | Not very strong",1,1,34,"woman","White","PHD","$80,001-$100,000",5,6,1,0,0,1,0,NA
"AJ808cf",76,"I feel left behind on the relationship level and career. Currently single after 2 divorces and I am still struggling with coming up with successful business plan. I always wanted to work for myself and I feel like I have not found my calling yet.",1,7,4,1,1,1,4,"relationship struggles, career uncertainty, business challenges, personal calling, self-employment goals",4,1,3,2,1,2,3,5,3,0.528107002637869,"Career opportunities",6,3,4,4,3,"Democrat","Not very strong",NA,NA,"Democrat | Not very strong",1,1,52,"woman","Black or African American","4yearColl","$40,001-$60,000",3,4,0,0,0,1,0,NA
"OZ594cr",10,"In general, I do not feel left behind. The only exception is that sometimes I feel trivialized as An older adult, which may result in me being passed over or ignored for certain opportunities.",5,2,4,6,5,5,2,"age discrimination, missed opportunities",5,1,2,3,1,2,4,2,10,0.5565325904477,"Generational differences",5,2,1,5,1,"Republican",NA,"Not very strong",NA,"Republican | Not very strong",1,1,67,"man","White","PHD","$100,001-$120,000",6,6,1,1,1,0,0,NA
"ML138al",77,"I was born into a very poor family. Financially I have always struggled. I’m in my 40s and just now understanding the importance of investing. I never had children, or a wife. I spent so much of my early adulthood trying to pull myself out of poverty it just never came for me. I feel behind all my friends and coworkers in every way. I’ve had to come to the realization I will never have some things because of where I started. And most of it was just learning basic things I could have learned as a teenager but had nobody to teach me. I’m left playing catch-up with finances and all other aspects.",4.5,2,4,6,4,5,5,"financial struggles, late investing, no family, poverty background, lack of guidance, playing catch-up",6,1,5,3,1,2,4,6,8,0.48550991741911,"Lack of opportunities",4,2,2,6,2,"Independent",NA,NA,"Closer to Republican","Independent | Closer to Republican",1,1,45,"man","White","GED","$40,001-$60,000",3,2,1,1,0,0,1,NA
"ZR555ou",31,"I feel a bit left behind because I am currently married, have 2 children, but we still are renting a house. We are unable to afford buying a house yet, and I see classmates getting married and buying a house next. I feel behind in homeownership.",6,6,2,2,5,7,3,"homeownership, financial constraints, peer comparison",5,2,4,3,1,2,3,3,7,0.522710199918716,"Financial struggles",7,3,1,2,2,"Republican",NA,"Strong",NA,"Republican | Strong",1,1,26,"woman","White","4yearColl","$40,001-$60,000",3,4,1,0,1,0,0,NA
"RR231en",0,"I do not feel left behind at all. I think that it's up to me to try to fit in wherever I am. I should not look at other people and compare myself to them. I think that people find happiness in themselves and their circumstances. It can be a beautiful peaceful thing.",6.5,1,2,7,6,7,1,"personal responsibility, self-comparison, happiness within, peaceful mindset",1,1,1,1,1,1,1,4,2,0.54714380480235,"Personal growth",6,1,1,2,1,"Republican",NA,"Strong",NA,"Republican | Strong",1,1,69,"woman","White","PHD","$140,001-$160,000",8,6,1,0,1,0,0,NA
"OJ155ml",84,"My 20s went poorly and now im just sort of ten years behind. Bad social skills, no family, etc. It wouldnt bother me if it werent for societal expectations and judgements surrounding people my age",1.5,4,5,4,2,1,4,"bad social skills, no family, societal expectations, age judgements",6,1,2,4,1,2,5,4,1,0.472281474609705,"Family responsibilities",2,5,6,3,5,"Democrat","Not very strong",NA,NA,"Democrat | Not very strong",1,1,32,"man","multiracial","GED","$0-$20,000",1,2,0,1,0,1,0,NA
"ZV129le",22,"i think because of the way people keep getting richer and the other people there income doesnt improve",4,2,4,6,1,7,4,"income disparity, wealth gap, economic inequality",7,2,5,3,1,1,2,3,4,0.787620421432904,"Inequality and disparity",4,4,4,4,4,"Republican",NA,"Strong",NA,"Republican | Strong",1,1,56,"woman","White","GED",NA,NA,2,1,0,1,0,0,NA
"XX794qc",69,"I feel that as a millennial I never really caught much of a break. I graduated with student loan debt into a bad economy, was under-employed for years, and then when I finally did get a good paying W-2 job the work ended a few years later due to funding issues. I worry about saving for retirement and taking care of my parents in the future.",1,2,5,6,1,1,4,"student loan debt, bad economy, under-employment, job loss, retirement savings, parental care",6,2,5,3,1,1,3,6,7,0.530368340159111,"Financial struggles",1,6,6,6,6,"Democrat","Not very strong",NA,NA,"Democrat | Not very strong",1,1,36,"woman","Asian","4yearColl","$60,001-$80,000",4,4,0,0,0,1,0,NA
"CG351mr",10,"I feel left behind in the world of technology. Most importantly, when it comes to entertainment. For example, I really want to get into VR/AR. In fact, Android is debuting their XR glasses very soon, and I would love to get me and my wife those. But I simply just can't afford it. Even those headsets that apple came out with look extremely cool, and would be fun to have. But at the end of the day, I just can't swing it. And just simply not having enough money leads to other feelings of being left behind also. I want to travel, plan for my future, etc. But that's hard to do when every last bit of your paycheck goes to just breaking even. So to sum it up, I wish I could change my answer to the previous question about how much I feel left behind, because now that I think about it, I would have rated that a lot higher on that sliding scale.",6,5,2,3,7,5,5,"technology access, financial constraints, entertainment gap, travel limitations, future planning, income insufficiency",5,1,5,2,1,1,3,6,5,0.489177111427583,"Health limitations",6,1,1,7,1,"Republican",NA,"Not very strong",NA,"Republican | Not very strong",1,1,43,"man","White","4yearColl","$80,001-$100,000",5,4,1,1,1,0,0,NA
"IL024vd",56,"As you age, you seem to be sort of discriminated against most job opportunities. I have held many high-profile positions during my career. The company that I worked at in my last job, ended up closing the location that I worked at. Being over 65 years old, most place of employment are not willing to bring someone on at my age. I feel I still have lots to offer and many more year to work. That is one way of feeling left out or behind. Additionally, most of my close friends have passed away, leaving me with very few (almost none), close friends, making me feel somewhat left behins.",6,5,3,3,5,7,4,"age discrimination, job loss, employment barriers, social isolation, loss of friends",6,1,4,4,1,2,5,5,8,0.50423035428795,"Lack of opportunities",7,1,1,4,5,"Independent",NA,NA,"Closer to Republican","Independent | Closer to Republican",1,1,65,"man","White","4yearColl","$20,001-$40,000",2,4,1,1,0,0,1,NA
"XC614bh",64,"Left behind to me means that I am not advancing in my career. Also means that I either don’t have savings and/or don’t have a house I own.",2,5,5,3,3,1,3,"career stagnation, no savings, no home ownership",6,1,4,2,1,2,3,3,7,0.526454849903128,"Financial struggles",2,3,5,3,6,"Democrat","Not very strong",NA,NA,"Democrat | Not very strong",1,1,34,"man","Asian","MA","$140,001-$160,000",8,5,0,1,0,1,0,NA
"ZR680ua",27,"maynbe i feel some people are ahead of me financially. im kinda of nbehind in my career path. I feel i am behind in advancing and also fee lbehind in having kids. im already 34!",2.5,2,3,6,3,2,3,"financial disparity, career stagnation, advancement delay, parenthood timing",5,1,4,2,1,3,5,4,8,0.485384985400403,"Lack of opportunities",3,5,7,3,6,"Democrat","Strong",NA,NA,"Democrat | Strong",1,1,34,"man","White","MA","$100,001-$120,000",6,5,1,1,0,1,0,NA
"RU259pj",10,"I'm white and in the middle class so, most of the time, I haven't felt ""left behind"". There was a time in the 1980's when I was entering the corporate world as a woman and faced some challenges because most of my co-workers were men. When I was a stay at home mom I felt a bit left behind because the expectation by my family and society was that I would work full-time. Recently, I feel a bit left behind because I'm a Strong Democrat and very liberal. This country is run by a Far Right President so many of the things happening in this country are very against my values.",1,2,6,6,1,1,3,"gender inequality, career expectations, political climate",5,4,2,3,1,4,3,3,9,0.509932965043454,"Social and political issues",1,7,6,NA,6,"Democrat","Strong",NA,NA,"Democrat | Strong",1,1,60,"woman","White","MA","$100,001-$120,000",6,5,1,0,0,1,0,NA
"WN361nv",21,"To feel left behind means that you feel that people are not listening to your needs/desires as they do with others that are higher in social status and wealth. You are thought less of, discriminated against, treated differently, don't have access to things that others are.",4,4,4,4,3,5,4,"social status, wealth disparity, discrimination, access inequality, different treatment",6,2,4,4,3,2,1,5,4,0.587506133515367,"Inequality and disparity",1,2,1,1,7,"Democrat","Strong",NA,NA,"Democrat | Strong",1,1,56,"woman","White","2yearColl","$0-$20,000",1,3,1,0,0,1,0,NA
"CU041lk",47,"As a senior and veteran living on Social security, I feel left behind a bit because I make just over the minimum for some financial help from the government.",6,3,4,5,6,6,2,"financial assistance, social security limits, government support, income threshold, veteran benefits",6,4,5,3,1,1,4,5,7,0.523979762945016,"Financial struggles",6,2,2,4,4,"Independent",NA,NA,"Closer to Republican","Independent | Closer to Republican",1,1,77,"man","White","2yearColl","$20,001-$40,000",2,3,1,1,0,0,1,NA
"JU160ak",20,"I think economically I feel a little behind. I'm in my early 40s and I've been working since I was 18 and I don't think I'm where I want to be financially. I think I'll be fine in the long run, but I wish I was a little better off because a major catastrophe could lag me behind my financial goals.",1,7,3,1,1,1,2,"economic status, financial goals, job stability, age concerns, future security",5,1,4,2,1,1,4,5,7,0.523445984634764,"Financial struggles",1,3,7,1,5,"Democrat","Strong",NA,NA,"Democrat | Strong",1,1,43,"man","Asian","4yearColl","$80,001-$100,000",5,4,0,1,0,1,0,"n/a"
"QE893no",78,"I feel like the economy is set up where the working class is not meant to level up because as the prices of living our rising the pay doesn’t increase by much and it leaves us stressed about finances",1.5,7,3,1,2,1,4,"rising costs, stagnant wages, financial stress",7,3,5,3,1,1,2,3,7,0.64343451593529,"Financial struggles",4,4,5,4,4,"No preference",NA,NA,"Closer to Democratic","Independent | Closer to Democratic",1,1,41,"man","Black or African American","4yearColl","$60,001-$80,000",4,4,0,1,0,0,0,NA
"ZO538zc",0,"I recently moved to a new area so i don't get to see too many familiar people very often. When i get a chance to see old friends I have a lot to catch up on.",2,5,4,3,3,1,3,"new area, lack of familiarity, missing friends, catching up",2,1,1,2,1,1,2,4,8,0.475845656280107,"Lack of opportunities",6,6,6,6,6,"Democrat","Strong",NA,NA,"Democrat | Strong",1,1,48,"man","White","4yearColl","$100,001-$120,000",6,4,1,1,0,1,0,NA
"DE177qe",55,"There are just things that I am used to and from my past that just aren't around anymore. It makes me sad that those ideals are just left behind and no one cares about them anymore.",4.5,2,3,6,5,4,3,"nostalgia, cultural change, loss of tradition",5,1,2,3,1,1,3,3,9,0.47969558079247,"Social and political issues",5,3,3,3,4,"Republican",NA,"Not very strong",NA,"Republican | Not very strong",1,1,48,"man","White","4yearColl","$100,001-$120,000",6,4,1,1,1,0,0,NA
"FG134kd",68,"I grew up in a very disfunctional family, and we did not have the benefits normally expected by traditional families. We were the children of the town drunk and were on the very bottom rungs socially. Consequently, we were not included in much of what was conssidered ""normal"" American society. We did not and were not expected to go to college, have good jobs, decent places to live....my siblings and I decided that socially we were even lower on the success ladder than migrant workers and were by and large ignored or reviled by other segments.",1.5,5,2,3,2,1,5,"dysfunctional family, social exclusion, lack of education, poor job prospects, housing instability, social stigma",6,2,3,4,1,1,2,6,8,0.507291325013766,"Lack of opportunities",1,5,3,3,4,"Independent",NA,NA,"Neither","Independent | Neither",1,1,77,"woman","White","GED","$20,001-$40,000",2,2,1,0,0,0,1,"Yes...thank you very much for including the choice of ""neither"" in the question do you consider yourself more democrat or republican.  Too many times I have answered this question knowing I would have to select one or the other, knowing that i espouse neither ideology...I have always been independent...trying to learn about the issues and the candidates regardless of their political loyalties.  I believe that should be the guiding light for anyone serious about trying to make the country better, or at least not worse."
"RJ671in",100,"As a college student, I feel like the debt I have accrued will only screw me over long term. No one is coming to help me either. All loan forgiveness is bullshit and won't happen.",3.5,7,1,1,3,4,4,"student debt, lack of support, loan forgiveness doubts",6,3,5,2,1,1,2,3,7,0.480554784434324,"Financial struggles",3,1,3,4,2,"Independent",NA,NA,"Neither","Independent | Neither",1,1,31,"man","White","4yearColl","$20,001-$40,000",2,4,1,1,0,0,1,NA
"DL159uv",10,"I lost touch with a lot of my friends, so this was the first thing that came to mind. I have not tried to contact any of them for a long time. This is the main reason I would feel left behind. In reality, I do not. This is just an illusion I believe.",3,4,4,4,1,5,1,"lost connections",2,1,1,2,1,1,2,1,8,0.51578224990502,"Lack of opportunities",1,1,1,1,1,"Independent",NA,NA,"Neither","Independent | Neither",1,1,44,"man","White","GED","$0-$20,000",1,2,1,1,0,0,1,"Thank you!"
"XX734xo",0,"Well, I moved the slider to the ""I don't feel left behind"" side. Unsure what you mean by ""left behind""?",7,4,3,4,7,7,1,"no relevant factors",1,1,1,1,1,1,1,1,8,0.485222287296522,"Lack of opportunities",7,3,1,4,2,"Republican",NA,"Strong",NA,"Republican | Strong",1,1,61,"woman","White","GED","$20,001-$40,000",2,2,1,0,1,0,0,NA
"YN956lq",78,"I feel like every one else is getting ahead and I'm not. I'm not making as much money as everyone else, and my views are becoming more and more rare.",1.5,6,2,2,2,1,4,"income disparity, changing values",5,1,4,3,1,2,3,2,4,0.583915641791267,"Inequality and disparity",1,4,6,1,2,"Democrat","Not very strong",NA,NA,"Democrat | Not very strong",1,1,37,"man","White","2yearColl","$140,001-$160,000",8,3,1,1,0,1,0,NA
"QG576pu",10,"I live in a small town that has seen better days. It is struggling economically, and we lack high quality education and health care services. When I travel to larger cities, the difference in progress is often staggering.",2.5,5,4,3,3,2,4,"economic struggles, education quality, health care access, urban progress",6,3,4,3,1,1,2,4,7,0.49451936745706,"Financial struggles",1,6,5,2,6,"Democrat","Strong",NA,NA,"Democrat | Strong",1,1,43,"man","White","MA","$40,001-$60,000",3,5,1,1,0,1,0,NA
"MI213hv",95,"Well as I get older I find it really easy and anybody that gets older can tell you that you start to get left behind by everything and everybody job opportunities dry up friends disappear your children don't talk to you it's yeah it's a feeling of being left behind by society in general",1,7,4,1,1,1,4,"age discrimination, job opportunities, social isolation, family distance, societal changes",7,1,3,3,1,2,5,5,9,0.483994019190014,"Social and political issues",1,7,7,2,6,"Democrat","Strong",NA,NA,"Democrat | Strong",1,1,61,"man","White","GED","$0-$20,000",1,2,1,1,0,1,0,NA
"XY689fu",2,"I am a white, straight, male, aged 65+. I grew up in a household that made sacrifices to send me to college and graduate school. As such, I've been privileged beyond most all of my peers. I'm sure that I have benefited from my birth circumstances far more than I even realize. So, I don't feel left behind almost at all - I've made something out of the many advantages I've had in life. If there is ANY way that I possibly feel ""left behind"" - then it might be some instances of ""ageism"" that I feel I've observed since I turned 62. Some few opportunities that were open to me at a younger age seem to have become rarer once I got well into my sixties.",4,5,4,3,5,3,1,"ageism, fewer opportunities",5,1,2,2,1,1,4,2,10,0.522315801203331,"Generational differences",3,NA,1,5,5,"Democrat","Not very strong",NA,NA,"Democrat | Not very strong",1,1,67,"man","White","MA","$160,001-$180,000",9,5,1,1,0,1,0,"You noted the term ""liberalism"" as one of your ideologies. That word can have multiple meanings (e.g. ""classical"" liberalism or modern day label of ""liberal""), so I chose NA for that particular question."
"LC154ox",50,"I was born left behind. The plan was for me to end up in prison and dead as soon as possible. This was an FBI plan, not just for me, but for millions..",4.5,7,3,1,5,4,5,"systemic injustice, economic disparity, racial profiling, educational barriers, employment discrimination, social isolation, mental health stigma, housing instability, legal challenges, community disinvestment",7,5,2,5,4,2,1,10,4,0.514764615355627,"Inequality and disparity",5,4,5,5,6,"Independent",NA,NA,"Closer to Democratic","Independent | Closer to Democratic",1,1,62,"man","Other (please specify)","2yearColl","$0-$20,000",1,3,0,1,0,0,1,"Thank You for the opportunity to participate!"
"FJ250ov",39,"As a senior citizen, I feel that most don't feel that we need to be forward in our thinking and advance our knowledge of technology. I feel that most perceive senior citizens as old and unintelligible when it comes to any new development in technology. They ignore our needs and feel that we do not add anything to society. I find that my experience over the years can add a lot to today's world. I know what works and what does not in many cases. When technology has flaws because it is not user friendly, I can certainly aid in the development of it so that it can be used by all.",2,3,4,5,3,1,4,"ageism, technology gap, social isolation, underappreciation, stereotyping",6,2,2,3,1,2,5,5,10,0.485089970860154,"Generational differences",1,5,NA,NA,5,"Democrat","Strong",NA,NA,"Democrat | Strong",1,1,66,"woman","White","4yearColl","$60,001-$80,000",4,4,1,0,0,1,0,NA
"IX401ko",70,"I have not exactly been successful in my life. I had a career but had to quit because of an injury. Now I am trying to get back to myself to do something with my life before it is too late. I feel left behind because all of my friends and family are doing much more than me. It hurts really bad because I still have so much to do and want to do.",6,7,5,1,5,7,4,"career setback, health issues, financial strain, social comparison, personal goals",2,1,3,2,1,1,3,5,2,0.495636925268421,"Personal growth",7,1,1,1,6,"Republican",NA,"Strong",NA,"Republican | Strong",1,1,56,"woman","White","2yearColl","$20,001-$40,000",2,3,1,0,1,0,0,NA
"TR424fh",80,"I am physically disabled and don't live the typical life as other adults. I can't live where I want to, I cant work like I want to. I feel behind compared to my peers, even though its not by choice.",1,5,4,3,1,1,4,"physical disability, housing limitations, employment barriers, peer comparison",6,2,3,3,1,1,2,4,5,0.535912588688693,"Health limitations",1,5,5,NA,2,"Democrat","Strong",NA,NA,"Democrat | Strong",1,1,33,"woman","White","GED","$0-$20,000",1,2,1,0,0,1,0,NA
"GF097ws",68,"I feel left behind because the rich keep getting richer and the poor keep getting poorer in this country. I feel like all the people at the top have the most money and power and they control everything even though their percentage in the population is much smaller. People are struggling to afford basic necessities and the american dream feels like a myth.",1,4,1,4,1,1,4,"income inequality, wealth disparity, power imbalance, economic struggle, affordability issues, mythical american dream",7,3,5,4,1,1,1,6,4,0.59043802695455,"Inequality and disparity",1,5,5,5,6,"Democrat","Strong",NA,NA,"Democrat | Strong",1,1,39,"woman","White","GED","$40,001-$60,000",3,2,1,0,0,1,0,NA
"ND110jk",26,"I feel left behind because I highly suspect that my vote doesn't matter in The US. I feel like the elections are rigged by trump and Musk. I feel helpless.",1,7,1,1,1,1,4,"voter disenfranchisement, political manipulation, helplessness",6,5,1,4,1,1,1,3,9,0.464278008894971,"Social and political issues",1,7,7,7,7,"Independent",NA,NA,"Closer to Democratic","Independent | Closer to Democratic",1,1,60,NA,"White","4yearColl","$80,001-$100,000",5,4,1,NA,0,0,1,NA
"BD938ty",50,"I am getting on the older side of things (52) and I am beginning to feel the way my grandparents felt the first time they saw a computer. I am drawing back on the experiences that formed me 20 years ago and I now am starting to feel what they were probably feeling, that the world was passing me by. I am looking at students that routinely use AI for assignments and get upset when I fail them for not having a single thought of their own written down. The things that I was taught that you did and did not do (plagiarism, etc.) just don't seem to matter as much and I am feeling a bit like a relic of the past and am very uncertain about the future.",1.5,5,2,3,1,2,4,"age gap, technology changes, ai reliance, educational values, future uncertainty",5,1,2,3,1,2,5,5,2,0.455247032545065,"Personal growth",1,6,3,1,6,"Independent",NA,NA,"Closer to Democratic","Independent | Closer to Democratic",1,1,52,"man","multiracial","MA","$140,001-$160,000",8,5,0,1,0,0,1,"What's the importance of the color question?  Was there an attention check I missed?"
"SX833gd",40,"I am a disabled person. While I am employed and have a home life, the rest of the world seems to disregard me. The opportunity to live a normal life in line with others just isn't possible. I watch as others carry on to fulfilling experiences while I struggle.",3.5,5,5,3,4,3,4,"disability challenges, social isolation, limited opportunities, accessibility issues, employment barriers",6,3,3,3,1,1,2,5,5,0.624788534994223,"Health limitations",4,5,5,3,4,"Republican",NA,"Not very strong",NA,"Republican | Not very strong",1,1,40,"man","White","2yearColl","$40,001-$60,000",3,3,1,1,1,0,0,NA
"VM395ov",17,"I feel that I am not really left behind. As a white male, I seem to get many benefits of the doubt in life. I do think that with some diversity efforts it has hurt white males a bit. However given the benefits, I have gotten in life I can not complain.",4,3,5,5,5,3,1,"diversity efforts",5,2,2,3,2,3,1,1,2,0.493554245502258,"Personal growth",2,2,3,4,2,"Democrat","Strong",NA,NA,"Democrat | Strong",1,1,51,"man","White","PHD","Over $200,000",11,6,1,1,0,1,0,"no comments"
"NU953yp",20,"I think the way I feel left behind is when I go to make a purchase of a car. The prices have gone up so much that I feel that I can not afford to purchase a good quality car because my pay is lower than people doing the same job as I am. So I feel that if I made more money like counterparts do I could afford to make that purchase without worry.",3,5,2,3,2,4,4,"car prices, low pay, income disparity",6,2,5,2,2,2,2,3,7,0.540874486930515,"Financial struggles",7,5,7,6,3,"Democrat","Strong",NA,NA,"Democrat | Strong",1,1,60,"woman","White","MA","$60,001-$80,000",4,5,1,0,0,1,0,NA
"AA643ln",20,"I don't have a solid and defined career like many people my age do. I don't have children, which is a personal choice. This is a positive thing for me, but I feel ""left behind"" in some way. I can not drive because I have epilepsy so I lack some independence that the average person my age has.",1.5,5,4,3,1,2,3,"career uncertainty, no children, limited independence, health issues",5,1,2,3,1,2,4,4,5,0.52643741091391,"Health limitations",1,5,5,2,6,"Independent",NA,NA,"Closer to Democratic","Independent | Closer to Democratic",1,1,36,"woman","White","2yearColl","$60,001-$80,000",4,3,1,0,0,0,1,"no issues"
"PI994pb",55,"I feel left behind in my personal life. Most of my same aged friends are married and have children. I do not necessarily want those things currently, but I feel as if they are ahead of me in that regard.",1.5,5,4,3,2,1,3,"relationship status, peer comparison, life milestones",2,1,1,3,1,3,4,3,2,0.522209925848988,"Personal growth",1,6,NA,NA,4,"Democrat","Strong",NA,NA,"Democrat | Strong",1,1,34,"woman","White","MA","$60,001-$80,000",4,5,1,0,0,1,0,NA
"MU703vd",19,"I have had a rough three years after being completely flooded by a hurricane in 2022 and partially flooded by hurricanes in 2024. Having to rebuild my house multiple times in three years really takes a toll on my mental health and I feel like this is not something many people can truly comprehend and empathize. I often feel isolated in my feelings and left out of things going on in the world today because I am focused on putting the pieces back together in my life.",3.5,3,3,5,3,4,4,"natural disasters, mental health, isolation, rebuilding stress, lack of empathy",6,3,3,3,1,1,2,5,5,0.470963125796744,"Health limitations",3,4,4,NA,3,"Democrat","Not very strong",NA,NA,"Democrat | Not very strong",1,1,52,"woman","White","4yearColl","Over $200,000",11,4,1,0,0,1,0,NA
"ZB292nx",65,"I enjoy living a lifestyle from excessive work or money-making by living in my car. However, with all the recent laws passed and focus on houseless and other transient people, I feel I'm not so much being left behind as much as actively prosecuted",1.5,7,4,1,2,1,2,"housing laws, transient focus, legal challenges, lifestyle choice, social stigma",6,4,3,4,1,1,2,5,5,0.472765265901675,"Health limitations",1,3,4,1,3,"Democrat","Not very strong",NA,NA,"Democrat | Not very strong",1,1,38,"man","Hispanic, Latino, or Spanish origin","4yearColl","$20,001-$40,000",2,4,0,1,0,1,0,NA
"SW236bh",15,"I just think that the price of everything is rising, yet wages are not being raised enough. My husband and I do well, but still don’t have the financial freedom to do everything I’d like to do.",4,3,4,5,3,5,3,"rising prices, stagnant wages, financial constraints",6,2,5,3,1,2,2,3,7,0.62922185051587,"Financial struggles",5,5,3,4,5,"Republican",NA,"Not very strong",NA,"Republican | Not very strong",1,1,43,"woman","White","MA","$180,001-$200,000",10,5,1,0,1,0,0,"Nothing that I can think of."
"AZ179ep",19,"I've always felt a little behind and never knew why. I'm an intelligent person; I have a degree in Business and another in Law. Yet I never seem to fit in or succeed like others. I'm smart but I've never made it out of poverty. I've always been a manager, yet in nearly 40 years I never made it to District Manager. I'm a really nice person, yet I've never been popular or had a lot of friends. Left behind in so many ways for reasons that I couldn't fathom. Turns out, I'm autistic. And I have ADHD, which just amplifies the autism. Autism explains why I am the way I am. Why I always seem to miss out on the opportunities. Why society just doesn't make any damn sense.",1,7,3,1,1,1,5,"autism, adhd, missed opportunities, social challenges, career stagnation, financial struggles, lack of support, isolation, unmet potential",6,1,3,3,1,1,2,9,8,0.537141180720135,"Lack of opportunities",1,7,7,1,7,"Democrat","Strong",NA,NA,"Democrat | Strong",1,1,60,"woman","White","4yearColl","$40,001-$60,000",3,4,1,0,0,1,0,NA
"HD334ua",71,"I feel like I'm lagging behind everyone in my social circle. They have advanced in their careers and are going on multiple holidays every year and investing in real estate, whereas I feel like I stagnated years ago, and every year is like Groundhog Day. Since my cancer diagnosis, I feel lost; it's like I forgot how to live, and the world has just been speeding by me. I'm standing, watching everyone else have fun, whilst I grind away at the same position within the same company for the past 10 years. I've lost touch with close friends, and family members appear more distant.",5,6,3,2,3,7,5,"career stagnation, health issues, social isolation, financial disparity, lack of progress, family distance",5,1,3,2,1,1,3,6,8,0.536541286890455,"Lack of opportunities",7,1,1,1,6,"Republican",NA,"Strong",NA,"Republican | Strong",1,1,60,"woman","White","noHS","$120,001-$140,000",7,1,1,0,1,0,0,NA
"FP659ra",53,"I feel that that I wasn't allowed to live my life in a way that would allow me to be happy now or have the financial security that would allow me not to fear the future.",4.5,5,3,3,5,4,4,"financial insecurity, lack of happiness, fear of future",6,1,5,3,1,2,3,3,8,0.559142041423397,"Lack of opportunities",4,3,2,3,5,"Republican",NA,"Not very strong",NA,"Republican | Not very strong",1,1,57,"woman","White","GED","$20,001-$40,000",2,2,1,0,1,0,0,NA
"WV473sm",80,"Since I became a senior citizen and went on Medicare, I can see that American society does not value the elderly, and would prefer they die as soon as possible. They would like to siphon all of your accumulated wealth before you go, but after they have all of it, die quickly.",1.5,6,6,2,2,1,4,"age discrimination, healthcare access, financial insecurity, social isolation, wealth depletion",6,3,4,4,1,2,5,5,5,0.494088435903241,"Health limitations",1,7,7,1,7,"Democrat","Strong",NA,NA,"Democrat | Strong",1,1,69,"man","White","GED","$20,001-$40,000",2,2,1,1,0,1,0,"The current administration is breaking new ground in concentrating power in the executive branch that must be used for good by the Democratic party when they gain power, which will be very soon.  American's won't accept a corrupt, evil  authoritarian regime that is only interested in enriching themselves and their cronies."
"VA311qe",26,"I feel as if I'm not very left behind for the most part. In the areas where I do feel left behind, I only feel that way do to my own decisions with career and life choices. Even still, I am pretty satisfied with where I am in life.",7,6,2,2,7,7,2,"career choices, life decisions",2,1,2,1,1,1,2,2,3,0.625451287607552,"Career opportunities",7,1,1,2,3,"Republican",NA,"Strong",NA,"Republican | Strong",1,1,46,"woman","White","GED","$80,001-$100,000",5,2,1,0,1,0,0,NA
"GG601sy",78,"I feel left behind since I feel as I have not grown since high school and being in college, I feel the same as I was when I was a freshman. I don't find myself evolving like others have done and feel like I am the same person that I was when I was little still.",2,4,5,4,3,1,3,"lack of growth, stagnation, peer comparison, self-doubt",4,1,1,2,1,2,4,4,8,0.53768275251723,"Lack of opportunities",1,6,5,5,5,"Democrat","Strong",NA,NA,"Democrat | Strong",1,1,21,"woman","Asian","GED","$80,001-$100,000",5,2,0,0,0,1,0,NA
"IL005wa",25,"I feel the current federal government is doing more to make it unsustainable to live by helping accelerate inflation by deregulation and tariffs and doing nothing to help the working and lower class of society that need relief from constant price hikes on food, fuel, electricity",1,3,4,5,1,1,4,"inflation, deregulation, tariffs, price hikes, food costs, fuel costs, electricity costs",7,5,5,3,1,1,2,7,7,0.491281754348292,"Financial struggles",1,7,5,1,6,"Independent",NA,NA,"Closer to Democratic","Independent | Closer to Democratic",1,1,43,"man","White","GED","$0-$20,000",1,2,1,1,0,0,1,NA
"GF177zs",60,"A lot of my immediate family has passed away. I do not really have communication with many people. I do not feel like I am far enough in life at my age as I should be. I feel like I am not experiencing what I should, and like I am missing out on life.",3,5,4,3,4,2,4,"family loss, social isolation, life progress, missed experiences",4,1,2,2,1,2,4,4,8,0.556263422250249,"Lack of opportunities",4,4,2,4,4,"Independent",NA,NA,"Neither","Independent | Neither",1,1,35,"woman","White","GED","$0-$20,000",1,2,1,0,0,0,1,"No issues with the study. :-)"
"XZ251vo",66,"it seems like most of the people i grew up with are better off than i am. I tend to make the same mistakes and i hold myself back do to poor decicions. I dont have the same goals and i tend to get caught up in the anxioity.",3,3,5,5,3,3,4,"poor decisions, anxiety, different goals, self-sabotage",2,1,3,2,1,1,3,4,8,0.485156587172868,"Lack of opportunities",2,5,5,NA,5,"Democrat","Not very strong",NA,NA,"Democrat | Not very strong",1,1,43,"man","White","GED","$40,001-$60,000",3,2,1,1,0,1,0,"nope i just hope i wrote long enough"
"OX394bn",23,"I don't really feel left behind most of the time but I do feel a bit left behind in how my peers have started raising families and have a better grasp on child-rearing than I do.",1,3,5,5,1,1,2,"family dynamics, parenting skills",5,1,2,3,1,3,4,2,1,0.679811954202216,"Family responsibilities",1,6,5,3,6,"Democrat","Strong",NA,NA,"Democrat | Strong",1,1,36,"woman","White","4yearColl","$100,001-$120,000",6,4,1,0,0,1,0,NA
"WL939wr",41,"I feel economically left behind in that many of the opportunities that were accessible to past generations are substantially greater for people my age. Owning a home especially is a dream I have that is far more difficult for me than it ever was for my parents, for example. Home prices are multiple times more expensive compared to average wages as they were 30 years ago, interest rates have tripled over the past few years, and where I am in my 30s is very different to where my mom was in her 30s (a home owner supporting 3 children). I also feel left behind politically. The United States has slid further and further to the right wing over my lifetime, and I have little representation fighting for my views. Healthcare is out of reach for many, women have less control over their own body and medical rights than they did 10 years ago, education has gone downhill, and I currently live in an oligarchy controlled by idiots with too much money.",1,6,4,2,1,1,5,"housing costs, wage disparity, interest rates, political shift, healthcare access, reproductive rights, education decline, oligarchy",6,5,5,3,1,2,3,8,7,0.44765243772692,"Financial struggles",1,1,7,1,6,"Democrat","Not very strong",NA,NA,"Democrat | Not very strong",1,1,34,"woman","White","4yearColl","$20,001-$40,000",2,4,1,0,0,1,0,NA
"TI294kb",17,"I guess I feel a little left behind in saving for retirement and buying stocks. I don't understand any of it",4.5,3,5,5,4,5,2,"retirement savings, stock market, financial literacy",5,1,3,2,1,1,3,3,7,0.519496874029961,"Financial struggles",5,3,4,4,4,"Republican",NA,"Not very strong",NA,"Republican | Not very strong",1,1,39,"man","White","PHD","$60,001-$80,000",4,6,1,1,1,0,0,"Na"
"QU758rm",40,"I am nowhere near where I thought I would be at this point in my life and I'm getting older so I don't know whether or not I'll ever catch up.",7,2,5,6,7,7,4,"age concerns, career stagnation, unmet goals",4,1,3,2,1,2,5,3,10,0.528256487960831,"Generational differences",7,1,1,2,1,"Republican",NA,"Strong",NA,"Republican | Strong",1,1,50,"man","multiracial","4yearColl","$20,001-$40,000",2,4,0,1,1,0,0,NA
"QO413io",56,"I feel that people my age are more accomplished as far as career. I feel like I haven’t gone as far in my career as I should be.",1,4,5,4,1,1,3,"career stagnation",4,1,3,2,1,2,4,1,3,0.686055453792347,"Career opportunities",2,4,6,4,6,"Democrat","Strong",NA,NA,"Democrat | Strong",1,1,48,"woman","White","2yearColl","$100,001-$120,000",6,3,1,0,0,1,0,NA
"SN534pd",11,"I really don’t feel very left behind. I have been extremely blessed in my life. The only thing I can think of, is that I am into my 40s now, and I think that as I continue in middle age, I will start to feel like the world doesn’t pay much attention to older people. Everything is so focused on people being young and beautiful, while aging is inevitable .",5,2,4,6,4,6,2,"aging concerns, youth focus",5,1,1,3,1,2,4,2,10,0.579908343946543,"Generational differences",6,2,1,3,2,"Republican",NA,"Not very strong",NA,"Republican | Not very strong",1,1,41,"woman","White","MA","$120,001-$140,000",7,5,1,0,1,0,0,NA
"AD665iz",35,"The main reason that I feel left behind is the level of education, career and financial success that I have had so far. While I am making advances and iprovements in my life and working toward the things that I need to work towards, I still feel that I am rather far away from where I think or where I need to be at this point in my life. I feel that I made many mistakes, particularly in learning new skills and advancing my education, that has put me behind others, particularly in the area of techology and Ai. I am at a point financially where I am playing catchup, rather than being already established and havig learned the additional skills necessary to continue to advance my career and life forwarrd. I also have not achieve my initial relationship and family goals, which has seperated me from many different sub groups of society as a result and given the limited amount of time, along with my responnsabilities, I don't feel that I will likely achieve my initial goals in that area.",5,3,3,5,4,6,4,"education level, career progress, financial status, skill gaps, technology skills, relationship goals, time constraints, responsibilities",5,1,4,3,1,2,4,8,2,0.51598737175664,"Personal growth",7,1,1,2,1,"Republican",NA,"Strong",NA,"Republican | Strong",1,1,36,"man","White","4yearColl","$20,001-$40,000",2,4,1,1,1,0,0,NA
"XJ639dz",90,"I feel left behind because of my financial situation. I've recently retired and only recieve a small amount each month from SS. It isn't enough to survive (I was a homemaker/stay at home Mom for many years) but it's too much to qualify for any assistance like food and medical help. You hear about other people recieving financial, medical, and food assistance but there isn't anything for seniors in my situation.",4,5,1,3,3,5,4,"financial situation, retirement income, lack of assistance, medical help, food assistance",6,4,5,3,1,3,4,5,7,0.516259721846142,"Financial struggles",5,3,2,3,3,"Republican",NA,"Not very strong",NA,"Republican | Not very strong",1,1,64,"woman","White","GED","$0-$20,000",1,2,1,0,1,0,0,NA
"ZK387ct",20,"I really do not feel like I have been left behind. I am a female who had a great career in IT. It was a struggle at the beginning but I never felt left behind.",3.5,5,3,3,4,3,1,"career success, personal growth, supportive environment",2,1,2,3,1,2,1,3,2,0.633957067451983,"Personal growth",3,4,4,3,4,"Independent",NA,NA,"Closer to Republican","Independent | Closer to Republican",1,1,52,"woman","White","4yearColl","$100,001-$120,000",6,4,1,0,0,0,1,NA
"RY131qq",50,"As a sixty plus year old in the technology industry, it is almost impossible to get work with another company. Age discrimination in this industry is rampant.",4.5,5,4,3,6,3,4,"age discrimination, technology changes, job opportunities, skill gaps, networking challenges",7,1,3,3,1,1,5,5,3,0.507881540375182,"Career opportunities",5,4,1,7,3,"Independent",NA,NA,"Neither","Independent | Neither",1,1,63,"man","White","4yearColl","$140,001-$160,000",8,4,1,1,0,0,1,NA
"UX425zb",30,"I feel like I'm left behind in two main aspects, income and healthcare. The income gap disparity between the rich and middle class grows every year. With our current political climate, it won't change no matter who is in office. As regards to healthcare, we have such an ass backwards healthcare system. IT IS NOT THE BEST. We pay per citizen more than double that of 99% of other countries do on healthcare per citizen. Our private insurance system is a scam. The general public wants universal healthcare, but both the democrats and republicans refuse to implement it because they are all bought and paid for. it is disgusting. We are all being left behind.",3,7,3,1,3,3,4,"income disparity, healthcare system, political climate, insurance costs, universal healthcare, economic inequality",6,5,5,4,1,1,2,6,4,0.503918300363195,"Inequality and disparity",2,5,7,5,4,"Independent",NA,NA,"Closer to Democratic","Independent | Closer to Democratic",1,1,40,"man","White","4yearColl","$80,001-$100,000",5,4,1,1,0,0,1,NA
"IS616rd",20,"I feel left behind when it comes to paying off debt quickly. I am lucky to be in upper middle class, but still struggle because money does not go as far.",1,6,3,2,1,1,3,"debt burden, rising costs, financial pressure",6,1,4,2,1,1,2,3,7,0.641438472148224,"Financial struggles",1,6,7,1,7,"Democrat","Strong",NA,NA,"Democrat | Strong",1,1,36,"woman","White","GED","$140,001-$160,000",8,2,1,0,0,1,0,NA
"SX573qu",88,"I don't believe the government or society at large is looking out for me. COVID is a major reason why I feel this way as it shattered my belief in community. Economically life is a struggle and socially life is also a struggle. Due to my medical conditions I still must take COVID and other illnesses seriously, yet nobody is willing to accommodate my needs anymore. The politicization of the pandemic harmed society's ability to feel empathy for others. As such, I feel left behind as society moves towards a new vision that does not have a place for me in it.",1.5,5,5,3,2,1,5,"government neglect, economic struggle, social isolation, medical conditions, lack of empathy, pandemic impact, politicization, community breakdown",7,4,3,5,2,2,3,8,9,0.492026307382785,"Social and political issues",4,4,5,3,5,"Independent",NA,NA,"Closer to Democratic","Independent | Closer to Democratic",1,1,41,"man","multiracial","4yearColl","$40,001-$60,000",3,4,0,1,0,0,1,NA
"HF130ga",31,"I feel like I worked hard all my life, saved hard and yet when I look to my future toward the time when I might need someone to care for me, I realize I will not be able to afford care for myself.",1,3,4,5,1,1,4,"financial insecurity, rising costs, healthcare access, retirement savings, economic inequality",6,3,5,2,1,2,4,5,7,0.604950622446175,"Financial struggles",2,6,NA,NA,NA,"Democrat","Strong",NA,NA,"Democrat | Strong",1,1,72,"woman","White","MA","$40,001-$60,000",3,5,1,0,0,1,0,NA
"IW372py",71,"I feel like I missed out on important life experiences thru the years. I feel incomplete in my life knowlege. Its the simple day to day things that I struggle with. I have to struggle on just to try to keep up the pace of life. A lot of it is personal so this will have to do.",4.5,7,4,1,3,6,4,"missed experiences, incomplete knowledge, daily struggles, keeping pace, personal issues",2,1,2,2,1,2,3,5,8,0.53482214078368,"Lack of opportunities",1,1,1,1,1,"No preference",NA,NA,"Neither","Independent | Neither",1,1,30,"man","multiracial","GED","$60,001-$80,000",4,2,0,1,0,0,0,"Im not sure what the color question was for ?"
"ON319ul",79,"I'm feeling left behind in the sense there are not many good job opportunities for young adults and everything is getting way too expensive with inflation and tariffs",6,6,1,2,7,5,4,"job opportunities, rising costs, inflation, tariffs",6,3,5,2,1,1,3,4,7,0.522386804184117,"Financial struggles",2,1,1,6,1,"Independent",NA,NA,"Closer to Republican","Independent | Closer to Republican",1,1,22,"man","White","GED","$20,001-$40,000",2,2,1,1,0,0,1,NA
"CT052io",9,"The only time I feel left behind is when I think about the ability to purchase a home. There are people my age who bought homes before prices exploded and now it does not seem very attainable.",2,3,4,5,3,1,3,"housing costs, home ownership, market changes",6,2,5,3,1,1,3,3,7,0.569996174443874,"Financial struggles",1,5,6,1,6,"Democrat","Strong",NA,NA,"Democrat | Strong",1,1,31,"man","White","4yearColl","$140,001-$160,000",8,4,1,1,0,1,0,NA
"FQ902pf",62,"I feel that I barely make enough money to support myself. I sometimes feel that I am left behind in the economic sense, like other people may be able to afford nicer things than I can afford.",3,5,2,3,3,3,3,"economic disparity, income limitations, financial stress",5,1,5,2,1,1,2,3,7,0.621752435849429,"Financial struggles",2,5,NA,NA,5,"Democrat","Not very strong",NA,NA,"Democrat | Not very strong",1,1,46,"man","White","GED","$20,001-$40,000",2,2,1,1,0,1,0,NA
"AB026gq",25,"At my age, 76. I find myself having a hard time keeping up with the latest technology items. Which leaves me feeling a little left out of the great American experience. The real bummer about this is that I made my living from the exact thing. In fact my masters is in educational technologies.",4.5,1,5,7,5,4,3,"technology advancement, age barriers, career transition, educational gap",5,1,2,2,1,1,5,4,10,0.555097511220568,"Generational differences",2,4,3,4,4,"Independent",NA,NA,"Neither","Independent | Neither",1,1,76,"man","White","MA","$80,001-$100,000",5,5,1,1,0,0,1,NA
"JA876vv",60,"I am not as far in my career as I'd like to be. I think working from home mades advancement in the workplace more difficult because you have to put in a lot more effort to get in front of the people who would ultimately be responsible for granting promotions and raises.",3,3,5,5,4,2,3,"career stagnation, remote work challenges, limited visibility, promotion barriers",6,1,4,2,1,1,2,4,5,0.48364127689338,"Health limitations",1,4,4,NA,5,"Independent",NA,NA,"Closer to Democratic","Independent | Closer to Democratic",1,1,29,"woman","Black or African American","4yearColl","$60,001-$80,000",4,4,0,0,0,0,1,NA
"KO949du",75,"I feel like given my age and background, I am definitely not where I should be in terms of financial security/career success. I think that my environment has held me back in many ways and I was not confident enough to pursue some of the goals I had. I think that my anxiety/depression held me back and put me behind others. I am barely taking steps now that I should have taken decades ago but it feels like it is too late in some aspects.",1,2,2,6,1,1,4,"financial insecurity, career stagnation, environmental factors, lack of confidence, mental health issues, delayed progress",5,1,4,2,1,1,5,6,8,0.532831705962024,"Lack of opportunities",1,6,7,NA,6,"Democrat","Strong",NA,NA,"Democrat | Strong",1,1,32,"woman","Black or African American","4yearColl","$20,001-$40,000",2,4,0,0,0,1,0,"I can't think of anything at the moment. Thank you."
"XU758kn",0,"I do not feel left behind. I am very fortunate to live a good life, and it has been mostly by relying on myself and not depending on others. So there's no one to have ""left me behind.""",2,5,3,3,1,3,1,"self-reliance, fortunate life",1,1,1,1,1,1,1,2,8,0.462647009223396,"Lack of opportunities",2,5,5,NA,5,"Democrat","Strong",NA,NA,"Democrat | Strong",1,1,42,"man","White","MA","$140,001-$160,000",8,5,1,1,0,1,0,NA
"NE988pv",60,"The major ways I feel that I am being left behind revolve around how much baby boomers have done to the economy. I don’t know if I will be able to afford buying a house due to stifled wages in the name of continued profits, as most of my generation is facing. I’ll also have to wait to save adequately for retirement as I am still paying off student loans from expensive higher education. Lastly, having children in this economic climate and providing the life we want for them is leaving us strapped for cash between my paychecks.",1,7,3,1,1,1,4,"housing costs, stifled wages, student loans, retirement savings, economic climate",6,2,5,3,1,2,3,5,7,0.592479766717855,"Financial struggles",1,5,7,3,7,"Democrat","Not very strong",NA,NA,"Democrat | Not very strong",1,1,35,"man","White","PHD","$80,001-$100,000",5,6,1,1,0,1,0,NA
"KV537yv",86,"I feel very left behind in terms of economic success and career development. I think that my friends are all much better off financially than me. This makes me feel very far behind and left behind in terms of life quality.",1.5,7,4,1,2,1,4,"economic success, career development, financial disparity, life quality",5,1,5,2,1,1,2,4,2,0.537060141255212,"Personal growth",1,6,6,6,7,"Democrat","Strong",NA,NA,"Democrat | Strong",1,1,37,"man","multiracial","4yearColl","$20,001-$40,000",2,4,0,1,0,1,0,NA
"VX734cs",20,"I feel left behind in ways that we handle healthcare in America. Citizens need to have healthcare support and it is essential and I feel the country is leaving us behind in this regard.",4.5,4,3,4,3,6,4,"healthcare access",7,4,3,4,1,1,2,1,5,0.5846410097631,"Health limitations",5,4,1,4,2,"Republican",NA,"Strong",NA,"Republican | Strong",1,1,56,"man","multiracial","4yearColl","$80,001-$100,000",5,4,0,1,1,0,0,"no comments"
"LM278pg",82,"Life is getting very hard, I am not of a high pay scale and it's worrisome to know how I am going to continue working a paying my bills. Food is another factor. Seems like social media influencers are the only ones making money and becoming like the rich. At my age I can't start over.",4,2,5,6,1,7,4,"low income, rising costs, food insecurity, age limitations, social media pressure",6,2,5,3,1,2,5,5,7,0.506986582276659,"Financial struggles",5,5,2,NA,5,"Democrat","Not very strong",NA,NA,"Democrat | Not very strong",1,1,62,"man","Black or African American","GED","$180,001-$200,000",10,2,0,1,0,1,0,NA
"JB547xo",61,"I feel like people caring about others are being left behind by the people who only want to think about themselves and not care for others.",2,6,4,2,2,2,3,"selfishness, lack of empathy, individualism",6,1,2,3,1,1,1,3,8,0.50592305104558,"Lack of opportunities",1,5,5,NA,6,"Independent",NA,NA,"Neither","Independent | Neither",1,1,39,"man","White","2yearColl","$120,001-$140,000",7,3,1,1,0,0,1,"thanks"
"SR369fj",70,"I feel left behind in areas of financial security. It feels like things are always going to be expensive and a struggle to pay for due to lack of strong income. It also feels like many people around me are perhaps starting new ventures and going to more places than I am, which makes me feel less experienced in life. There seems to be many times when I see people who are younger or a similar age as me being much more successful and pursuing things with greater success than me.",1,6,4,2,1,1,4,"financial insecurity, low income, limited travel, fewer experiences, peer success",5,2,5,2,1,1,4,5,7,0.496212827138554,"Financial struggles",1,5,5,NA,6,"Democrat","Strong",NA,NA,"Democrat | Strong",1,1,25,"man","White","GED","$40,001-$60,000",3,2,1,1,0,1,0,NA
"FU744fv",8,"I feel that because of my age,73, I am left behind because people think that I am old and therefore stupid or have thoughts and opinions that don’t agree with theirs. My life experiences are discounted as not important and many feel that I and others my age or older have nothing left to add to society. We should be “put out to pasture” and our knowledge should be ignored.",2.5,4,4,4,3,2,4,"ageism, generational gap, stereotypes, disregarded experience, social isolation",5,1,2,3,1,2,5,5,10,0.504831230531302,"Generational differences",2,5,4,2,4,"Democrat","Strong",NA,NA,"Democrat | Strong",1,1,73,"woman","White","4yearColl","$100,001-$120,000",6,4,1,0,0,1,0,NA
"DM073vh",20,"I feel left behind when it comes to pop culture. I find it harder and harder to get motivated to try new film tv and music because I am vastly more attached to older stuff. As a result people talk about actors and musicians I never heard of. That makes me feel like I’m truly left behind snd part of an older era.",3,1,7,7,4,2,3,"pop culture, motivation, new media, older preferences, social conversations",4,1,1,3,1,1,3,5,2,0.469056501299725,"Personal growth",1,4,1,3,3,"Independent",NA,NA,"Closer to Democratic","Independent | Closer to Democratic",1,1,45,"man","White","4yearColl","$120,001-$140,000",7,4,1,1,0,0,1,"Thanks"
"ZK247bs",60,"Now that I'm old, people ignore me, and assume I'm stupid and incompetent. That also makes it more difficult to find a job.",1,6,3,2,1,1,4,"age discrimination, job difficulty, social isolation, assumed incompetence",6,1,4,4,1,2,5,4,8,0.488586826345497,"Lack of opportunities",1,2,5,1,5,"Independent",NA,NA,"Closer to Democratic","Independent | Closer to Democratic",1,1,66,"woman","White","MA","$120,001-$140,000",7,5,1,0,0,0,1,NA
"CQ614mh",45,"In my age it is hard to find a reasonable health and child care but I see no reasonable assistance in this regard from federal or state governments.",4,3,3,5,3,5,4,"health care, child care, government assistance",6,4,4,3,1,3,4,3,7,0.460675201390368,"Financial struggles",3,4,5,4,4,"Democrat","Not very strong",NA,NA,"Democrat | Not very strong",1,1,49,"man","White","PHD","$60,001-$80,000",4,6,1,1,0,1,0,"none"
"CY180xv",20,"I think an area where I may feel a little left behind is in my family . One of my children is an adult and is now graduated from college and starting her life...her adult life. It means that while I am still important to her she needs to leave behind being my ""child"" I have to let her be an adult now and she has to take that role.",5.5,5,3,3,6,5,2,"family dynamics, empty nest, role transition",5,1,1,2,1,2,3,3,1,0.588222193016754,"Family responsibilities",6,1,1,5,2,"Republican",NA,"Strong",NA,"Republican | Strong",1,1,46,"woman","White","GED","$100,001-$120,000",6,2,1,0,1,0,0,NA
"UD204hs",20,"I feel left behind a little bit, not too much but it is still in the back of my head. I feel like my area of study is starting to become obsolete due to the advances in AI. My choices are continue as I am and hope for the best or go back to school and study another field.",6,1,3,7,6,6,2,"ai advances, obsolete skills, career uncertainty, education needs",5,1,3,2,1,1,2,4,3,0.522247143343949,"Career opportunities",5,1,1,2,1,"Republican",NA,"Strong",NA,"Republican | Strong",1,1,46,"man","White","4yearColl","$180,001-$200,000",10,4,1,1,1,0,0,NA
"DP337od",54,"I feel left behind in a personal sense where I have grown up largely independent and tasked with caregiving duties for two younger brothers which felt inappropriate for my age. I feel somewhat isolated from my family after having moved out after college and living far away, though it was out of my own choice. Most people don't contact me, but I also don't initiate conversation and keep very few friends. This upbringing also bleeds into my professional life where I tend to take on projects that can be done with as little supervision or collaboration as possible because I feel that's where I excel best. The downside of this is that I have less supports to lean on if I need assistance resulting in stress and burnout which I've experienced a few times in my current role.",2.5,3,6,5,2,3,3,"caregiving duties, family isolation, lack of contact, few friends, independence, limited support, stress, burnout",2,1,2,2,1,2,3,8,8,0.47052261025318,"Lack of opportunities",2,4,5,3,4,"Democrat","Strong",NA,NA,"Democrat | Strong",1,1,27,"woman","Asian","4yearColl","$100,001-$120,000",6,4,0,0,0,1,0,NA
"PJ337yg",80,"Certain people face obstacles that others don't. It's not laid out equally for everyone. No matter how much a person tries to get ahead they get pushed 10 steps back. The world I was promised is not the world that was given to me.",1,7,4,1,1,1,4,"unequal opportunities, systemic barriers, unmet expectations",6,2,4,4,3,2,2,3,4,0.559235050291924,"Inequality and disparity",2,7,5,2,5,"Democrat","Strong",NA,NA,"Democrat | Strong",1,1,44,"woman","Black or African American","4yearColl","$60,001-$80,000",4,4,0,0,0,1,0,NA
"RP416xo",15,"I consider myself to be very blessed to live in this country. I have every opportunity I could wish for and am only ""held back"" by my own doing. Are we perfect?? No, but we strive to come together to learn and grow as a nation. Too much division now because of these entitled attitudes and leftist ideology.",6,1,2,7,5,7,1,"division, entitled attitudes, leftist ideology",6,3,2,3,1,1,1,3,9,0.456351107587227,"Social and political issues",7,1,1,6,4,"Republican",NA,"Not very strong",NA,"Republican | Not very strong",1,1,59,"woman","White","2yearColl","$120,001-$140,000",7,3,1,0,1,0,0,NA
"ZT458jl",90,"because i don't feel like I am where I need to be in life money wise, like I don't have a strong savings or retirement and so I feel like i'm fifteen all over again with penny pinching and overworking to survive and god forbid I have to miss a day",1,5,4,3,1,1,4,"financial instability, lack of savings, retirement concerns, overworking, income insecurity",5,1,5,2,1,2,3,5,7,0.59254784689916,"Financial struggles",1,7,7,1,7,"Democrat","Strong",NA,NA,"Democrat | Strong",1,1,30,"woman","multiracial","MA","$40,001-$60,000",3,5,0,0,0,1,0,NA
"SJ388oj",27,"I have had to overcome both physical and psychological challenges to get where I am today. This has caused me to somewhat lag my peers who haven't had to face those same issues.",5.5,5,4,3,6,5,3,"physical challenges, psychological challenges, peer comparison",2,1,3,2,1,2,3,3,5,0.543197747616011,"Health limitations",5,3,1,2,3,"Independent",NA,NA,"Closer to Republican","Independent | Closer to Republican",1,1,48,"man","White","2yearColl","$60,001-$80,000",4,3,1,1,0,0,1,NA
"HH268tt",45,"I have a okay life. I only feel left behind at 44 in the relationship department. While my friends and coworkers that are the same age having kids in highschool, I'm still seeing if I can find the right person. It feels like I'm missing out on major events. But then again, I also have a lot of freedom because of it.",4,2,4,6,4,4,3,"relationship status, age expectations, social comparison, life milestones",4,1,2,2,1,2,4,4,2,0.504988333298562,"Personal growth",2,3,NA,NA,NA,"Independent",NA,NA,"Neither","Independent | Neither",1,1,44,"man","Asian","4yearColl","$100,001-$120,000",6,4,0,1,0,0,1,NA
"BD199hz",100,"I feel like I can’t get anywhere and I’m stuck. I’m trying to go back to school but the idea of student debt is killing me. I understand advantages that I do have but don’t feel like I matter at all in the world. There really is no help for people like me and therapy is expensive.",1,4,4,4,1,1,4,"student debt, lack of support, expensive therapy, feeling insignificant",5,2,4,3,1,1,3,4,8,0.50167054191379,"Lack of opportunities",1,7,4,1,7,"Democrat","Not very strong",NA,NA,"Democrat | Not very strong",1,1,45,"woman","White","2yearColl","$20,001-$40,000",2,3,1,0,0,1,0,NA
"QM743dh",65,"I feel conservative U.S. taxpayers are being forgotten and preference is being given to illegal migrants, foreign nations, criminals, citizens who refuse to work and sexual deviants.",5.5,6,1,2,4,7,3,"taxpayer neglect, immigration policy, foreign aid, crime rates, unemployment, cultural shifts",7,4,3,3,1,1,1,6,9,0.456283945456327,"Social and political issues",7,1,1,5,1,"Independent",NA,NA,"Closer to Republican","Independent | Closer to Republican",1,1,52,"woman","White","2yearColl","$40,001-$60,000",3,3,1,0,0,0,1,"I would love if our country would become unified and work together to make everyone more self sufficient and less reliant on big government. Corporations should not be allowed to have any political influence. CEOs should not be allow to make more than 20x their lowest paid employee, caps should be placed on profits so that we don't have billionaires hoarding money and keeping it out of the economy. The hoardes that crossed the border illegally need to be removed so that rent prices can lower and job opportunities can increase. Get rid of the HB-1 visas. Stop giving taxpayer dollars to other countries' wars."
"RD683gv",49,"In this life I am somewhat left behind financially and health wise I have some major issues that can make it seem like I am left behind. In another way I am not left behind at all. I believe in Jesus the Christ. He has saved me from my sins and I will live with Him for eternity. So it is really looking at things from a temporal vs an eternal perspective as to how one might feel left behind or not.",4.5,2,1,6,5,4,3,"financial struggles, health issues",5,1,3,3,1,1,3,2,5,0.627306081498392,"Health limitations",NA,1,1,5,1,"Independent",NA,NA,"Neither","Independent | Neither",1,1,63,"man","Other (please specify)","2yearColl","$60,001-$80,000",4,3,0,1,0,0,1,NA
"DX427vl",0,"When all of my adult children moved to different states. My house was empty and I felt like I was left behind.The house was so silent and I was the only one home, I felt sad.",3.5,5,4,3,3,4,4,"empty nest, loneliness, isolation, family distance",3,1,1,2,1,2,4,4,1,0.511272925992224,"Family responsibilities",4,NA,NA,4,5,"Republican",NA,"Strong",NA,"Republican | Strong",1,1,65,"woman","White","2yearColl","$120,001-$140,000",7,3,1,0,1,0,0,NA
"VM643oe",51,"I feel stuck in the rut sometimes wiht my day job. It is nice and cushy, but I have lost passion for corporate America. I wish I could do my own thing without financial worry.",4.5,3,3,5,6,3,3,"job dissatisfaction, financial worry, lack of passion",5,1,4,2,1,1,2,3,8,0.532004452675516,"Lack of opportunities",2,3,1,5,3,"Independent",NA,NA,"Neither","Independent | Neither",1,1,29,"woman","Asian","MA","$100,001-$120,000",6,5,0,0,0,0,1,NA
"DL992xa",73,"Social Security screwed us in the past and will do so again in a few years. when i first worked and to today the goal posts have always been changing. I paid into social security and my wife and she barley gets 600 a month, while illegals were getting max benefits, shameful. why are illegals more important than citizens unless you are evil and planning something",5.5,7,1,1,4,7,4,"social security, changing policies, low benefits, inequality, citizen neglect",7,5,5,3,2,2,5,5,9,0.477577917757472,"Social and political issues",5,2,2,3,2,"Republican",NA,"Not very strong",NA,"Republican | Not very strong",1,1,66,"man","White","GED","$20,001-$40,000",2,2,1,1,1,0,0,"thank you,but when if you ask what political party you belong to, you should ask for how long. I was a democrat 30 years, never again...."
"GD783vk",30,"In some form, by having family obligations, I feel left behind in pursuing my own path in life. I think my approach to my own future differs from that of the average person, with no obligations other than themselves.",1.5,7,4,1,2,1,3,"family obligations, personal path, future approach",5,1,2,3,1,2,2,3,2,0.555410302584826,"Personal growth",NA,NA,NA,NA,NA,"Democrat","Strong",NA,NA,"Democrat | Strong",1,1,40,"man","Black or African American","GED","$60,001-$80,000",4,2,0,1,0,1,0,NA
"LJ614tv",65,"I feel left behind in multiple ways. I feel I am behind economically for my age as I am having some financial struggles currently. While I feel like I have personally grown emotionally, at the same time, I feel like I don't fit into the current culture in America. I'm not focused on ""America-first"", like many seem to be. I am also more focused on co-operation and helping others, which seems out of place. So, I feel left behind socially.",1,6,5,2,1,1,4,"financial struggles, cultural disconnect, social isolation",6,2,4,3,2,2,3,3,8,0.539398895926675,"Lack of opportunities",1,3,6,1,6,"Democrat","Strong",NA,NA,"Democrat | Strong",1,1,43,"woman","White","MA","$60,001-$80,000",4,5,1,0,0,1,0,NA
"GW793po",48,"Inflation keeps increasing but my salary is not keeping up. There are quite a few things I cannot do anymore because they have gotten so expensive. Going on vacation for example. These days, I just stay home and visit local parks and other places that are free. I am not able to save as much as I used to to fund my retirement either. That's the biggest ""left behind"" affecting me and, I am sure, plenty of other people as well.",4,1,6,7,2,6,4,"inflation, stagnant salary, rising costs, reduced savings, limited travel",6,2,5,2,1,1,2,5,7,0.556304062484004,"Financial struggles",6,1,1,2,1,"Republican",NA,"Strong",NA,"Republican | Strong",1,1,49,"woman","White","MA","$40,001-$60,000",3,5,1,0,1,0,0,"Democrat or Republican, it does not matter much anymore because prices keep going up and people are left behind. Thanks for letting me participate."
"RV675bt",0,"I might feel left behind in not having high speed internet like people in urban areas do. I also feel left behind in having health care as rural areas do not have much access to this.",5.5,4,2,4,4,7,4,"internet access, health care access",6,3,3,3,1,1,2,2,5,0.501635595836908,"Health limitations",7,7,7,1,7,"Republican",NA,"Not very strong",NA,"Republican | Not very strong",1,1,55,"woman","White","2yearColl","$60,001-$80,000",4,3,1,0,1,0,0,NA
"IP332ko",61,"I feel left behind because at my old job I got one promotion in 7 years. The first few years we were a small company run by sexist men who only promoted other men and then halfway through, it became more corporate and all these people from bigger companies brought their friends in so I felt like I never got to where I wanted to be in my career. Then I left to have my three kids and now I am a stay at home parent and I know that when I reenter the workforce, I will be in the ""you can't teach an old dog new tricks"" category. I know that the last part was by choice, but even still.",4.5,4,4,4,5,4,4,"gender bias, career stagnation, corporate politics, parenting responsibilities, skills gap",6,1,4,4,1,4,4,5,3,0.475832105350574,"Career opportunities",2,5,3,NA,4,"Democrat","Not very strong",NA,NA,"Democrat | Not very strong",1,1,39,"woman","White","4yearColl","$100,001-$120,000",6,4,1,0,0,1,0,NA
"ZT250ph",15,"I don't really feel left behind. My life has turned out great. I have gotten most of the important things I had strived for in my life. I life a comfortable life, have money left after a paycheck, live in a comfortable home, drive a nice car. So, I do not really feel left behind at all.",1,4,3,4,1,1,1,"none",1,1,1,1,1,1,1,1,2,0.406283511129927,"Personal growth",2,3,NA,NA,NA,"Democrat","Strong",NA,NA,"Democrat | Strong",1,1,54,"woman","White","2yearColl","Over $200,000",11,3,1,0,0,1,0,NA
"MR145rr",40,"I feel left behind financially. I feel like there is never enough money, and it is getting worse and worse as the economy gets worse. It does not matter if I get a raise at work, it just gets eaten up by a raise in rent and food prices. Soon there will be nothing for fun, it will all go to bills.",1,5,3,3,1,1,4,"financial strain, rising costs, economic downturn, insufficient income, increased expenses",6,3,5,2,1,1,2,5,7,0.669138918216203,"Financial struggles",1,6,6,2,6,"Democrat","Strong",NA,NA,"Democrat | Strong",1,1,39,"woman","White","GED","$20,001-$40,000",2,2,1,0,0,1,0,NA
"KU796fq",75,"I feel that no one really cares what people my age think or want. Even in research studies, they have no interest in getting responses from people over 60. I am 57. The only people that seem to matter are younger people with children.",7,3,4,5,7,7,4,"age discrimination, lack of representation, youth focus, ignored opinions",6,2,2,3,1,2,4,4,8,0.486464957906604,"Lack of opportunities",6,1,1,1,1,"Republican",NA,"Strong",NA,"Republican | Strong",1,1,57,"woman","White","2yearColl","$40,001-$60,000",3,3,1,0,1,0,0,NA
"OD569hz",5,"I don’t feel left behind for the most part. I don’t necessarily feel like society as whole affects how I feel about my own life. I make my own choices, and do what’s best for my family, and I feel like I’m in control of my own choices and life progress.",5.5,4,4,4,4,7,1,"personal control",2,1,1,1,1,1,1,1,2,0.543750350359867,"Personal growth",7,1,1,2,1,"Republican",NA,"Strong",NA,"Republican | Strong",1,1,40,"woman","White","4yearColl","$120,001-$140,000",7,4,1,0,1,0,0,NA
"DD306ls",20,"I don't really feel like I'm left behind. It's hard to make ends meet sometimes, but we're about to be a family of 6 on one income. We find ways to get by though, we garden and preserve food, we raise goats and chickens for milk, eggs, and meat.",6.5,4,4,4,7,6,1,"financial strain, single income, large family, self-sufficiency",6,1,4,2,1,1,2,4,7,0.533620896851782,"Financial struggles",6,1,2,5,2,"Republican",NA,"Strong",NA,"Republican | Strong",1,1,35,"woman","White","GED","$40,001-$60,000",3,2,1,0,1,0,0,NA
"PV159ku",17,"I might feel left behind, if someone buys an electric car and I can't afford one but can only use my gas car. I might feel left behind if I couldn't realize how to use AI, tools like chat gpt or other AI tools when everyone else is using them. When I was hospitalized and couldn't even watch the tv or read news I somewhat felt like I was being left behind and the world was going very quick for me to catch up especially in regards to technology.",4,3,5,5,3,5,3,"financial constraints, technology gap, health issues",6,1,4,3,1,1,3,3,5,0.575437370741637,"Health limitations",3,5,4,NA,4,"Democrat","Strong",NA,NA,"Democrat | Strong",1,1,54,"man","White","4yearColl","$40,001-$60,000",3,4,1,1,0,1,0,NA
"FV686ds",11,"When I look at my life , I can't truly say I feel behind . My health is good , my family is loving , I have a good wife . I can truly say I love my life . One possible thing I feel let down is our politics : i feel our country is coming apart and quite frankly i am not sure what I can do . I participate in political life as much as I can but this is something out of my hands .",4,6,1,2,4,4,2,"political instability",6,4,1,4,1,1,2,1,9,0.596476588101538,"Social and political issues",1,6,7,6,6,"Democrat","Strong",NA,NA,"Democrat | Strong",1,1,53,"man","White","4yearColl","$120,001-$140,000",7,4,1,1,0,1,0,NA
"LM203lv",34,"Income inequality is a real problem in America today. I lead a comfortable middle class life but I feel like it is getting harder for people to have a life like mine. Both power and money are pooling in the top 1% and they are using it to their advantage. Someone they've decided their interests are at odds with the rest of the country and seem to be working to limit financial success for the majority of American's to protect their interests.",2,5,4,3,2,2,3,"income inequality, wealth concentration, power imbalance, financial barriers",6,3,5,3,1,1,2,4,4,0.60829685264139,"Inequality and disparity",2,7,7,2,7,"Democrat","Strong",NA,NA,"Democrat | Strong",1,1,48,"man","White","MA","Over $200,000",11,5,1,1,0,1,0,NA
"QX488wl",55,"I feel like I'm being left behind because I'm just below middle class. I don't feel like politicians or other government entities care about what happens to me. I have to pay more and more for things like groceries, health insurance and taxes. It doesn't seem like I can get ahead, no matter what I do. I'm just going to get by or left behind, but probably not prosper.",1.5,4,5,4,2,1,4,"economic inequality, political neglect, rising costs, stagnant wages, financial insecurity",6,4,5,3,1,1,2,5,7,0.597643628225579,"Financial struggles",1,5,4,1,5,"Democrat","Strong",NA,NA,"Democrat | Strong",1,1,56,"woman","White","GED","$40,001-$60,000",3,2,1,0,0,1,0,NA
"HN052gu",15,"Sometimes i feel a little left behind because I don't have my life as put together as others do. I am not doing great financially right now.",7,7,1,1,7,7,2,"financial instability, career uncertainty, personal development, peer comparison",5,1,3,2,1,1,2,4,2,0.517649424740049,"Personal growth",7,1,1,1,1,"Republican",NA,"Strong",NA,"Republican | Strong",1,1,36,"woman","White","GED","$40,001-$60,000",3,2,1,0,1,0,0,NA
"GY421wr",24,"There are lots of social programs and assistance available for people of other races and gender identities. I feel like people are leaving white heterosexuals behind and wiring about everyone else.",4.5,3,4,5,6,3,3,"social programs, racial focus, gender identity, feeling excluded",6,4,2,4,3,3,1,4,9,0.482619965174677,"Social and political issues",3,3,2,4,3,"Independent",NA,NA,"Neither","Independent | Neither",1,1,43,"man","White","2yearColl","$120,001-$140,000",7,3,1,1,0,0,1,"None"
"JA319td",10,"I feel like I have faced a lot of hardships for being my age. It feels like sometimes I am delayed in progress a bit because I have had to spend so much time and effort working through the problems I have faced. I also don’t live around my friends or family anymore so it feels like I have been having to start a whole new life from scratch.",3,3,5,5,3,3,3,"age-related challenges, delayed progress, distance from family, distance from friends, starting over",4,1,3,2,1,1,4,5,8,0.470252233968507,"Lack of opportunities",2,4,2,3,4,"Democrat","Strong",NA,NA,"Democrat | Strong",1,1,23,"woman","White","4yearColl","$140,001-$160,000",8,4,1,0,0,1,0,NA
"PX493wi",37,"I feel left behind by my family. I don’t speak to any of them. I only have my kids and their dad. I have no one else and I’m getting older. It’s a sad realization.",3.5,7,3,1,3,4,4,"family estrangement, aging, loneliness, limited support",2,1,1,2,1,2,4,4,8,0.504209412947412,"Lack of opportunities",2,1,1,1,1,"Republican",NA,"Not very strong",NA,"Republican | Not very strong",1,1,35,"woman","White","2yearColl","$60,001-$80,000",4,3,1,0,1,0,0,"Thanks"
"RN934cw",80,"I feel behind because I'm not where i want to be in life,I should be so much farther in life by now.",2.5,1,5,7,4,1,3,"career stagnation, personal goals, financial stability, education level, peer comparison",2,1,3,2,1,1,2,5,2,0.530870079898435,"Personal growth",NA,4,NA,5,NA,"Republican",NA,"Not very strong",NA,"Republican | Not very strong",1,1,31,"woman","White","GED","$0-$20,000",1,2,1,0,1,0,0,NA
"IO162aa",71,"I feel left behind because as a disabled person I do not have the same opportunities as able-bodied people.",1,7,5,1,1,1,3,"limited opportunities, accessibility issues, social isolation, employment barriers, discrimination",6,2,3,4,1,1,1,5,5,0.56491699176696,"Health limitations",2,4,7,2,6,"Independent",NA,NA,"Neither","Independent | Neither",1,1,45,"man","White","PHD","$160,001-$180,000",9,6,1,1,0,0,1,NA
"SG995fs",5,"I think I am left behind in social interaction. I’ve always been a private person and never had the friendships other people have. Other people talk about activities they do with friends and I don’t have friends to do things like that with. I also am left behind in home maintenance knowledge. I do not have much skill in fixing things around the house so I have to pay professionals to do a lot of the tasks around my house.",6.5,3,5,5,7,6,3,"social interaction, friendship, home maintenance, skill gaps",4,1,2,2,1,2,2,4,2,0.494665492851555,"Personal growth",7,1,1,2,1,"Republican",NA,"Strong",NA,"Republican | Strong",1,1,30,"man","White","MA","$180,001-$200,000",10,5,1,1,1,0,0,NA
"YW978at",0,"I don't feel left behind therefore I cannot describe this scenario Im very active have close contact with family and from my work as well",4,4,4,4,4,4,1,"not applicable",1,1,1,1,1,1,1,1,2,0.437874361948472,"Personal growth",1,1,1,1,1,"Independent",NA,NA,"Neither","Independent | Neither",1,1,59,"woman","White","GED","$20,001-$40,000",2,2,1,0,0,0,1,"good survey"
"CM540ie",28,"Many of my friends are now homeowners. I personally do not want to be one so I feel behind in some respects but in general, I am happy with where I am. My path may look different from others but I am okay with that.",1,4,4,4,1,1,2,"homeownership pressure",4,1,3,2,1,1,3,1,7,0.573457981947523,"Financial struggles",1,5,4,4,4,"Democrat","Strong",NA,NA,"Democrat | Strong",1,1,44,"woman","White","GED","$40,001-$60,000",3,2,1,0,0,1,0,NA
"NL597jj",12,"I grew up in a single parent house hold and I do feel like very little resources were provided to help with this situation. However, my family managed to overcome mostly.",3,3,3,5,3,3,3,"single parent, limited resources, financial strain, educational gaps, social support, career opportunities",6,2,4,3,1,2,2,6,5,0.473030820069444,"Health limitations",4,NA,5,6,5,"Independent",NA,NA,"Closer to Democratic","Independent | Closer to Democratic",1,1,27,"man","White","MA","$160,001-$180,000",9,5,1,1,0,0,1,"N/A"
"BG089bn",62,"I feel left behind because I am starting to feel like a second hand citizen. I have to think about where I am all the time to wonder if I have to carry a passport or not. I don’t think my color matters here to those of power they want to get rid of me.",1.5,4,3,4,2,1,4,"discrimination, identity concerns, social exclusion, power dynamics",6,4,2,5,4,1,1,4,9,0.539381209081605,"Social and political issues",2,5,6,NA,6,"Democrat","Not very strong",NA,NA,"Democrat | Not very strong",1,1,35,"man","Hispanic, Latino, or Spanish origin","4yearColl","$180,001-$200,000",10,4,0,1,0,1,0,NA
"HB462ib",100,"I live in a very rural area. No matter who in charge of the government it seems they only care about the people in the big cities. During storms when we lose powers it can be over a week to get it back. Our roads are in horrible shape. Until last year internet was not even available in my area. You had to use tethering from your cell phone if you wanted internet.",5.5,3,1,5,4,7,4,"rural isolation, government neglect, power outages, poor infrastructure, limited internet",7,4,4,3,1,1,2,5,5,0.497878610794982,"Health limitations",6,1,1,1,1,"Republican",NA,"Not very strong",NA,"Republican | Not very strong",1,1,40,"man","White","4yearColl","$40,001-$60,000",3,4,1,1,1,0,0,NA
"UK596qd",94,"I feel left behind financially. So many of my other friends are doing well financially. And I just can't seem to get ahead.",1,5,6,3,1,1,4,"financial struggles, income disparity, career stagnation, debt burden",5,1,5,2,1,1,2,4,7,0.602110184903225,"Financial struggles",1,7,7,1,7,"Democrat","Strong",NA,NA,"Democrat | Strong",1,1,55,"woman","White","4yearColl","$20,001-$40,000",2,4,1,0,0,1,0,NA
"ZF945ec",75,"I feel neglected. By myself and by those who swore and promised to love me and support me. I have been told by many people that they will be there no matter what, yet they are nowhere to be seen or heard from. Ever since I was young, I have been told that my future is bright and that expectations are not to be played with. I suppose they didn't expect me to be where I am now.",2.5,2,6,6,2,3,4,"lack of support, broken promises, unmet expectations, self-neglect",5,1,2,2,1,2,3,4,8,0.618351154257086,"Lack of opportunities",5,4,4,3,5,"Democrat","Not very strong",NA,NA,"Democrat | Not very strong",1,1,24,"man","Hispanic, Latino, or Spanish origin","GED","$20,001-$40,000",2,2,0,1,0,1,0,NA
"FU961uc",25,"I feel that there are some people who are handed opportunities to get ahead and thats just not the case with me.",5,4,6,4,5,5,3,"lack of opportunities",5,1,3,3,1,1,2,1,8,0.714816173117797,"Lack of opportunities",6,3,3,2,5,"Republican",NA,"Strong",NA,"Republican | Strong",1,1,29,"woman","White","4yearColl","$60,001-$80,000",4,4,1,0,1,0,0,"N/A"
"YT739dx",80,"It's too hard to find jobs. So many new programs and Ai have made my job harder to find since people can just get a program to do it. Nothing is being done about it. I'm already in debt. How can I switch fields without getting money for training? I can't even pay my bills. And nothing is being done.",2,6,5,2,3,1,5,"job scarcity, ai competition, financial debt, training costs, unpaid bills",6,3,5,2,1,1,3,5,7,0.509320451336344,"Financial struggles",1,5,5,1,6,"Democrat","Not very strong",NA,NA,"Democrat | Not very strong",1,1,35,"woman","Black or African American","MA","$40,001-$60,000",3,5,0,0,0,1,0,NA
"NA350sm",75,"I feel like socially, people like me are getting left behind, progress stalled and is now moving backward. People are talking about getting rid of gay marriage and even interracial marriage in Tennessee and Florida. I've never felt more unwelcome in my own country.",1,7,5,1,1,1,5,"social regression, legal threats, unwelcoming environment, marriage equality, cultural backlash",6,4,1,5,3,2,1,5,9,0.496055487232514,"Social and political issues",1,6,6,2,6,"Democrat","Strong",NA,NA,"Democrat | Strong",1,1,29,"man","White","noHS","$20,001-$40,000",2,1,1,1,0,1,0,NA
"OM093qe",82,"I feel like I haven’t achieved the same milestones that people in my age group have. Most people my age have already graduated college, have successful careers, and even have gotten married and started families of their own. I’m 27 years old and have only had two jobs and have been unemployed for two years and it feels like I’m only just now have started to catch up.",1,7,1,1,1,1,4,"career stagnation, unemployment, education delay, peer comparison, relationship status",4,1,4,3,1,2,5,5,3,0.486707184201233,"Career opportunities",1,7,5,1,6,"Democrat","Strong",NA,NA,"Democrat | Strong",1,1,27,"woman","Black or African American","GED","$60,001-$80,000",4,2,0,0,0,1,0,NA
"QP536zd",39,"Other people know more about things and socialize more than I do. I['m not as inherently social and I'm concerned about how others think",2,4,3,4,2,2,3,"social skills, knowledge gaps, self-esteem, peer pressure",4,1,1,3,1,2,3,4,2,0.48958972266179,"Personal growth",4,5,5,6,3,"Independent",NA,NA,"Closer to Democratic","Independent | Closer to Democratic",1,1,43,"woman","White","MA","$140,001-$160,000",8,5,1,0,0,0,1,NA
"WE275cu",20,"I feel like the separation between the means of production and the worker is causing an extreme difficulty in workers being able to become the means of production and build a business capable of competing with large companies.",5.5,6,3,2,7,4,5,"economic disparity, corporate dominance, barriers to entry, capital access, market competition",7,2,5,3,1,1,1,5,7,0.469585240725382,"Financial struggles",3,2,1,7,4,"Independent",NA,NA,"Closer to Republican","Independent | Closer to Republican",1,1,31,"man","White","GED","$40,001-$60,000",3,2,1,1,0,0,1,NA
"WW079kh",25,"I may feel left behind since I am in the minority group. There are times when we are overlooked and are not able to progress in life. We are not taken seriously although we may have the knowledge and /or experience to do things other peers in the majority may not think we are capable of achieving.",2.5,2,4,6,4,1,4,"minority status, overlooked, lack of progress, not taken seriously, knowledge undervalued",6,2,2,4,4,3,2,5,8,0.552832691961125,"Lack of opportunities",2,5,7,5,3,"Democrat","Strong",NA,NA,"Democrat | Strong",1,1,59,"woman","Black or African American","GED","$60,001-$80,000",4,2,0,0,0,1,0,NA
"KS340ni",33,"I feel left behind because I see friends and family being more financially successful, affording vacations, and just progressing in their lives in ways that I am not.",1.5,3,6,5,2,1,4,"financial success, affording vacations, life progression",5,1,5,2,1,1,3,3,2,0.521531417810932,"Personal growth",1,6,7,2,6,"Independent",NA,NA,"Closer to Democratic","Independent | Closer to Democratic",1,1,56,"woman","White","4yearColl","$100,001-$120,000",6,4,1,0,0,0,1,NA
"FE177fg",4,"Sometimes I feel a little left behind in my career. I’ve been doing a similar type job for a while and others around me have been promoted or gotten new jobs.",6,2,4,6,6,6,2,"career stagnation, lack of promotion, job monotony",5,1,3,2,1,2,2,3,3,0.535194199774721,"Career opportunities",6,2,2,3,2,"Republican",NA,"Not very strong",NA,"Republican | Not very strong",1,1,40,"man","White","MA","Over $200,000",11,5,1,1,1,0,0,NA
"XL018zt",37,"I do feel somewhat or partially left behind because I have been dealing with multiple chronic illnesses and disabilities the past several y ears and I am unable to participate in many activities and It seems like I am no longer invited out to many different activities. It definitely makes me feel left out by others. I would have felt stronger about being left out, but I still have many people that continue to invite me placed and include me.",1.5,3,5,5,2,1,3,"chronic illnesses, disabilities, social exclusion, activity limitations",5,1,2,2,1,2,3,4,5,0.602662289472149,"Health limitations",1,6,3,2,6,"Independent",NA,NA,"Closer to Democratic","Independent | Closer to Democratic",1,1,67,"woman","White","2yearColl","$20,001-$40,000",2,3,1,0,0,0,1,NA
"TA347kr",23,"Opportunities for previous generations are no longer available e.g. housing and education. These goals are much further from my reach than it would've been for those before me",1,6,4,2,1,1,4,"housing costs, education access, economic disparity, job market, wage stagnation",6,3,5,3,1,1,4,5,7,0.541907748497333,"Financial struggles",1,4,6,3,5,"Independent",NA,NA,"Closer to Democratic","Independent | Closer to Democratic",1,1,25,"man","White","4yearColl","$100,001-$120,000",6,4,1,1,0,0,1,NA
"QY421me",45,"I am a milennial and I feel left behind when it comes to the American Dream. I was told to go to college. I did and now have crushing student loan debt. I cannot afford to buy a home even though I make 90k a year. I cannot afford to have a family and children. The American Dream has left me behind.",1,6,4,2,1,1,4,"student loan debt, housing costs, family affordability, american dream, income limitations",6,3,5,4,1,2,4,5,7,0.560809422249908,"Financial struggles",7,7,NA,2,7,"Democrat","Strong",NA,NA,"Democrat | Strong",1,1,37,"woman","White","MA","$120,001-$140,000",7,5,1,0,0,1,0,NA
"FF589yh",10,"I don't feel that I've been left behind very much. I am older and so something things are not geared to me. I don't have as much disposable income as some also so that limits me a bit too. Still, I feel that I'm not a part of a marginalized group.",1,3,5,5,1,1,2,"age factors, income limitations",5,1,3,2,1,2,4,2,10,0.516538847863313,"Generational differences",1,7,6,5,6,"Democrat","Strong",NA,NA,"Democrat | Strong",1,1,68,"man","White","4yearColl","$80,001-$100,000",5,4,1,1,0,1,0,NA
"MU734ln",75,"I feel like I had way too many struggles and mountains to climb in my life that it was always difficult to relate to others even though I tried hard it never got me where I wanted to go in life. It’s sad",4,5,5,3,4,4,3,"life struggles, social isolation, unmet goals, emotional burden",5,1,2,3,1,1,2,4,8,0.540490550722154,"Lack of opportunities",5,4,6,3,5,"Independent",NA,NA,"Neither","Independent | Neither",1,1,57,"woman","White","GED","$60,001-$80,000",4,2,1,0,0,0,1,NA
"ZR277ob",50,"I feel like I am somewhere in the middle. I am not very ambitious, but wish I was the child of a rich person. So I work hard and so does my husband. We make ends meet but don’t have a lot of extra money to live the lives we wish we could.",1,7,3,1,1,1,3,"financial constraints, lack of ambition, economic disparity, work-life balance, limited opportunities",5,1,4,3,1,2,2,5,7,0.518275752373329,"Financial struggles",1,5,7,1,7,"Democrat","Not very strong",NA,NA,"Democrat | Not very strong",1,1,38,"woman","White","4yearColl","$80,001-$100,000",5,4,1,0,0,1,0,NA
"IX507uz",100,"I don't feel deep connection with people. I dont fit into mainstream categories and I don't agree with much of society. I dont have a very high opinion of people and feel like most people are bad. So I have always been a loner and someone that doesn't fit in with society. ,",4.5,5,5,3,5,4,3,"social isolation, cultural differences, societal values, lack of connection",2,1,1,3,1,2,2,4,9,0.517228343197649,"Social and political issues",4,4,NA,4,6,"Independent",NA,NA,"Closer to Democratic","Independent | Closer to Democratic",1,1,41,"man","Black or African American","GED","$60,001-$80,000",4,2,0,1,0,0,1,NA
"VD530os",4,"People might feel left behind if they feel that technology is moving too fast for them to keep up. They might feel left behind if they are older and don't agree with civil rights for those who are different from them.",1,3,4,5,1,1,3,"technology advancement, age differences, civil rights changes",6,2,2,4,2,2,4,3,10,0.498448406102056,"Generational differences",7,1,1,7,1,"Democrat","Strong",NA,NA,"Democrat | Strong",1,1,55,"woman","White","4yearColl","$60,001-$80,000",4,4,1,0,0,1,0,NA
"TG870ml",17,"I am currently postpartum with a nine week old baby. Needless to say, my life revolves around, trying to take care of my family and feeding a baby around the clock. I don’t necessarily feel left behind, I’m just living in my bubble right now. So I guess socially I am behind currently.",6,3,3,5,5,7,2,"social isolation, parenting demands",4,1,1,2,1,4,2,2,1,0.560144309273408,"Family responsibilities",7,1,1,NA,5,"Republican",NA,"Strong",NA,"Republican | Strong",1,1,38,"woman","White","2yearColl","$80,001-$100,000",5,3,1,0,1,0,0,NA
"UZ613ob",26,"I feel like I've fallen behind socioeconomically compared to my peers. I don't have an impressive career, I don't make a lot of money, and I can't afford to maintain the sort of lifestyle that they do.",1,6,6,2,1,1,4,"career stagnation, low income, lifestyle disparity",6,1,5,3,1,1,2,3,7,0.526932347523819,"Financial struggles",1,4,6,2,7,"Democrat","Strong",NA,NA,"Democrat | Strong",1,1,27,"woman","White","4yearColl","$60,001-$80,000",4,4,1,0,0,1,0,NA
"AM527mm",0,"As an elderly person I feel that my time of active life is over with and I am being left behind because I am not willing to adapt to all the tech stuff, cell phones, internet , social media etc. My time has come and gone . Its fine . I don't want to live in the world the way it is now .",7,7,1,1,7,7,4,"tech adaptation, social media, internet, cell phones",6,1,2,3,1,1,5,4,6,0.591274379021858,"Technology change",7,1,1,5,1,"Republican",NA,"Strong",NA,"Republican | Strong",1,1,73,"woman","White","4yearColl","$20,001-$40,000",2,4,1,0,1,0,0,"No comments thank you"
"QL607bz",30,"I feel left behind in by my peers because I have a physical injury that prevents me from traveling or doing activities that are too demanding on my body. I am left behind in an experiential way, in that I cannot do many things that people my age group do regularly because I am not physically able to. It makes me angry and sad because I know there isnt anything I can do about it.",1,6,3,2,1,1,4,"physical injury, limited mobility, social isolation, missed experiences, emotional distress",4,1,1,2,1,1,3,5,5,0.539514447552114,"Health limitations",6,1,7,5,1,"Democrat","Strong",NA,NA,"Democrat | Strong",1,1,37,"man","multiracial","2yearColl","$80,001-$100,000",5,3,0,1,0,1,0,NA
"BE829ny",38,"I feel a little left behind when it comes to developing empathy for those around me. I think I could do better in that regard for my close relationships. I'm not sure how to get better at it if it doesn't come naturally.",2,3,5,5,3,1,2,"empathy development, relationship skills, personal growth",2,1,1,3,1,2,2,3,2,0.551037438833664,"Personal growth",1,5,6,3,5,"Democrat","Strong",NA,NA,"Democrat | Strong",1,1,46,"woman","White","PHD","$80,001-$100,000",5,6,1,0,0,1,0,"none"
"BS168eh",72,"I feel like I am financially struggling and not advancing in my age the way that I should be. I can't save for the future and feel uncertain.",6,2,5,6,6,6,4,"financial struggle, lack of advancement, age pressure, uncertainty, inability to save",6,1,5,2,1,2,3,5,8,0.522998026663324,"Lack of opportunities",6,1,2,3,4,"Independent",NA,NA,"Closer to Republican","Independent | Closer to Republican",1,1,44,"woman","multiracial","2yearColl","$40,001-$60,000",3,3,0,0,0,0,1,NA
"VO939ds",60,"I didn't finish college like most of the people I know and now I am in my later life and watching other people my age enjoying their lives, vacationing, etc., and I am still struggling financially. Since it's too late to do anything about now, I feel left out. But that is my own doing, so I don't complain about it.",1,7,1,1,1,1,4,"education gap, financial struggles, age disparity, missed opportunities",2,1,5,2,1,1,4,4,10,0.569972968927509,"Generational differences",1,7,7,7,7,"Independent",NA,NA,"Neither","Independent | Neither",1,1,51,"man","White","GED","$120,001-$140,000",7,2,1,1,0,0,1,"None, thanks."
"DQ857wg",62,"Economically things seem worse and many criminals are getting away with their actions. I can try my best daily but it doesn’t seem enough.",4,4,6,4,5,3,3,"economic downturn, rising crime, personal effort insufficient",6,3,4,2,1,1,2,3,7,0.490629288981967,"Financial struggles",1,6,5,1,6,"Democrat","Strong",NA,NA,"Democrat | Strong",1,1,35,"man","Hispanic, Latino, or Spanish origin","MA","$40,001-$60,000",3,5,0,1,0,1,0,NA
"YR500fx",0,"I personally do not feel left behind. As I've gotten older not much seems to bother me anymore. I guess you could look at this question by age and how different age groups feel. When I was younger I felt a little left behind, however as I have mentioned I don't feel at all this way anymore.",6.5,1,7,7,6,7,1,"age differences",1,1,1,1,1,1,4,1,10,0.783797561792269,"Generational differences",6,1,1,1,1,"Republican",NA,"Strong",NA,"Republican | Strong",1,1,58,"woman","White","4yearColl","$140,001-$160,000",8,4,1,0,1,0,0,"No"
"AU013gb",22,"i`m never left behind in full mode in my life . It`s just happened a few times , but never was entirely",4.5,2,2,6,6,3,2,"temporary setbacks",3,1,2,2,1,1,1,1,5,0.582645684061165,"Health limitations",3,5,2,5,5,"Republican",NA,"Not very strong",NA,"Republican | Not very strong",1,1,60,"man","White","GED","$20,001-$40,000",2,2,1,1,1,0,0,NA
"ZO984zx",10,"I answered that I dont really feel left behind. For me, I was offered a good, quality public education that helped prepare me for life. I also had a Boys and Girls club available for free that offered great youth sports programs for free. Our family took/takes advantage of an incredible YMCA for all kinds of activities. I dont feel left behind at all.",4.5,5,1,3,7,2,1,"quality education, youth programs, community support",6,3,2,2,1,1,1,3,2,0.524321483053831,"Personal growth",6,2,1,5,5,"Republican",NA,"Not very strong",NA,"Republican | Not very strong",1,1,56,"man","White","4yearColl","Over $200,000",11,4,1,1,1,0,0,"Great study! I hope my answers help with your research. Thank you!"
"UX056mt",64,"I feel financially left behind. There's limited way to catch up if you're financially behind as the country is designed to keep poor people poor and give more to the rich.",1.5,3,1,5,1,2,5,"income inequality, wealth gap, limited opportunities, economic system, financial barriers",7,3,5,3,1,1,2,5,4,0.561656787026177,"Inequality and disparity",1,4,6,3,5,"Independent",NA,NA,"Closer to Democratic","Independent | Closer to Democratic",1,1,36,"man","White","4yearColl","$120,001-$140,000",7,4,1,1,0,0,1,NA
"YP957ma",60,"My ability to provide for my family feels like a lot less than what it should be. To get by without help and afford all the necessities and quality-of-life things requires a very high income. This was not always the case. Once upon a time everyone could reach the dream more easily. Today it requires much more to get the basics taken care of. Having quality healthcare, education, safety, housing, and opportunities are very hard to come by for average people.",3,5,4,3,3,3,4,"high living costs, income inequality, healthcare access, education barriers, housing affordability, job opportunities",6,3,5,4,2,2,3,6,7,0.531848160621357,"Financial struggles",4,5,4,4,5,"Independent",NA,NA,"Closer to Democratic","Independent | Closer to Democratic",1,1,43,"man","Hispanic, Latino, or Spanish origin","4yearColl","$80,001-$100,000",5,4,0,1,0,0,1,"none"
"PB498bk",41,"Young people these days seem to have an advantage of how to make money in so many different ways. I feel left behind in this new world where I can't make the money these young kids can.",5.5,5,4,3,5,6,4,"technology gap, financial literacy, job opportunities, digital skills, entrepreneurship",5,1,4,3,1,1,4,5,3,0.495801530929101,"Career opportunities",6,2,1,3,2,"Republican",NA,"Strong",NA,"Republican | Strong",1,1,54,"man","White","GED","$20,001-$40,000",2,2,1,1,1,0,0,NA
"LY560up",60,"I feel left behind because friends my age are already establishing families and getting married while I have not so i feel like i am not doing as much as others when it comes down to it all",3,3,5,5,3,3,4,"relationship status, peer pressure, social expectations",4,1,2,3,1,3,4,3,9,0.531628069939413,"Social and political issues",5,5,5,4,3,"Democrat","Not very strong",NA,NA,"Democrat | Not very strong",1,1,26,"woman","Hispanic, Latino, or Spanish origin","4yearColl","$80,001-$100,000",5,4,0,0,0,1,0,NA
"AF854xi",36,"Some people were just given more opportunities than myself. Also, I chose certain things in my life where I was kind of looked down for",4,2,3,6,4,4,3,"fewer opportunities, life choices, social judgment",5,1,3,3,2,2,2,3,2,0.532671419477015,"Personal growth",NA,NA,NA,NA,NA,"Republican",NA,"Not very strong",NA,"Republican | Not very strong",1,1,59,"woman","multiracial","GED","$20,001-$40,000",2,2,0,0,1,0,0,"None"
"CO512sf",14,"I feel a bit left behind in terms of my financial success compared to my peers. A lot of the people I graduated college with have achieved some pretty impressive financial goals, run their own buisnesses, etc. However, I am still working the same job I did 10 years ago, and am not making a ton of money. I am comfortable where I am at, but sometimes feel like I didn't achieve what my fellow graduates did.",1,4,3,4,1,1,3,"financial success, career stagnation, peer comparison",2,1,4,2,1,1,2,3,3,0.508599597341941,"Career opportunities",1,6,6,1,7,"Democrat","Strong",NA,NA,"Democrat | Strong",1,1,32,"man","White","4yearColl","$80,001-$100,000",5,4,1,1,0,1,0,NA
"QC257uo",82,"I was always told to go to school, go to college, get a degree, and I'll be able to have a good paying job. I did that. I even got a Master's degree, but I struggle to find a job and I'm underpaid.",2,6,2,2,2,2,4,"education expectations, job market, underemployment, financial stress",6,2,5,3,1,1,3,4,3,0.567591944320901,"Career opportunities",3,6,6,6,6,"Democrat","Not very strong",NA,NA,"Democrat | Not very strong",1,1,34,"man","Hispanic, Latino, or Spanish origin","MA","$60,001-$80,000",4,5,0,1,0,1,0,NA
"WK973xh",45,"I realize I have a meager income, but I also realize there is only a little I can do to improve it. I do pursue income opportunities, but engaging in a full time high earning job is not in the cards. I have to make do with what I have and not dream too big. Age is a big factor at this stage, and the opportunity I had and failed to seize at one point, primarily due to financial resources, is an opportunity that will nevr present itself again.",3.5,3,3,5,5,2,4,"meager income, limited opportunities, age, missed chances, financial constraints",6,1,5,2,1,1,4,5,7,0.490081808561855,"Financial struggles",3,5,3,5,5,"Independent",NA,NA,"Closer to Democratic","Independent | Closer to Democratic",1,1,75,"man","White","4yearColl","$40,001-$60,000",3,4,1,1,0,0,1,NA
"CN509wz",51,"I don't feel like I'm making much progress at work despite all the hours and time I've put in. I don't feel as.thiugh I'm ever getting ahead by myself, only with my husband's help",6.5,7,4,1,6,7,3,"career stagnation, lack of recognition, financial dependency",5,1,4,2,1,3,2,3,8,0.566634281135666,"Lack of opportunities",7,1,1,2,2,"Republican",NA,"Strong",NA,"Republican | Strong",1,1,44,"woman","White","GED","$120,001-$140,000",7,2,1,0,1,0,0,NA
"ZM868ah",60,"I feel a bit left behind financially and also personally. I guess more stuck than left behind. I often feel like I’m just surviving day to day and not growing in any meaningful way.",1,7,4,1,1,1,3,"financial struggles, personal stagnation, lack of growth",5,1,4,2,1,1,2,3,8,0.600444330011734,"Lack of opportunities",1,2,5,1,7,"Independent",NA,NA,"Closer to Democratic","Independent | Closer to Democratic",1,1,31,"woman","White","4yearColl","$60,001-$80,000",4,4,1,0,0,0,1,NA
"WA812je",18,"As a young person, I feel like that automation and AI are a threat to my job. I have some money saved but if I loose my job I am going to be behind the 8 ball for my future life. I need to save more to become more comfortable.",2,6,5,2,3,1,4,"automation threat, job security, financial stability, savings insufficiency",6,1,5,1,1,1,2,4,7,0.52189356007101,"Financial struggles",1,3,6,1,7,"Democrat","Not very strong",NA,NA,"Democrat | Not very strong",1,1,28,"man","White","4yearColl","$160,001-$180,000",9,4,1,1,0,1,0,NA
"BU119qe",60,"I feel left behind because there are people who have a up in life that have money and don’t have to work hard for it or have the big house and boats and fancy stuff handed down to them while your working your but off trying to provide for your family and there taking trips to places every week",7,5,4,3,7,7,4,"wealth disparity, inheritance, housing inequality, luxury lifestyle, travel opportunities",6,1,5,3,1,1,2,5,4,0.486837726100414,"Inequality and disparity",5,4,5,4,4,"Republican",NA,"Strong",NA,"Republican | Strong",1,1,21,"woman","White","noHS","$40,001-$60,000",3,1,1,0,1,0,0,NA
"DW511sa",100,"My generation has been ignored my whole working life. When I came into the working world in the early 1990s, the boomer generation had all the good jobs and as a result had a lot of expendable income. They were also set up for an easier life by not having to have been exposed to credit reports and credit scores controlling their lives while they were in their 20's, 30s, 40s, and 50s! In the 90s, credit scores quickly dominated the financial world that effected everyday people like myself. That was a big thing where Generation X got left behind. Jump to how the world operates now and the Millenials and Generation Z dominate the jobs and have been spoiled by the excesses of their families where they do not have to work a normal job. No one ever mentions Generation X in anything and all of those things have left me feeling behind in the world.",1,1,1,7,1,1,4,"ignored generation, job opportunities, credit score impact, financial inequality, generational focus, economic shifts",6,1,4,3,1,2,4,6,9,0.452997542210921,"Social and political issues",6,2,3,5,2,"Democrat","Not very strong",NA,NA,"Democrat | Not very strong",1,1,54,"man","Black or African American","4yearColl","$60,001-$80,000",4,4,0,1,0,1,0,"Everything ran smooth and was easy to understand."
"NL870fm",0,"I really don’t think I feel left behind in any aspect of my life. I know what I want and hot to get it. I am happy with how I live my life.",4,1,5,7,7,1,1,"contentment, clear goals, self-awareness",1,1,1,1,1,1,1,3,2,0.508257449721333,"Personal growth",5,4,2,3,3,"Republican",NA,"Not very strong",NA,"Republican | Not very strong",1,1,25,"man","White","4yearColl","$80,001-$100,000",5,4,1,1,1,0,0,"None thank you!!"
"OH140ou",81,"My mental state. I need a considerable amount of professional mental help, but I can't afford it. This isn't anyone's fault, and I am definitely not society's responsibility. I just don't know how to go about it.",5,5,4,3,6,4,4,"mental health, financial constraints, lack of support",4,2,4,2,1,1,2,3,5,0.554809740551084,"Health limitations",3,2,1,1,1,"Independent",NA,NA,"Neither","Independent | Neither",1,1,53,"man","White","GED","$40,001-$60,000",3,2,1,1,0,0,1,"none"
"LY875eo",46,"The government is so big that it cannot keep track of wasteful spending. That means more and more taxes and fees on everthing. I would prefer to have some of that money back to buy food for my grandchildren.",6,3,3,5,6,6,3,"wasteful spending, high taxes, financial strain, food insecurity",7,4,5,2,1,1,2,4,7,0.592220861467392,"Financial struggles",5,2,1,4,2,"Republican",NA,"Not very strong",NA,"Republican | Not very strong",1,1,76,"man","White","MA","$160,001-$180,000",9,5,1,1,1,0,0,"none"
"DF982hh",13,"I sometimes feel left behind in terms of financial stability and career opportunities. It seems like the cost of living keeps rising faster than wages and while others some people are able to buy homes, invest or travel freely, I feel stuck just trying to keep up with basic expenses.",5,3,3,5,4,6,3,"financial stability, career opportunities, rising costs, wage stagnation, housing affordability",6,2,5,3,1,1,3,5,7,0.581091520687196,"Financial struggles",6,2,4,3,3,"Republican",NA,"Strong",NA,"Republican | Strong",1,1,34,"woman","White","MA","$100,001-$120,000",6,5,1,0,1,0,0,NA
"XW245ap",19,"I feel that I am getting out of touch with the younger generation. I am being left behind on what matters to them, causing me to not be able to relate as easily",5,3,5,5,5,5,3,"generational gap, technology changes, cultural shifts, social media trends",5,1,1,3,1,1,4,4,6,0.534110118942131,"Technology change",5,NA,2,NA,NA,"Republican",NA,"Not very strong",NA,"Republican | Not very strong",1,1,41,"man","White","4yearColl","$20,001-$40,000",2,4,1,1,1,0,0,NA
"LX127xm",31,"I don't feel very much behind as my federal benefits are still very much there. Furthermore, I don't feel targeted in sny sort of way.",5,2,4,6,6,4,2,"federal benefits, not targeted",7,4,2,1,1,1,2,2,5,0.404210380742745,"Health limitations",4,3,4,4,4,"Independent",NA,NA,"Closer to Republican","Independent | Closer to Republican",1,1,55,"man","Asian","4yearColl","$100,001-$120,000",6,4,0,1,0,0,1,NA
"XC436vk",30,"I have friends who are far more successful than I am and they can afford whatever they want/need. So in a way I feel left behind because I can't afford everything.",4.5,4,3,4,2,7,3,"financial disparity, peer comparison, limited resources",5,1,5,2,1,1,2,3,4,0.54153235768681,"Inequality and disparity",1,6,2,2,2,"Democrat","Not very strong",NA,NA,"Democrat | Not very strong",1,1,39,"man","White","GED","$60,001-$80,000",4,2,1,1,0,1,0,"n/a"
"OJ506dd",20,"I really don't feel to left behind, maybe left behind by corporate America when I started my own business",5,5,5,3,7,3,2,"corporate america",5,1,4,2,1,1,1,1,9,0.478262316024529,"Social and political issues",5,NA,NA,NA,NA,"Republican",NA,"Not very strong",NA,"Republican | Not very strong",1,1,55,"man","White","4yearColl","$120,001-$140,000",7,4,1,1,1,0,0,NA
"PB670mm",2,"The only way I have felt left behind in any way is the excessive taxes that I am forced to pay. I feel like i am punished with taxes when I work more or on the house I own.",7,1,4,7,7,7,3,"excessive taxes, work penalties, property taxes",6,5,5,2,1,1,1,3,7,0.514222524746546,"Financial struggles",6,1,1,4,1,"Republican",NA,"Not very strong",NA,"Republican | Not very strong",1,1,37,"man","multiracial","GED","$80,001-$100,000",5,2,0,1,1,0,0,NA
"WR803tj",57,"I have a medical condition that makes it difficult for me to work a full time job. I think that the lack of income on my part has made it difficult on our family. If I was physically able to work we would not have to do without so much.",4,2,4,6,4,4,4,"medical condition, lack of income, family strain, limited work ability",5,2,4,1,1,1,2,4,5,0.541364520822585,"Health limitations",6,3,3,3,3,"Republican",NA,"Not very strong",NA,"Republican | Not very strong",1,1,37,"woman","White","GED","$40,001-$60,000",3,2,1,0,1,0,0,"none"
"ZG979wg",20,"I suppose I feel left behind politically. The political climate in this country has gotten so extreme so quickly, and it makes me feel out of place. I can't relate to either ""side."" I feel as if I no longer have any sort of meaningful voice in the broader conversation.",5.5,3,4,5,6,5,3,"political climate, extreme views, lack of voice",6,4,1,3,1,1,2,3,9,0.51779307386681,"Social and political issues",5,3,1,4,2,"Independent",NA,NA,"Neither","Independent | Neither",1,1,33,"man","White","4yearColl","$120,001-$140,000",7,4,1,1,0,0,1,NA
"GS216kw",61,"It feels like the government is failing the American people and only focusing on the wealthy becoming more wealthy.",4.5,4,3,4,4,5,4,"economic inequality, wealth disparity, government focus, social injustice",7,5,5,3,1,1,1,4,4,0.678071963070268,"Inequality and disparity",3,4,5,4,5,"Independent",NA,NA,"Neither","Independent | Neither",1,1,33,"woman","Hispanic, Latino, or Spanish origin","4yearColl","$60,001-$80,000",4,4,0,0,0,0,1,NA
"BW867og",0,"I do not feel ""left behind"" in anyway. I have been self reliant and independent all of my life. With this in mind, I have done nothing but forged ahead in my life. I look back and consider my circumstance when I was much younger compared to today and all I see is accomplishments in all aspects of my life. No, I do not feel left behind.",2,3,3,5,2,2,1,"self reliant, independent, forged ahead, accomplishments",1,1,1,1,1,1,1,4,2,0.473810285628108,"Personal growth",3,2,6,2,6,"Independent",NA,NA,"Neither","Independent | Neither",1,1,71,"man","White","GED","$60,001-$80,000",4,2,1,1,0,0,1,NA
"IU546pq",60,"It feels like no matter how hard I try; I still can't reach the financial goals that I set out for myself, while I often see others reaching them much faster.",6.5,3,1,5,6,7,4,"financial goals, comparison with others",5,1,5,2,1,1,2,2,2,0.538706169311611,"Personal growth",1,1,3,5,1,"Independent",NA,NA,"Closer to Republican","Independent | Closer to Republican",1,1,46,"man","Black or African American","noHS","$60,001-$80,000",4,1,0,1,0,0,1,NA
"CD476fe",82,"i don't have any family, i haven't got anywhere in life and i struggle every day, i work hard every single day and bills take everything that i earn and leaves me with nothing most months",4,5,4,3,4,4,4,"lack of family, financial struggles, career stagnation, high bills, daily stress",6,2,5,2,1,1,2,5,7,0.536511625795105,"Financial struggles",5,3,3,3,5,"Republican",NA,"Strong",NA,"Republican | Strong",1,1,31,"man","White","GED","$60,001-$80,000",4,2,1,1,1,0,0,"awesome job!"
"WX586rx",0,"since my husband died, i feel left behind. i feel left out of the adult world of retiring and enjoying the rest of my life with my husband.",7,1,4,7,7,7,4,"loss of spouse, loneliness, retirement plans, emotional support, social isolation",4,1,2,3,1,4,4,5,8,0.458758526635302,"Lack of opportunities",7,1,1,1,1,"Republican",NA,"Strong",NA,"Republican | Strong",1,1,48,"woman","White","2yearColl","$80,001-$100,000",5,3,1,0,1,0,0,NA
"UN752pl",50,"It is because to get jobs nowadays one would need experience, but one cannot get experience if you do not have the job. It is something that is hard to accomplish and I would feel left behind from it.",1,7,7,1,1,1,4,"lack of experience, job market, employment barriers",6,1,3,2,1,1,2,3,3,0.576204941228219,"Career opportunities",1,1,7,1,7,"Democrat","Strong",NA,NA,"Democrat | Strong",1,1,35,"man","Hispanic, Latino, or Spanish origin","4yearColl","$40,001-$60,000",3,4,0,1,0,1,0,NA
"ZT204ll",17,"I don't think i'm left behind because I feel that I am doing what I can to still make something out of nothing. I like to remain optimistic. I think it some ways I am behind but I don't let that bother me so much because thinking and dwelling about it won't make a difference.",3.5,5,3,3,3,4,2,"optimism, self-motivation, positive mindset",4,1,2,2,1,1,2,3,2,0.537064875387264,"Personal growth",4,4,5,3,5,"Independent",NA,NA,"Closer to Democratic","Independent | Closer to Democratic",1,1,39,"woman","Asian","GED","$20,001-$40,000",2,2,0,0,0,0,1,NA
"BR286du",0,"I never feel left behind. God is in charge of everything that He created, and He wants us all to live to earn the reward of being with Him in eternity. I have zero reason to ever feel left behind. Quite the opposite!",7,2,2,6,7,7,1,"faith in god, spiritual fulfillment, eternal perspective",7,1,1,2,1,1,1,3,2,0.479452923230177,"Personal growth",7,1,1,1,1,"Republican",NA,"Strong",NA,"Republican | Strong",1,1,58,"man","White","MA","$140,001-$160,000",8,5,1,1,1,0,0,"None"
"ME491pe",100,"I work from home mostly and do not go many places to meet new people. I also do not have my drivers license and don't make a lot of money.",5.5,2,7,6,7,4,3,"social isolation, lack of mobility, financial constraints",5,1,3,2,1,1,2,3,5,0.562884679503304,"Health limitations",5,4,1,4,4,"Independent",NA,NA,"Neither","Independent | Neither",1,1,40,"man","White","noHS","$20,001-$40,000",2,1,1,1,0,0,1,"no issues"
"DI577ok",21,"I feel like while overall my life is going good, economically I have been left behind. The attitudes around supporting, being loyal to and paying a fair wage on behalf of employers is terrible and they often do not pay well, support people or be loyal to employees in any way. Since there is no repercussions for treating employees badly or unfairly I feel like myself and many others are being left behind. We are always in danger of losing employment, we are paid a laughable wage that doesn't even begin to keep up with inflation and work environments are not the supportive space they once were.",1,5,3,3,1,1,4,"low wages, job insecurity, inflation, lack of support, unfair treatment",6,3,5,3,1,1,2,5,7,0.50454707445331,"Financial struggles",1,7,7,2,6,"Democrat","Strong",NA,NA,"Democrat | Strong",1,1,39,"woman","White","PHD","$80,001-$100,000",5,6,1,0,0,1,0,"none"
"SR676nz",72,"As a disabled trans person in America, I feel as though people would rather I just die. They believe I'm mentally ill and that I don't deserve to have any help from things like SNAP or welfare. Instead of looking at me as a person like them, just trying to get by, they have turned my existence into one that is ideologically opposed to theirs. I feel as though if I try to exist outside of my house and my family I will be either directly killed, or killed through neglect.",1,4,4,4,1,1,5,"discrimination, lack of support, social isolation, safety concerns, economic barriers",6,4,4,5,1,5,2,5,5,0.529048904833497,"Health limitations",1,5,5,1,4,"Independent",NA,NA,"Closer to Democratic","Independent | Closer to Democratic",1,1,35,NA,"White","GED","$40,001-$60,000",3,2,1,NA,0,0,1,NA
"XV518hn",0,"In most perspectives, l don't feel left behind but there is this political aspect where leaders or people in the government are entitled to determine the taxing rate without involving the citizens . This makes me feel left behind.",5,1,5,7,3,7,2,"political exclusion, taxation decisions",6,4,4,3,1,1,1,2,9,0.481846967071017,"Social and political issues",7,2,7,5,7,"Republican",NA,"Not very strong",NA,"Republican | Not very strong",1,1,25,"woman","White","4yearColl","$80,001-$100,000",5,4,1,0,1,0,0,NA
"NV960uk",5,"Sometimes I feel left behind because I am on a very limited income. So when my grandkids see something they want I feel bad because I can not buy them for them. I want to be able to help them.",4,5,2,3,4,4,4,"limited income, financial constraints, family support",6,2,4,2,1,1,2,3,7,0.637039631138062,"Financial struggles",5,3,2,2,4,"Independent",NA,NA,"Closer to Republican","Independent | Closer to Republican",1,1,68,"woman","White","GED","$20,001-$40,000",2,2,1,0,0,0,1,NA
"EX108ab",76,"Inflation has caused costs to rise dramatically in recent years, but wages are not keeping up with inflation at all. 5 years ago I was much more optimistic about the life I would be able to provide my kids as they got older, and now I'm much more worried about being able to pay bills in the future due to the current economic situation. There have been fewer opportunities to do better for my family than ever before, and current US government leadership doesn't seem to care about anyone who makes less than six figures.",1,5,5,3,1,1,4,"inflation, wage stagnation, economic uncertainty, fewer opportunities, government policies",6,4,5,3,1,1,2,5,7,0.544306590042788,"Financial struggles",1,6,5,2,6,"Democrat","Not very strong",NA,NA,"Democrat | Not very strong",1,1,33,"woman","White","GED","$40,001-$60,000",3,2,1,0,0,1,0,NA
"MG377ya",0,"I don''t feel left behind. I'm a white, middle class American. I'm fine. I am not a part of the nearly everyone. Very supported from the get go.",1,6,4,2,1,1,1,"not applicable",7,1,3,3,1,1,1,1,2,0.437874361948472,"Personal growth",1,7,7,2,7,"Democrat","Strong",NA,NA,"Democrat | Strong",1,1,33,"woman","White","GED","$40,001-$60,000",3,2,1,0,0,1,0,NA
"OM569oh",40,"I feel left behind due to overseas outsourcing, AI advancements, and changes in expectations of medical personnel that are encroaching on the remnants of my chosen profession of medical transcription. Rather than an accurate medical record, companies are only concerned about saving money to instead pay their CEOs outrageous salaries and bonuses.",3,4,3,4,4,2,5,"overseas outsourcing, ai advancements, changing expectations, job security, salary disparities",6,2,5,3,1,1,2,5,3,0.476892264701387,"Career opportunities",5,2,1,6,4,"Republican",NA,"Not very strong",NA,"Republican | Not very strong",1,1,64,"woman","White","GED","$60,001-$80,000",4,2,1,0,1,0,0,NA
"FM885yu",81,"The main reason I felt left behind is mainly due to where I live. Many family members have moved to places that have improved, while my location has stagnated. Additionally, financial improvements that have not happened play a huge role, especially at this stage of life.",2.5,4,3,4,1,4,4,"location stagnation, financial stagnation, family relocation",6,2,5,3,1,1,3,3,7,0.494210350407911,"Financial struggles",3,7,3,5,5,"Independent",NA,NA,"Neither","Independent | Neither",1,1,35,"man","Hispanic, Latino, or Spanish origin","GED","$40,001-$60,000",3,2,0,1,0,0,1,NA
"XP416tm",21,"Left behind taken in context from point of view comes from education experience. The current state of the economy over the past few years does not leave enough free time for me to extend my education. I work multiple jobs to pay the bills. The reduced time spent on keeping my knowledge base updated has slipped over the past few years. This is where I feel I am being left behind.",3.5,3,4,5,4,3,3,"education access, economic pressure, multiple jobs, time constraints, knowledge gap",6,2,5,2,1,1,2,5,5,0.482590645329615,"Health limitations",4,5,4,2,4,"Independent",NA,NA,"Closer to Democratic","Independent | Closer to Democratic",1,1,61,"man","White","4yearColl","$60,001-$80,000",4,4,1,1,0,0,1,"No additional comments to provide."
"AM344df",20,"Inflation has been raging the last few years and yearly ""raises"" just aren't keeping up. It gets harder and harder to pay the bills.",7,7,1,1,7,7,4,"inflation, stagnant wages, rising costs, financial stress",6,3,5,1,1,1,2,4,7,0.610332956343125,"Financial struggles",1,7,7,1,7,"Democrat","Strong",NA,NA,"Democrat | Strong",1,1,48,"man","White","MA","$160,001-$180,000",9,5,1,1,0,1,0,NA
"UE525nt",50,"I feel like the 90’s were the best and I prefer to live my life like I did then. I rarely use social media. I call people not text.. etc..",5,4,3,4,4,6,2,"technology changes, social media, communication style, nostalgia, cultural shifts",3,1,1,3,1,1,3,5,6,0.492004010738525,"Technology change",5,1,1,1,1,"Republican",NA,"Not very strong",NA,"Republican | Not very strong",1,1,44,"man","White","GED","$40,001-$60,000",3,2,1,1,1,0,0,"No"
"RQ419ly",67,"I feel that far right attitudes have left people like me behind who stand for decency, humanity and empathy",1.5,7,3,1,2,1,3,"political division, social values, empathy gap, cultural shifts",6,3,1,5,1,1,1,4,9,0.552085454938712,"Social and political issues",2,6,7,3,7,"Democrat","Strong",NA,NA,"Democrat | Strong",1,1,39,"man","White","4yearColl","$40,001-$60,000",3,4,1,1,0,1,0,NA
"UU746rq",63,"Life is becoming increasingly unlivable. The cost of everything is out of control. Forget being able to buy a house. Rent goes up every year even though the landlord makes no improvements. College is ridiculously expensive. Wall Street, big business, and farmers get bailouts but there is no student loan relief. I would be ecstatic if just my interest in my student loan was removed. I’ve already paid more than I borrowed in interest. Politicians only care about their corporate overlords. The environment is past the point of limiting damage. There is no hope for the future. We have a fascist dictator for a president who is elderly and mentally ill. Masked officers are snatching brown people off the street and disappearing them. The president is limiting free speech and wants control over the internet. There is no hope to ever be able to retire. Everything sucks and I have it better than lots of people and I’m very bummed about the state of things.",1,7,2,1,1,1,5,"housing costs, rising rent, college expenses, student debt, political corruption, environmental decline, authoritarianism, free speech limits, retirement insecurity, economic inequality",7,5,5,4,2,1,2,10,7,0.496817589845138,"Financial struggles",1,4,6,1,7,"Democrat","Strong",NA,NA,"Democrat | Strong",1,1,42,"man","White","4yearColl","$80,001-$100,000",5,4,1,1,0,1,0,"We need a radical change. We are heading towards a world that is unlivable where the wealthy hole up in their bunkers while the rest of us perish."
"IF261zg",14,"The only area i feel left behind in is whenever it comes to buying a home. I see so many posts of my friends my age or even younger friends buying thier first homes some even on their second. Me and my husband havent been able to do that yet so i feel left behind in life when it comes to that.",6,4,4,4,5,7,4,"housing costs, financial stability, peer comparison",5,2,5,3,1,2,4,3,7,0.535704837642495,"Financial struggles",5,4,3,4,5,"Independent",NA,NA,"Closer to Republican","Independent | Closer to Republican",1,1,27,"woman","White","GED","$100,001-$120,000",6,2,1,0,0,0,1,NA
"ZG218to",41,"I feel I was left behind a little by where I went to high school. I don't think I had the right guidance for my future and never got the motivation or reasoning to do better.",1.5,4,5,4,2,1,2,"lack of guidance, motivation issues, educational support",5,1,2,2,1,1,2,3,8,0.521416230809853,"Lack of opportunities",1,6,NA,NA,5,"Democrat","Strong",NA,NA,"Democrat | Strong",1,1,51,"woman","White","GED","$20,001-$40,000",2,2,1,0,0,1,0,NA
"DH779aw",50,"I feel left behind by the federal government. I feel that the government shows no care or concern for the average American and we're left to just figure out things on our own. If I'm struggling, there is no government help available. In fact, it seems they've gone out of their way to actually make things worse for the average American.",1,4,4,4,1,1,4,"government neglect, lack of support, policy issues",7,5,4,3,1,1,2,3,8,0.551983184543586,"Lack of opportunities",1,7,5,5,6,"Democrat","Strong",NA,NA,"Democrat | Strong",1,1,30,"woman","White","4yearColl","$120,001-$140,000",7,4,1,0,0,1,0,NA
"ET422pq",60,"I feel left behind because policies, inflation, program cuts, increasing political violence are all obstacles that are put in place to make life as difficult as possible for the regular American. I've been pulling myself up by my bootstraps for years and no matter how I'm gaslit to make it seem like it's my own shortcomings, it's a rigged system meant to oppress.",1,5,3,3,1,1,5,"policies, inflation, program cuts, political violence, rigged system",7,5,5,4,1,1,2,5,9,0.482215570172789,"Social and political issues",3,5,5,3,5,"Republican",NA,"Not very strong",NA,"Republican | Not very strong",1,1,36,"man","White","GED","$60,001-$80,000",4,2,1,1,1,0,0,"Thank you for the opportunity."
"LW015de",95,"I am getting older (58), and I've realized that I have nothing to show for my life. I've barely done anything, barely helped anyone else, I have few close friends, and I don't go anywhere because I have no spare money. I have so much regret, and don't know how to change my life at this point.",1,6,5,2,1,1,5,"aging, financial struggles, social isolation, lack of achievements, regret",4,1,4,2,1,2,5,5,8,0.540827254427693,"Lack of opportunities",2,4,6,NA,5,"Democrat","Strong",NA,NA,"Democrat | Strong",1,1,58,"woman","White","4yearColl","$0-$20,000",1,4,1,0,0,1,0,"No comments"
"XF517kf",64,"I feel like everyone else is moving on with their life, finding their career, getting married, having babies. And I just feel like I’m in limbo. I’m not making enough money & I don’t feel like I’m doing enough.",3.5,4,4,4,3,4,4,"career stagnation, financial insecurity, relationship status, life milestones",4,1,4,3,1,2,4,4,2,0.487924320935889,"Personal growth",3,3,1,4,3,"Independent",NA,NA,"Closer to Republican","Independent | Closer to Republican",1,1,30,"woman","White","GED","$80,001-$100,000",5,2,1,0,0,0,1,NA
"LY160xl",4,"I just indicated that I don't get left behind. Unfortunately, paste is disabled here. I guess sometimes I feel left behind if I'm going somewhere with people and there is some sort of miscommunication and they leave without me. Then I would definitely feel left behind! I would just call an Uber in that case, nothing harmed.",1,7,1,1,1,1,1,"miscommunication, transportation issues",2,1,1,2,1,1,2,2,5,0.523102180417514,"Health limitations",1,6,7,1,6,"Democrat","Strong",NA,NA,"Democrat | Strong",1,1,65,"man","White","4yearColl","$80,001-$100,000",5,4,1,1,0,1,0,NA
"EV738rh",67,"I have dealt with mental health issues all of my life. It has impacted me on varying levels as I grew up. Some years I was completely in the darkness of my thoughts and feelings. Other times I floated through life, simply existing and coping. And that has led to me constantly being stuck. No real goals achieved. No real progress. I've watched others go through all kinds of life milestones while I observe from the sidelines. It's a tough pill to swallow.",1.5,4,6,4,2,1,4,"mental health, lack of progress, missed milestones, feeling stuck",2,1,1,2,1,1,2,4,8,0.555414890471792,"Lack of opportunities",2,6,6,1,6,"Democrat","Strong",NA,NA,"Democrat | Strong",1,1,33,"woman","Black or African American","GED","$80,001-$100,000",5,2,0,0,0,1,0,NA
"PK259vo",77,"I think people tried to get me into society at first but I am at the age now where there's no real going back. I see kids and teenagers acoomplish and experience way more than I ever will. I feel resigned to my fate and I doubt I will ever manage to do what normal people can.",3.5,5,4,3,4,3,4,"age limitations, missed opportunities, social isolation, self-doubt, comparison to others",5,1,2,3,1,1,5,5,8,0.51976362408583,"Lack of opportunities",1,6,5,3,4,"Democrat","Strong",NA,NA,"Democrat | Strong",1,1,36,"man","multiracial","GED","$20,001-$40,000",2,2,0,1,0,1,0,NA
"XE150kp",35,"i think i could be earning more at my job at this point, although i still do fine compared to many others",3,5,4,3,3,3,3,"career stagnation, salary expectations",5,1,4,2,1,2,3,2,3,0.588746967389125,"Career opportunities",2,3,4,5,5,"Independent",NA,NA,"Closer to Democratic","Independent | Closer to Democratic",1,1,40,"man","White","MA","$120,001-$140,000",7,5,1,1,0,0,1,NA
"UW359jm",70,"I began college during the Great Recession. I was told to not do a risky major and play it safe, which I did. I haven’t been able to get ahead in terms of buying a home and my salary has been stagnant for a while. It is difficult to establish oneself when you begin from behind (salary and housing wise especially).",3,6,3,2,3,3,4,"economic recession, stagnant salary, housing costs, career advice, job market",6,2,5,3,1,1,3,5,3,0.542172728527348,"Career opportunities",1,4,6,2,5,"Independent",NA,NA,"Closer to Democratic","Independent | Closer to Democratic",1,1,35,"man","White","4yearColl","$60,001-$80,000",4,4,1,1,0,0,1,NA
"OH365tg",49,"I feel left behind in the literal sense since my husband died at only 47 and having been a stay-at-home mom of 4 children most of my life. We lost healthcare when he died and I and my 13 yr son are on medicaid and SNAP and now that will be taken away. No idea how I'm supposed to find a job that will pay for healthcare at my age.",1,4,4,4,1,1,5,"loss of spouse, financial insecurity, healthcare loss, job market challenges, age discrimination",6,5,5,3,1,4,4,5,7,0.485529137917858,"Financial struggles",1,7,7,NA,6,"Democrat","Strong",NA,NA,"Democrat | Strong",1,1,54,"woman","White","GED","$20,001-$40,000",2,2,1,0,0,1,0,NA
"FW949al",25,"I just feel like I am thankful for where I am but I am definitely not where I wanted to be in life. I feel left behind because my friends are becoming happy and successful and I am just not there.",4,3,5,5,3,5,3,"career progress, personal achievements, financial stability, social status, life goals",2,1,3,2,1,2,3,5,2,0.579824080559824,"Personal growth",6,1,1,1,1,"Republican",NA,"Not very strong",NA,"Republican | Not very strong",1,1,29,"woman","multiracial","4yearColl","$40,001-$60,000",3,4,0,0,1,0,0,"Nothing, thank you."
"QP727xq",60,"I suppose that because of my bad luck and my stupid choices in life. Have left me in a rut of dodo. There is no way out. Money is the only way out. Sad factor of my life that such a thing is the hardest to get,ish and the on thing that could save me.",5.5,5,5,3,5,6,4,"bad luck, poor choices, financial struggles",2,1,5,2,1,1,2,3,8,0.555690403600235,"Lack of opportunities",1,1,1,1,1,"Independent",NA,NA,"Neither","Independent | Neither",1,1,59,"man","White","2yearColl","$20,001-$40,000",2,3,1,1,0,0,1,"All clear. Fav color question at the end. I hope you did not put the answer in the fine print. Thank you, and have a good day."
"HV038lh",20,"I'm 34 years old and it feels like a lot of problems from the past were expected to be solved by my generation. We didn't solve most of them and now we have to live with the consequences of actions we didn't decide to take. Regular folks are going to lose out on jobs more and more to automation and AI and the safety nets the government put in place to help aren't going to be there for us.",1,6,5,2,1,1,4,"automation impact, job insecurity, government support, economic pressures",6,4,5,3,1,1,4,4,7,0.532346703932101,"Financial struggles",1,7,7,1,5,"Democrat","Strong",NA,NA,"Democrat | Strong",1,1,34,"man","White","GED","$20,001-$40,000",2,2,1,1,0,1,0,NA
"AR326bo",74,"alot of exposure nowadays on social media leading to leakage of personal life yet making it not a private",6.5,4,5,4,6,7,2,"social media exposure, privacy concerns",6,1,2,3,1,2,2,2,9,0.483611301735065,"Social and political issues",6,3,5,1,6,"Republican",NA,"Strong",NA,"Republican | Strong",1,1,25,"man","White","4yearColl","$20,001-$40,000",2,4,1,1,1,0,0,"good"
"QV633kv",8,"I don't own a home and I sometimes envy those that do, especially those lucky enough to buy during a period of low prices. Now I feel that I'd have to spend a fortunate to buy a house.",2.5,1,5,7,3,2,3,"housing costs, market timing, financial pressure",6,2,5,3,1,1,3,3,7,0.543349669572235,"Financial struggles",1,7,6,4,5,"Democrat","Strong",NA,NA,"Democrat | Strong",1,1,41,"man","White","4yearColl","$80,001-$100,000",5,4,1,1,0,1,0,NA
"BX704ao",20,"I feel like I'm being left behind in terms of finding the perfect work life balance. I sometimes take actual work home and I often think about my work responsibilities at home.",5,2,5,6,4,6,3,"work life balance, work stress, overthinking, home responsibilities",5,1,2,2,1,1,2,4,3,0.478161292278665,"Career opportunities",6,1,1,1,2,"Republican",NA,"Not very strong",NA,"Republican | Not very strong",1,1,35,"woman","Black or African American","4yearColl","$80,001-$100,000",5,4,0,0,1,0,0,"Thank you for letting me take this survey."
"KR402op",34,"I feel somewhat left behind in America with respects to religion. I practiced religion as a child but when I became an adult, I stopped practicing. I feel I am missing an important part of my past.",4,3,2,5,3,5,3,"religious disconnection, cultural shift, personal change",5,1,1,3,1,1,3,3,9,0.53861885303194,"Social and political issues",6,4,3,4,5,"Republican",NA,"Not very strong",NA,"Republican | Not very strong",1,1,58,"woman","White","4yearColl","$60,001-$80,000",4,4,1,0,1,0,0,NA
"FC020tt",81,"I am recently widowed last year and friends my age are in retirement I feel like I'm missing out on activities couples do in their retirement years",3.5,4,4,4,4,3,4,"recently widowed, retirement activities, missing companionship, social isolation, age-related changes",5,1,2,3,1,2,4,5,1,0.45335870013508,"Family responsibilities",3,1,4,1,1,"Democrat","Not very strong",NA,NA,"Democrat | Not very strong",1,1,66,"woman","White","GED","$0-$20,000",1,2,1,0,0,1,0,NA
"YJ809lu",0,"I do not really feel left behind, but if I had to give one way it would probably be left behind in social interaction. There seems to be a lack of meaningful connection these days as more and more people are lost within materialistic views, which do not really resonate with me anymore. I enjoy the deeper aspects of Life, and I do feel a bit left behind by those who are constantly chasing success.",5.5,5,3,3,7,4,2,"social interaction, materialism, lack of connection, chasing success",5,1,2,3,1,1,2,4,8,0.477052515893286,"Lack of opportunities",3,1,1,3,1,"Independent",NA,NA,"Closer to Republican","Independent | Closer to Republican",1,1,57,"man","White","4yearColl","$20,001-$40,000",2,4,1,1,0,0,1,NA
"GQ533ee",90,"My son and myself are both disabled. more and more, this administration is failing us by taking away social safety nets that help us survive and live. Before I was disabled, I worked extremely hard all my life. More and more, people are more selfish instead of taking care of those who are unable to take care of themselves and even making them feel like it's their fault.",1,3,4,5,1,1,5,"social safety nets, disability support, government policies, public empathy, economic inequality",7,5,5,4,1,1,2,5,9,0.50130304695964,"Social and political issues",2,7,7,2,7,"Independent",NA,NA,"Closer to Democratic","Independent | Closer to Democratic",1,1,40,"woman","White","2yearColl","$20,001-$40,000",2,3,1,0,0,0,1,"n/a"
"ZS961az",0,"I can't really think of any ways I feel left behind. I guess in terms of having a lot friends, I am behind in that sense.",4.5,4,3,4,3,6,2,"social connections",2,1,1,2,1,2,2,1,9,0.57723130674411,"Social and political issues",6,1,1,1,1,"Independent",NA,NA,"Neither","Independent | Neither",1,1,41,"woman","White","GED","$120,001-$140,000",7,2,1,0,0,0,1,"N/A"
"CE208al",38,"I feel left behind by my friends because I chose a different course. My friends who focused on tech own big houses and expensive cars.",7,3,4,5,7,7,4,"career choice, financial disparity, peer pressure, material success",5,1,4,2,1,1,2,4,2,0.509356597627857,"Personal growth",7,6,1,1,1,"Republican",NA,"Strong",NA,"Republican | Strong",1,1,23,"man","Black or African American","MA","Over $200,000",11,5,0,1,1,0,0,"Great"
"AT042br",15,"At times I feel left behind financially. My family makes decent money and we do a good job saving with no debt. But I always feel like we should have more and be able to do more with the money we have. I feel like other people are better off than us and try to figure out what I did to put us behind.",2,3,4,5,3,1,3,"financial insecurity, comparison to others, savings pressure, financial expectations",5,1,5,2,1,1,2,4,7,0.600231271132951,"Financial struggles",1,5,2,1,5,"Democrat","Not very strong",NA,NA,"Democrat | Not very strong",1,1,35,"woman","White","MA","$180,001-$200,000",10,5,1,0,0,1,0,NA
"TA432bv",2,"I know that I am behind when it comes to technology, because computers are advancing at an astronomical rate",7,1,1,7,7,7,3,"technology gap",6,1,2,2,1,1,3,1,10,0.704869709168492,"Generational differences",7,1,1,1,1,"Republican",NA,"Strong",NA,"Republican | Strong",1,1,54,"man","Black or African American","GED","$80,001-$100,000",5,2,0,1,1,0,0,NA
"XZ552yv",77,"I feel that there are no good career opportunities out there that would allow me to climb the ladder, so to speak. Every job available to me is some soul sucking, dead-end job that pays very little. Even these dead-end jobs that are available to me are competitive to get and often have a toxic work culture where hard work is often not rewarded. Basically, I feel most regular jobs out there for me are a waste of time and offer no future.",1,7,1,1,1,1,4,"career opportunities, dead-end jobs, low pay, job competition, toxic work culture, lack of reward",6,1,5,2,1,1,2,6,3,0.575019703356716,"Career opportunities",1,6,6,3,6,"Democrat","Strong",NA,NA,"Democrat | Strong",1,1,34,"man","White","GED","$0-$20,000",1,2,1,1,0,1,0,NA
"RI066bw",21,"I am a woman and dont get the same respect as men sometimes, but it is not super often that I feel this way",2,4,5,4,2,2,2,"gender inequality",5,1,2,3,1,3,2,1,4,0.743022109140096,"Inequality and disparity",6,2,3,5,2,"Democrat","Not very strong",NA,NA,"Democrat | Not very strong",1,1,24,"woman","White","4yearColl","$100,001-$120,000",6,4,1,0,0,1,0,NA
"UR141cp",75,"I feel left behind because I have no friends. I stay at home and perform mother/wife duties all the time. I am told to get over myself. I am not able to have a social life or have a job.",5.5,4,3,4,5,6,5,"no friends, social isolation, domestic duties, lack of support, no job",5,1,2,4,1,4,2,5,8,0.528932196421442,"Lack of opportunities",6,NA,NA,NA,NA,"Republican",NA,"Strong",NA,"Republican | Strong",1,1,31,"woman","White","2yearColl","$0-$20,000",1,3,1,0,1,0,0,NA
"WD342rz",60,"I don't have any means of really advancing in life. I have been fortunate and have managed to get things balanced and I'm not as far behind as I was in the past, but my disability has prevented me from advancing forward significantly from this point forward.",4.5,1,3,7,6,3,3,"disability, limited advancement, stagnation, career barriers",6,2,3,2,1,1,2,4,5,0.532938825875645,"Health limitations",4,4,1,6,3,"No preference",NA,NA,"Closer to Republican","Independent | Closer to Republican",1,1,52,"man","White","4yearColl","$20,001-$40,000",2,4,1,1,0,0,0,NA
"RK254zq",66,"I feel like I don't have a meaningful career, which makes me feel left behind in comparison to my peers. There is nothing that I'm passionate about pursuing as far as a career goes. I don't feel that I'll ever be able to make a larger amount of money and that I'll always be stuck in a low income range.",2.5,4,3,4,3,2,4,"career stagnation, lack of passion, income limitations",5,1,4,2,1,2,3,3,8,0.514577698835523,"Lack of opportunities",2,5,2,NA,5,"Democrat","Not very strong",NA,NA,"Democrat | Not very strong",1,1,34,"woman","White","4yearColl","$80,001-$100,000",5,4,1,0,0,1,0,NA
"WE662zz",70,"I do a lot of it to myself because I just don't feel like going anywhere or doing anything. I also feel left out because I give fill time care to an autistic child. We really have a hard time going places when we are invited. Im",4,4,4,4,4,4,4,"social isolation, caregiving duties, limited mobility, lack of support, mental fatigue",5,1,2,3,1,2,3,5,5,0.527048788856137,"Health limitations",1,1,1,NA,1,"Independent",NA,NA,"Closer to Democratic","Independent | Closer to Democratic",1,1,57,"woman","White","GED","$20,001-$40,000",2,2,1,0,0,0,1,NA
"JS242ky",62,"I am 50 years old and it seems my age is becoming a factor in finding new opportunities. Companies seem to want someone younger and cheaper.",4,4,4,4,4,4,4,"age discrimination, job market, salary expectations, career stagnation",6,1,4,3,1,2,4,4,3,0.561826378508486,"Career opportunities",5,4,2,5,4,"Independent",NA,NA,"Closer to Republican","Independent | Closer to Republican",1,1,50,"man","White","4yearColl","$20,001-$40,000",2,4,1,1,0,0,1,NA
"UH011qe",36,"Well I am somewhat left behind. I come from a troubled background and was not able to be as successful as I should have been based on my talents. Many years of fixing what was wrong with me psychologically prevented me from focusing on my career",3.5,5,4,3,4,3,3,"troubled background, mental health, career focus",5,1,3,3,1,2,3,3,2,0.487766191578954,"Personal growth",1,4,3,2,3,"Democrat","Not very strong",NA,NA,"Democrat | Not very strong",1,1,49,"man","White","4yearColl","$120,001-$140,000",7,4,1,1,0,1,0,NA
"QJ270pz",25,"Because my finances are based on a disability, I do feel left behind. I feel social security should get better raises than they get. The elderly worked so hard and now we barely get by.",5.5,4,5,4,4,7,4,"financial instability, insufficient raises, elderly struggles, disability income",6,5,5,3,1,1,5,4,7,0.560889704136508,"Financial struggles",6,1,1,4,4,"Republican",NA,"Strong",NA,"Republican | Strong",1,1,56,"woman","White","GED","$20,001-$40,000",2,2,1,0,1,0,0,"I had no confusion or technical issues with this study.  Thank You!"
"OU744wl",50,"I feel smack dab right in the middle of things. Sure, I could've got a better education, a better job, a better family. But things could be a lot worse. I have no debt, I'm pretty healthy, I've never been in a hospital except to visit others. I've never been arrested. I think overall I'm doing alright, could be better, could be worse.",7,4,4,4,7,7,3,"education opportunities, career advancement, family dynamics",4,1,3,2,1,1,2,3,3,0.546170882485698,"Career opportunities",7,1,1,2,1,"Republican",NA,"Strong",NA,"Republican | Strong",1,1,39,"man","White","GED","$100,001-$120,000",6,2,1,1,1,0,0,NA
"PF318zn",54,"Well my health is bad and I'm very concerned, but I feel like i don't matter much to insurance or doctors, I feel like I'm just a number.",6,3,4,5,6,6,4,"health issues, insurance neglect, feeling insignificant, medical system",6,2,2,2,1,2,2,4,5,0.495847254236599,"Health limitations",1,NA,1,NA,NA,"Independent",NA,NA,"Closer to Republican","Independent | Closer to Republican",1,1,58,"woman","White","2yearColl","$40,001-$60,000",3,3,1,0,0,0,1,NA
"FO413bz",44,"The main thing I would feel left behind on is the advancement of technology. There is new technology coming out daily and I feel like I’m not quite up to date with all of the latest technology.",4.5,4,5,4,5,4,3,"technology advancement",5,1,2,2,1,1,3,1,6,0.770279898934409,"Technology change",5,4,3,3,3,"Republican",NA,"Not very strong",NA,"Republican | Not very strong",1,1,37,"man","White","2yearColl","$80,001-$100,000",5,3,1,1,1,0,0,"None!"
"BR855np",40,"I feel left behind primarily in realm of rapid technological change , particularly the pace of artificial intelligence . While I am deeply integrated with technology , the constant emergence of new Ai model s tools and capabilities create a pressure to continuously learn and adapt",6,2,6,6,6,6,4,"technological change, artificial intelligence, learning pressure, adaptation needs",6,1,3,2,1,1,2,4,6,0.502036707183291,"Technology change",6,6,5,5,5,"Republican",NA,"Not very strong",NA,"Republican | Not very strong",1,1,38,"man","White","4yearColl","$100,001-$120,000",6,4,1,1,1,0,0,NA
"FM053lx",44,"The only thing would be about being left behind would be finances. I was not born with money, and my racial background is considered the lowest. I always had to work hard, and I never was taught about saving, and investing money. I had to learn finances thoroughly myself online.",3.5,7,1,1,1,6,4,"financial struggles, racial background, lack of education, self-taught skills",6,2,5,4,3,1,2,4,8,0.460387304612354,"Lack of opportunities",3,3,2,2,3,"Independent",NA,NA,"Neither","Independent | Neither",1,1,40,"man","multiracial","GED","$60,001-$80,000",4,2,0,1,0,0,1,NA
"DQ595ey",20,"I'm definitely at a stage in life where I'm more stable and am comfortable not moving forward as fast as when I was younger but I feel like I'm being left behind socially and politically. The world seems to be changing so fast with technology and social media but I still like to look into someone's eyes in person when I speak to them, and the conservative values like hard work and doing your share and not counting on the government to help you with everything seem to be disappearing fast",5.5,6,3,2,6,5,3,"social change, political shifts, technology pace, social media, conservative values",6,3,2,4,1,2,4,5,9,0.540130296514226,"Social and political issues",6,2,1,4,2,"Republican",NA,"Strong",NA,"Republican | Strong",1,1,54,"man","White","4yearColl","$120,001-$140,000",7,4,1,1,1,0,0,"None"
"MX598qz",20,"There are some times when I feel left behind due to my age. For example, when I received targeted ads online assuming I'm a much younger demographic than I actually am. There have also been times when I have been at an event with music and the playlist is only current pop/hip-hop which I have never kept up with.",1.5,4,4,4,2,1,3,"age disparity, targeted ads, music preferences",4,1,1,3,1,1,4,3,10,0.469095403996763,"Generational differences",1,7,7,7,6,"Independent",NA,NA,"Closer to Democratic","Independent | Closer to Democratic",1,1,55,NA,"multiracial","4yearColl","$0-$20,000",1,4,0,NA,0,0,1,NA
"ZS469bs",85,"Well, part of the reason I feel left behind is because of my age. I'm 61. I have the realization that I'm on the back end of my life. When I was younger, I always felt that 60 was so old. Now that I'm that age, while I don't feel the way I have always interpreted the age of 60 to appear, I feel as though I'm no longer a driving force in this world. But it's not just my age. The world has changed deeply in my lifetime. The amount of information available has really opened my eyes to the corruption and exploitation that takes place across the globe. I was anti-government for the majority of my life. I didn't differentiate much between republicans and democrats, though it always seemed to me that democrats were more reasonable and caring than republicans. But over the past 10 years or so, I've developed an understanding of how important government is. It's not that government is bad. It's that BAD government is bad. We need an ethical and just government to have an ethical and just society. We don't need smaller government. We need a more just government that helps society, not exploits it for the benefit of the already wealthy. I've come to understand what a horrible menace capitalism is. I see how workers are exploited. I grew up thinking that capitalism and democracy goes hand in hand. That you can't have democracy without capitalism. I now realize that's a lie perpetrated by wealthy capitalists. I lived the majority of my life trying to do what feels good while dealing with my demons. I mostly accomplished that. I went to college but didn't graduate. I worked for nearly 30 years as a freelance writer, although I never made very much money. But that allowed me to be a stay-at-home father. I loved that time dearly and have a very close relationship with my child to this day. But the force that I felt that I was (smart, excellent writer, creative, out-of-the-box thinker) -- that has dissipated in the past decade. All of my freelance jobs dried up. I no longer was talking to famous musicians and writing award-winning features. I had to go to work outside of the home. I lost my job during the Covid lockdowns. I've been unemployed since, other than some freelance work I've been able to gather online. I always felt strong, in control of my future. I still feel strong, but I recognize that outside forces control my future more than I do. These are frightening times. The USA has been overtaken by a dictator. Fascism shows its ugly face daily. I shudder at what I see every day. It's hard to face a future as uncertain as the one I'm facing. I'm scared. It's the young person's world now, and I'm no longer a part of that group. You know, for the majority of my life I was the youngest person in whatever group I was with. That's no longer the case either. Everything just seems so different. I feel left behind.",1,5,5,3,1,1,4,"age, job loss, economic changes, political shifts, technological advances, health issues, social isolation, career stagnation, financial instability, cultural changes",6,4,4,4,1,1,5,10,9,0.507398446752947,"Social and political issues",1,5,6,2,7,"Independent",NA,NA,"Closer to Democratic","Independent | Closer to Democratic",1,1,61,"man","White","GED","$40,001-$60,000",3,2,1,1,0,0,1,"Wow, the words really flowed. Best wishes in your research."
"NN792ji",30,"I sometime feel like am not part of a particular group like am not included in the plans that they engage or formulate and at times I feel like engaging friends in the ideas that I have but I do feel like they would ignore me or be against it and so I keep them to myself and at times when my friends are having girl's day out I feel like I would be weird and make it boring and not fun as I would not drink",1,7,4,1,1,1,3,"social exclusion, fear of rejection, self-doubt, peer pressure, lack of confidence",2,1,1,3,1,4,2,5,8,0.53372080221585,"Lack of opportunities",4,6,5,4,4,"Democrat","Strong",NA,NA,"Democrat | Strong",1,1,32,"woman","White","4yearColl","$80,001-$100,000",5,4,1,0,0,1,0,NA
"PO156kt",75,"I don't have a lot of wiggle room when it comes to budget so I can't put myself out there as well as others.",1,4,3,4,1,1,3,"financial constraints",5,1,5,2,1,1,2,1,7,0.689947450041911,"Financial struggles",1,7,6,1,7,"Independent",NA,NA,"Closer to Democratic","Independent | Closer to Democratic",1,1,41,"woman","White","4yearColl","$0-$20,000",1,4,1,0,0,0,1,NA
"QG923jm",19,"If I had to speak in terms of what culture says, I would feel left behind in regards to not owning a home yet or not having travelled the world yet, owning a brand new car, etc. I don't actually feel left behind, but if I went off what culture values, then these would be my responses.",4.5,5,5,3,3,6,1,"home ownership, travel experience, new car",5,1,4,4,1,2,2,3,2,0.431018448263171,"Personal growth",6,1,NA,NA,NA,"Republican",NA,"Not very strong",NA,"Republican | Not very strong",1,1,33,"woman","multiracial","GED","$0-$20,000",1,2,0,0,1,0,0,NA
"ZN533mp",35,"The way I feel left behind the most is with my career. I work a minimum wage job from home (which is the only perk) and do not make much but i don't have a college degree so I am going to have to work retail if not for this",1,5,5,3,1,1,4,"career stagnation, low income, no degree, limited opportunities",5,1,4,2,1,2,2,4,8,0.53852018354999,"Lack of opportunities",1,4,7,1,7,"Democrat","Strong",NA,NA,"Democrat | Strong",1,1,33,"woman","White","GED","$80,001-$100,000",5,2,1,0,0,1,0,NA
"HT225gb",32,"I am not left behind, but feel somewhat behind in my retirement goals. As I am currently a housewife, I feel I need to find work in order to help that goal come to fruition, but have a hard time balancing that against the time I have to work on the house, volunteer, participate in Bible studies, and the like.",7,3,3,5,7,7,3,"retirement goals, job search, time management, household duties, volunteer commitments, personal development",4,1,3,2,1,3,3,6,2,0.515982998868279,"Personal growth",7,1,1,6,2,"Republican",NA,"Strong",NA,"Republican | Strong",1,1,53,"woman","White","GED","$100,001-$120,000",6,2,1,0,1,0,0,NA
"YB034wi",10,"I may feel left behind because of my own actions. I would say that not completing my bachelors degree and only completing my associates made me feel like I could not advance as quickly in my professional career.",4.5,5,4,3,5,4,3,"education level, career advancement",2,1,3,2,1,1,2,2,3,0.603720799507486,"Career opportunities",1,1,1,1,1,"Independent",NA,NA,"Closer to Republican","Independent | Closer to Republican",1,1,51,"woman","multiracial","2yearColl","Over $200,000",11,3,0,0,0,0,1,"No additional comments."
"HT432pd",53,"I have had a chronic illness for 40 years. As I continue to have more and more complication brcause of this illness I feel I am left behind more and more.",6.5,2,2,6,6,7,5,"chronic illness, health issues, medical complications",6,1,2,2,1,1,2,3,5,0.610752191158934,"Health limitations",4,5,1,7,2,"Independent",NA,NA,"Closer to Republican","Independent | Closer to Republican",1,1,54,"woman","White","GED","$60,001-$80,000",4,2,1,0,0,0,1,NA
"AE792gv",50,"I do not feel left behind anyone or anything. I do not feel left behind in any way or fashion. I do not feel left behind at all.",1.5,4,4,4,1,2,1,"no feelings of being left out",1,1,1,1,1,1,1,1,8,0.536832284456836,"Lack of opportunities",2,6,6,6,6,"Democrat","Not very strong",NA,NA,"Democrat | Not very strong",1,1,44,"woman","White","4yearColl","$80,001-$100,000",5,4,1,0,0,1,0,NA
"NO352cj",37,"A few years ago my life took A drastic turn after I had to perform CPR on my grown child.. I guess because I was thrust into A state of shock I did not seek the mental help I should have received to get myself through this time. Though my daughter did survive I was NOT the same mentally. So afterwards I struggled.",3,4,6,4,4,2,4,"mental health, trauma, emotional distress, lack of support, coping difficulties",5,1,1,2,1,2,2,5,5,0.544231574899458,"Health limitations",6,2,2,2,2,"Republican",NA,"Strong",NA,"Republican | Strong",1,1,59,"woman","White","GED","$20,001-$40,000",2,2,1,0,1,0,0,"none"
"ZO116lj",0,"I may be left behind on knowing the current status or celebrities and athletes. Pop culture has become so tainted that I no longer keep up with it the way that I used to.",5.5,3,4,5,5,6,2,"pop culture, celebrity news, athlete updates",5,1,1,3,1,1,2,3,2,0.408291443689712,"Personal growth",5,1,1,NA,1,"Republican",NA,"Not very strong",NA,"Republican | Not very strong",1,1,45,"man","Black or African American","GED","$60,001-$80,000",4,2,0,1,1,0,0,NA
"CT955tc",77,"I feel left behind because I went to college and graduated with a degree and student loan debt. The job market is so hard to find something good that I can not make ends meet. Everyday is a struggle just to survive.",5,5,2,3,3,7,4,"student loan debt, job market, financial struggle",6,2,5,2,1,1,2,3,7,0.592748443028912,"Financial struggles",7,1,1,NA,1,"Republican",NA,"Strong",NA,"Republican | Strong",1,1,41,"woman","Hispanic, Latino, or Spanish origin","4yearColl","$20,001-$40,000",2,4,0,0,1,0,0,NA
"FU549as",26,"I feel left behind in my career because many of my peers were promoted while I stayed in the same role for two years. The turning point was when three colleagues got team lead roles in 2024 after our company restructured — I applied but wasn’t chosen. I think the main reasons are that I don’t have strong sponsorship, and I’ve been juggling caregiving duties that limit extra hours. It makes me anxious and less confident in meetings. To catch up I’m trying to build one stronger relationship with a manager and take an online leadership course, but I also need clearer feedback from my boss to know what to improve.",4,7,2,1,6,2,4,"lack of sponsorship, caregiving duties, limited extra hours, missed promotions, anxiety in meetings, confidence issues, need for feedback",5,1,3,2,1,2,2,7,8,0.456547849910297,"Lack of opportunities",5,6,2,6,5,"Republican",NA,"Strong",NA,"Republican | Strong",1,1,52,"woman","White","MA","$40,001-$60,000",3,5,1,0,1,0,0,"None"
"GA352bk",50,"I actually feel caught in the middle but closer to left behind because I am not up on the new technology that comes out ever so often. I know just a little about AI usage but from what I have heard there are so many things AI can be used for. I am thinking this could help me keep up with trends and maybe help me make extra cash but I am not even sure how to begin",5.5,3,4,5,5,6,3,"technology gap, ai knowledge, trend awareness, financial opportunities",5,1,3,2,1,2,3,4,6,0.523029399904273,"Technology change",5,1,1,NA,NA,"Independent",NA,NA,"Closer to Republican","Independent | Closer to Republican",1,1,72,"woman","Black or African American","4yearColl","$0-$20,000",1,4,0,0,0,0,1,"no"
"IO357xm",62,"I can even feel behind in terms of career development and economic well-being. Personally, I have improved, but I notice colleagues that are ahead of my pace, achieve more promotions, increases in wages or their contributions are appreciated. This may leave me feeling that I am not progressing as fast as I am making personal achievements. Also, the speed of technological advancement and shifts in the labor market may be overwhelming, and it is more difficult to keep up with the challenge. This is sometimes intensified by social comparisons in social media because it is simple to concentrate on the achievements of others instead of my own development. All in all it is as combination of professional, financial and social aspects that make me feel left behind, even when I am achieving gradual progress in my own slow manner.",1,2,4,6,1,1,4,"career development, economic well-being, wage increases, technological advancement, labor market shifts, social comparisons, social media, professional aspects, financial aspects, personal achievements",5,1,4,2,1,1,3,10,2,0.486585895342636,"Personal growth",1,6,6,2,6,"Democrat","Strong",NA,NA,"Democrat | Strong",1,1,64,"woman","White","MA","$100,001-$120,000",6,5,1,0,0,1,0,NA
"YA352wc",75,"I feel like I was born into the group of millenials that have to absorb a lot of uncomfortable adjustments to the high costs of education and trying to be able to get ahead. It seems that there a lot of issues that are just not being paid enough attention within the government to help people live comfortable lives. Between the cost of healthcare, education, and general day to day expenses, it is very difficult to move forward diligently with such uncertainty in the way the country is headed. I honestly feel that my wife and i will move away before too much longer.",3,6,4,2,3,3,4,"education costs, healthcare costs, living expenses, government inaction, economic uncertainty",6,4,5,3,1,1,3,5,7,0.566974545713063,"Financial struggles",5,4,4,5,6,"Independent",NA,NA,"Neither","Independent | Neither",1,1,39,"man","White","4yearColl","$20,001-$40,000",2,4,1,1,0,0,1,NA
"ZH665cn",75,"I feel left behind because my life just feels stagnant at the moment. Many of my friends have accomplished so many things compared to what I feel I have accomplished. I feel like every recent goal I have set, I have failed on making. Or I experience too many setbacks in a goal and get discouraged and give up. I feel like others have more of a drive to keep going forward than I have.",1,4,2,4,1,1,4,"stagnation, comparison, goal setbacks, lack of drive",2,1,2,2,1,1,3,4,8,0.518023684685131,"Lack of opportunities",1,7,6,5,5,"Independent",NA,NA,"Closer to Democratic","Independent | Closer to Democratic",1,1,40,"man","White","GED","Over $200,000",11,2,1,1,0,0,1,"None"
"RW698yj",28,"Sometimes I feel I should have done more previously as my career has not advanced as much as I think I should have.",2,3,4,5,3,1,3,"career stagnation",4,1,4,2,1,2,3,1,3,0.686055453792347,"Career opportunities",2,6,5,5,5,"Democrat","Not very strong",NA,NA,"Democrat | Not very strong",1,1,34,"woman","White","2yearColl","$60,001-$80,000",4,3,1,0,0,1,0,NA
"FL235br",40,"I feel left behind in my career, being unable to get a fulfilling job that I at least enjoy doing and making good money from. Another thing I feel sort of left behind on is my health, I feel like I should be taking better care of it but don't have the mental strength or effort put it to keep at it.",3,3,4,5,3,3,3,"career stagnation, unfulfilling job, financial struggles, health neglect, mental fatigue",5,1,4,2,1,1,3,5,8,0.525817010812902,"Lack of opportunities",3,3,3,3,4,"Independent",NA,NA,"Closer to Democratic","Independent | Closer to Democratic",1,1,29,"man","Asian","MA",NA,NA,5,0,1,0,0,1,NA
"BW018aw",60,"I feel with the way that the country is becoming more polarized if you’re not on one side or another you are considered the “enemy” and it makes it hard, as a minority who was born in the country, to feel like I’m part of this country.",3,5,4,3,5,1,4,"political polarization, cultural alienation, identity conflict",6,3,2,4,3,1,2,3,9,0.553688796380628,"Social and political issues",1,6,1,5,6,"Democrat","Not very strong",NA,NA,"Democrat | Not very strong",1,1,51,"man","Asian","MA","$180,001-$200,000",10,5,0,1,0,1,0,NA
"VF433um",15,"I think the only thing I feel left behind on is that because of certain health issues in my life I could not make the career choice that I had wanted to make.",4.5,4,5,4,4,5,3,"health issues, career choice",2,1,2,1,1,1,2,2,3,0.553671270938012,"Career opportunities",2,NA,NA,NA,NA,"Independent",NA,NA,"Closer to Republican","Independent | Closer to Republican",1,1,67,"woman","White","2yearColl","$140,001-$160,000",8,3,1,0,0,0,1,NA
"YK208mf",60,"Well I recently became disabled and i have to live on a fixed income and it is hard to make ends meat.",6.5,3,2,5,6,7,4,"disability, fixed income, financial strain",6,4,5,2,1,1,2,3,7,0.584989467351169,"Financial struggles",6,1,1,5,1,"Republican",NA,"Not very strong",NA,"Republican | Not very strong",1,1,62,"woman","White","GED","$0-$20,000",1,2,1,0,1,0,0,NA
"VP811cy",27,"I don't feel left behind I feel as though our country is vrey divided and we feel extremelys eparate from one another",1,5,1,3,1,1,1,"political division, social separation",7,3,2,4,2,1,1,2,9,0.542668378702901,"Social and political issues",1,3,7,2,7,"Independent",NA,NA,"Closer to Democratic","Independent | Closer to Democratic",1,1,24,"woman","multiracial","4yearColl","$80,001-$100,000",5,4,0,0,0,0,1,NA
"KR400wk",20,"Even though for the major and important things in life I don't feel left behind, but there are some smaller ways that I do. I feel a little behind when it comes to things like makeup and beauty standards because I never really learned how to do my hair or makeup in the way that seems normal for other people. I also feel left behind socially. A lot of people seem to have big groups of friends and are always doing fun activities together, but I don't really have that. I mostly spend time with a couple close friends and my family, so I sometimes feel like I'm missing out on that part of life.",1.5,4,4,4,1,2,3,"beauty standards, social connections, makeup skills, group activities",2,1,2,3,2,3,3,4,2,0.495033778301835,"Personal growth",2,6,5,2,7,"Democrat","Not very strong",NA,NA,"Democrat | Not very strong",1,1,39,"woman","White","GED","$80,001-$100,000",5,2,1,0,0,1,0,NA
"EW125yf",55,"Actually, I don't feel I am right where I need to be right now, and no matter what happens, as long as I trust God, He will order my footsteps",4,4,4,4,4,4,1,"contentment, faith, trust in god",1,1,1,2,1,1,1,3,2,0.451829700679005,"Personal growth",4,4,4,4,4,"Independent",NA,NA,"Neither","Independent | Neither",1,1,47,"woman","Black or African American","2yearColl","$40,001-$60,000",3,3,0,0,0,0,1,NA
"XR550uh",68,"I honestly just feel like I'm taking up space on the earth. I don't have any income besides doing these studies so I'm a drain on my family. I hate having to ask ANYONE for ANYTHING but I find myself constantly having to do this. I can only afford the bare necessities in life and I have to depend on my ex husband and grown sons for anything else I need in life. It's not a good feeling.",3.5,2,3,6,4,3,5,"financial dependency, lack of income, family reliance, limited resources",4,1,5,2,1,2,3,4,7,0.586594136386898,"Financial struggles",NA,NA,NA,NA,NA,"Independent",NA,NA,"Neither","Independent | Neither",1,1,54,"woman","White","GED","$0-$20,000",1,2,1,0,0,0,1,NA
"XR812ue",54,"Certain races and genders get the push ahead, while jobs specfiically throw away white male applicants.",6.5,4,5,4,7,6,3,"racial bias, gender bias, job discrimination",7,2,3,4,4,4,2,3,4,0.683204765763685,"Inequality and disparity",6,1,1,5,1,"Independent",NA,NA,"Closer to Republican","Independent | Closer to Republican",1,1,39,"man","White","4yearColl","Over $200,000",11,4,1,1,0,0,1,NA
"RM036rc",40,"My quality of life was diminished because although I have a very high IQ (gifted level 137), my family was too poor to afford college. I was poor and had to go straight to work to provide for myself. I got factory work and made a lower middle class income for most of my life. I also wish I could have had access to mental health intervention earlier in life. I found out that I have ADHD late in life. If I had been diagnosed earlier, I could have accomplished more. I could have been a doctor, lawyer or teacher. I wanted to become a parent, but my infertility made it impossible. Adoption or other intervention was too expensive for me. I am a very compassionate and nurturing person who could have been an amazing parent. Our nation's lack of provision for poor young people like me left me far behind where my potential could have taken me.",1,7,3,1,1,1,5,"financial barriers, lack of education, mental health access, late diagnosis, career limitations, infertility, adoption costs, economic inequality",6,4,5,4,1,2,3,8,5,0.496659349784526,"Health limitations",1,7,7,1,7,"Independent",NA,NA,"Closer to Democratic","Independent | Closer to Democratic",1,1,53,"woman","White","GED","$20,001-$40,000",2,2,1,0,0,0,1,"no thanks"
"GK929vy",15,"I married very young, had children young and did not get any higher education. As the saying goes: to busy to make a living to go further. I was so busy keeping my family afloat that I did not pursue any more education than high school.",5,3,5,5,5,5,4,"early marriage, young parenthood, no higher education, family responsibilities, career stagnation",6,1,4,3,1,3,4,5,1,0.536320571894465,"Family responsibilities",4,4,5,4,5,"Independent",NA,NA,"Neither","Independent | Neither",1,1,75,"woman","White","GED","$20,001-$40,000",2,2,1,0,0,0,1,NA
"PK435ka",0,"As a young women I had an interest in chemistry but I was also a musician. I worked in a laboratory for while and loved the job and considered getting a degree in science but I was discouraged by co-workers and even the male members of my family because I was a woman. I got my Masters in music and have loved being music teacher and performing over the past decades but I think I might have made a different career choice if I had not been a woman and had received some encouragement and support.",2.5,4,4,4,3,2,3,"gender bias, lack of support, career choice, family pressure, discouragement",6,1,2,4,1,5,2,5,8,0.48668669034527,"Lack of opportunities",3,4,3,3,4,"Independent",NA,NA,"Closer to Democratic","Independent | Closer to Democratic",1,1,67,"woman","White","MA","$40,001-$60,000",3,5,1,0,0,0,1,NA
"FA115xh",70,"I feel as though other people around me have gotten ahead and are doing amazing things. While I am stuck, trying to survive and help my family, while watching the world out there doing more than I could ever imagine. I feel like although I strive to do more that I'm always left running on empty. Like, how long do I have to work before I feel satisfied? Before I'm able to live happily? How long before the stress is off my shoulders and the burden I carry gets lighter? It's hard to know to be honest and I feel like I have weights on my feet. Trying to drag myself through this world while everyone else races right ahead.",5.5,3,5,5,7,4,4,"financial stress, family obligations, career stagnation, emotional burden, lack of fulfillment",5,1,4,3,1,1,3,5,8,0.512883287697442,"Lack of opportunities",5,2,1,3,2,"Republican",NA,"Not very strong",NA,"Republican | Not very strong",1,1,24,"woman","White","2yearColl","$40,001-$60,000",3,3,1,0,1,0,0,NA
"KE207bj",70,"I feel like the system is broken in the sense that being born into a certain environment and wealth class dictates how easy you can succeed and advance. With no backup savings plan or structure offered by default from the government for seniors, it puts a lot of people at risk of feeling behind I feel like.",3.5,6,4,2,3,4,4,"wealth inequality, lack of support, economic barriers, social class, financial insecurity",7,4,5,4,1,1,4,5,7,0.554624651027906,"Financial struggles",4,NA,5,NA,4,"Independent",NA,NA,"Closer to Democratic","Independent | Closer to Democratic",1,1,37,"man","White","4yearColl","$20,001-$40,000",2,4,1,1,0,0,1,"Interesting study, I hope the research goes well."
"MQ318vw",0,"i sometimes feel left behind when technology advances faster than i can keep up with,especially in areas like AI and smart devices. I also feel it when the cost of living rises,making it harder to maintain the same quality of life",5.5,3,3,5,5,6,3,"technology advances, cost of living, ai, smart devices",6,2,4,2,1,1,3,4,6,0.519287399562122,"Technology change",7,1,1,1,5,"Republican",NA,"Strong",NA,"Republican | Strong",1,1,32,"man","White","PHD","$80,001-$100,000",5,6,1,1,1,0,0,NA
"QD543aa",4,"The only way that I feel left behind in any matter is when it comes to healthcare costs. I feel like I make to much money to qualify for assistance, but I don't make enough money to handle all of these medical expenses.",5,4,1,4,5,5,3,"healthcare costs, income limits",6,3,4,2,1,2,2,2,7,0.557419128245707,"Financial struggles",6,2,1,5,3,"Republican",NA,"Not very strong",NA,"Republican | Not very strong",1,1,49,"man","White","4yearColl","$120,001-$140,000",7,4,1,1,1,0,0,NA
"SY475ht",0,"I really don't feel very left behind. I suppose if I had to try to find something I would say I feel somewhat left behind because i am physically disabled and am unable to finish school and to pursue work in a way that a normal person would. I suppose that would make me feel left behind someone and that I can't get out of debt because I can't make the extra money to do so. On the other hand I do not fill up behind because there's so much I still can doAnd I'm very thankful and our needs are met and we are fine.",7,5,4,3,7,7,3,"physical disability, education barriers, employment challenges, financial constraints",5,2,3,2,1,1,2,4,5,0.594188221316411,"Health limitations",7,1,1,3,1,"Republican",NA,"Strong",NA,"Republican | Strong",1,1,57,"woman","White","GED","$80,001-$100,000",5,2,1,0,1,0,0,"Thank you"
"RB831ti",20,"I feel that I am being left behind somewhat due to my age. The younger generation seems to believe that I don't understand them. Sometimes it seems like I am looked at like I don't understand what they are talking about because I am old enough to be their grandfathers.",6,3,6,5,7,5,3,"age gap, generational differences, communication barriers",5,1,2,3,1,2,3,3,10,0.669366141443054,"Generational differences",5,2,1,7,3,"Independent",NA,NA,"Closer to Republican","Independent | Closer to Republican",1,1,53,"man","White","PHD","$20,001-$40,000",2,6,1,1,0,0,1,"Nothing specific to note."
"PZ991ap",90,"Various aspects where the system we have for these problems have failed us. I'm not comfortable giving too many details, but from medical assistance, to slight help getting my daughter where she needs to be, down to her safety during her weekend visits with the county already have been involved while her safety was being intruded upon, and defiled! It has lead me to believe there is not much more reason to try seeking anymore of this help since it has already failed us right under their gaze!",3.5,4,5,4,4,3,4,"medical assistance, child safety, system failure",6,4,2,3,2,2,2,3,5,0.474724394216089,"Health limitations",4,4,4,4,4,"Independent",NA,NA,"Neither","Independent | Neither",1,1,44,"man","White",NA,"$0-$20,000",1,NA,1,1,0,0,1,NA
"HT124bs",76,"I feel like others around me are able to live a semi comfortable life and I am always just getting by. I am always stressed financially and can never seem to just relax with others and do fun trips and activities",5,2,2,6,7,3,4,"financial stress, limited leisure, social isolation, travel restrictions",6,1,5,3,1,2,2,4,5,0.54097203068916,"Health limitations",3,4,1,6,4,"Independent",NA,NA,"Neither","Independent | Neither",1,1,36,"man","White","2yearColl","$60,001-$80,000",4,3,1,1,0,0,1,NA
"XK539tt",79,"I feel I am not where I should be at this point in my life. I feel my peers are far a head of me as far as housing, jobs, and family matters are concerned.",3.5,2,7,6,4,3,4,"housing costs, career stagnation, family pressure",5,1,4,3,1,2,3,3,7,0.505182262988598,"Financial struggles",1,3,4,2,2,"Independent",NA,NA,"Closer to Democratic","Independent | Closer to Democratic",1,1,39,"man","White","GED","$60,001-$80,000",4,2,1,1,0,0,1,NA
"FT808qe",64,"I believe that in this country, a whole lot of people are left behind, including myself. It seems that if you aren't ultra rich you are ,to some degree , left behind. In the current administration the tax laws favor the rich to the detriment of everyone else. Marginalized people can't possibility survive like this. In my case ,I believe that much of my lack of success was my fault but I don't think people like me should have to be like this forever. The current administration is destroying the poor and the middle class with tariffs that raise prices . They also are doing everything in their power to take away our health insurance and essential programs we must have to survive. It's never going to end.",1.5,5,3,3,2,1,5,"economic inequality, tax policies, marginalization, tariffs, health insurance, essential programs",7,5,5,4,2,1,2,6,7,0.486001556593344,"Financial struggles",1,6,5,2,7,"Democrat","Strong",NA,NA,"Democrat | Strong",1,1,68,"woman","White","4yearColl","$20,001-$40,000",2,4,1,0,0,1,0,NA
"JP598hz",66,"I feel left behind financially. I feel like I am barely making it in daily life even working 50 hours a week or more.",3.5,3,5,5,3,4,4,"financial strain, long work hours, low wages, economic inequality",6,2,5,2,1,1,2,4,7,0.587165743635952,"Financial struggles",5,5,4,4,4,"Independent",NA,NA,"Closer to Republican","Independent | Closer to Republican",1,1,35,"man","Hispanic, Latino, or Spanish origin","4yearColl","$40,001-$60,000",3,4,0,1,0,0,1,NA
"EC498ll",20,"I am a woman working in biotech. I wonder if I have been passed over for promotions, or higher salaries.",2.5,5,3,3,3,2,3,"gender bias, promotion barriers, salary disparity",6,1,4,4,1,4,2,3,4,0.551004624416537,"Inequality and disparity",1,6,6,1,6,"Democrat","Strong",NA,NA,"Democrat | Strong",1,1,55,"woman","White","4yearColl","Over $200,000",11,4,1,0,0,1,0,NA
"BH576qo",80,"I feel left behind in the sense that I don't think my voice or vision for a better, more inclusive country is being heard. Instead, we are all being held hostage by a very vocal minority who seem to be fueled by fear and hatred. Many Americans are living shorter, more miserable lives because of bad policies and economic inequality.",1,7,2,1,1,1,4,"economic inequality, bad policies, vocal minority, fear, hatred",6,4,4,4,2,2,2,5,4,0.478162898477182,"Inequality and disparity",1,6,7,2,7,"Independent",NA,NA,"Closer to Democratic","Independent | Closer to Democratic",1,1,45,"woman","White","4yearColl","$120,001-$140,000",7,4,1,0,0,0,1,NA
"WL727ym",0,"I do not feel left behind at all. We are very financially well off and live extremely comfortably. This is the result of our focus on education and hard work. Neither my husband and I come from wealth, comfortable families so this result came directly from our efforts.",7,7,1,1,7,7,1,"financial stability, education focus, hard work",5,1,1,1,1,1,1,3,2,0.52118430261106,"Personal growth",7,1,1,4,1,"Republican",NA,"Strong",NA,"Republican | Strong",1,1,69,"woman","White","PHD","Over $200,000",11,6,1,0,1,0,0,NA
"WF691up",20,"I feel like I was left behind in obtaining financial understanding of how to navigate HSA and FSA as well as some stock investment information I believe this should be a required class taught in high school so kids can understand before they get into the workforce about truly investing and saving for their future",6.5,4,4,4,7,6,4,"financial literacy, investment knowledge, education gaps, workforce preparation",6,2,3,2,1,1,3,4,2,0.464898503537899,"Personal growth",6,2,1,3,3,"Independent",NA,NA,"Closer to Republican","Independent | Closer to Republican",1,1,52,"man","White","4yearColl","$100,001-$120,000",6,4,1,1,0,0,1,"Have a wonderful stress free day"
"JU287wd",7,"I only work part time. I have a master's degree and could really accomplish more than I currently am accomplishing. But I dont necessarily have a goal of success in a career so maybe I am left behind other people",2.5,3,3,5,2,3,3,"part time work, career goals, education mismatch",4,1,3,2,1,2,2,3,3,0.589713477647176,"Career opportunities",3,5,3,NA,5,"Democrat","Strong",NA,NA,"Democrat | Strong",1,1,49,"woman","White","MA","$100,001-$120,000",6,5,1,0,0,1,0,NA
"YN547hw",0,"I do not feel left behind in any way in either issue, i feel updated and very aware of what is happening around me or of anything that I am part of or involved in any way",6,7,6,1,5,7,1,"none",4,1,1,1,1,1,1,1,2,0.406283511129927,"Personal growth",7,1,1,1,2,"Republican",NA,"Strong",NA,"Republican | Strong",1,1,32,"woman","Black or African American","MA","$40,001-$60,000",3,5,0,0,1,0,0,NA
"UA664vx",80,"I feel left behind because of my health issues that have gradually worsened for almost 19 years. I can't advance at anything in life because of my health. I feel like almost 20 years of my life has been stolen from me that I can never get back. Everyone else can move around with no problems, work jobs, make money, provide for themselves, take care of themselves...everyone except me. It's very degrading and humbling for me to be in this position. And, I have no way to get out of this situation. I've tried. So yes. I do feel left behind. Left behind by life. I feel like a ghost of my former self.",6,4,4,4,7,5,5,"health issues, career stagnation, financial struggles, social isolation, lost time, mobility limitations",2,1,2,1,1,1,2,6,5,0.561504564150574,"Health limitations",5,1,1,6,1,"Independent",NA,NA,"Neither","Independent | Neither",1,1,53,"woman","Black or African American","GED","$60,001-$80,000",4,2,0,0,0,0,1,"none"
"NK069kk",45,"I feel left behind in areas where i dont get access in my career, because of my gender and race. In some careers its much harder to get a chance because of gender, but I believe in that maybe you get to learn to be brave and explore more options, sometimes thats like life is challenging you to be better , so when you have those barrier you research more, you look at different strategies and you find people that will support this endeavor.",5,1,3,7,3,7,4,"career access, gender bias, racial bias, limited opportunities, support networks",6,2,2,5,3,4,2,5,4,0.506278559170377,"Inequality and disparity",4,1,1,1,3,"Republican",NA,"Strong",NA,"Republican | Strong",1,1,44,"woman","Black or African American","2yearColl","$0-$20,000",1,3,0,0,1,0,0,NA
"GN277uy",60,"Sometimes I just feel like I'm cut off from my friends and my family because of choices that I've made so it makes me feel like I'm being left out. They don't really communicate with me that much anymore so it's difficult to deal with.",2,4,2,4,3,1,3,"social isolation, communication gaps, personal choices",2,1,1,3,1,1,2,3,8,0.533442273895964,"Lack of opportunities",4,4,4,4,4,"Democrat","Not very strong",NA,NA,"Democrat | Not very strong",1,1,42,"woman","multiracial","2yearColl","$0-$20,000",1,3,0,0,0,1,0,NA
"VJ096up",0,"I sometimes feel left out because of how quickly technology and opportunities are moving forward. it feels like new skills, platforms and systems are advancing so fast that keeping up requires more time and resource than i realistically have",6,2,6,6,6,6,4,"technology advancement, skill gaps, time constraints, resource limitations",6,1,3,2,1,1,3,4,5,0.527962103334466,"Health limitations",7,3,NA,NA,7,"Republican",NA,"Strong",NA,"Republican | Strong",1,1,25,"woman","White","4yearColl","$60,001-$80,000",4,4,1,0,1,0,0,"no comment"
"OQ247kv",90,"I feel left behind because i am financially unstable therefore it makes it diffifult to travel, see my family or do things i like",3.5,5,5,3,2,5,4,"financial instability, limited travel, family distance, restricted activities",5,1,5,2,1,1,2,4,5,0.541115843664094,"Health limitations",4,3,5,5,2,"Independent",NA,NA,"Closer to Democratic","Independent | Closer to Democratic",1,1,28,"woman","White","GED","$60,001-$80,000",4,2,1,0,0,0,1,NA
"GC867fi",23,"I may feel left behind as a military spouse and being a stay at home mom. I haven’t had a full time job for 10 years and it puts me behind with a career in the near future. At my age, there are many people who have a full-time established career and I haven’t even started one. This makes me feel left behind and wanting to play catch up with a degree.",7,1,7,7,7,7,4,"career gap, stay at home, military spouse, age concerns, education delay",5,3,3,3,1,4,4,5,10,0.485175436982876,"Generational differences",7,1,1,1,1,"Republican",NA,"Not very strong",NA,"Republican | Not very strong",1,1,41,"woman","White","4yearColl","$180,001-$200,000",10,4,1,0,1,0,0,NA
"GK831qg",51,"I feel like i am not doing enough career wise. I am almost 30 and i still don’t have a right job which can help me to retire. I want a job where i can make enough money",5.5,3,5,5,6,5,4,"career stagnation, financial insecurity, age pressure",5,1,4,2,1,2,4,3,7,0.499608519848436,"Financial struggles",3,3,4,3,3,"Democrat","Not very strong",NA,NA,"Democrat | Not very strong",1,1,29,"woman","Asian","4yearColl","$100,001-$120,000",6,4,0,0,0,1,0,NA
"OX245qr",55,"I feel left behind due to not accomplishing all my goals I want to in my life. The factors is not making what I think I should and up in my career in the place I should.",7,1,4,7,7,7,3,"career stagnation, unmet goals, financial concerns",4,1,4,2,1,1,3,3,8,0.543940924036719,"Lack of opportunities",4,2,3,2,4,"Republican",NA,"Strong",NA,"Republican | Strong",1,1,47,"woman","White","2yearColl","$40,001-$60,000",3,3,1,0,1,0,0,NA
"IZ416xc",10,"I feel left behind regarding some aspects of my childhood. I feel my parents gave preferential treatment to my sister because she of the decisions she chose to make, whereas I always took care of myself and dealt with my own problems.",3.5,3,6,5,5,2,3,"sibling favoritism, self-reliance, parental neglect",2,1,1,2,1,3,2,3,1,0.50510483739526,"Family responsibilities",1,6,3,1,5,"Democrat","Not very strong",NA,NA,"Democrat | Not very strong",1,1,56,"woman","White","4yearColl","$100,001-$120,000",6,4,1,0,0,1,0,NA
"TV180vw",19,"When I reflect on the idea of being ""left behind"", a few areas come to mind where I sometimes feel that way. Those areas in technology and skills, career and recognition, personal growth and balance. Part of the challenge is that measure myself against external markers like what others are doing, how fast trends move, or what milestones I ""should"" have hit by now. That comparison makes small gaps feel like large failures. Even when I know I'm on my own path, the feeling of being behind still creeps in because there's always something or someone to measure against.",4,4,4,4,4,4,3,"technology skills, career recognition, personal growth, external comparison, fast trends, milestone pressure",5,1,2,3,1,1,3,6,2,0.523860801893124,"Personal growth",5,3,2,6,1,"Independent",NA,NA,"Neither","Independent | Neither",1,1,39,"man","White","4yearColl","$100,001-$120,000",6,4,1,1,0,0,1,NA
"AL472lu",19,"I sometimes feel left behind when I see how quickly technology and new skills are advancing, and I can’t always keep pace. Career-wise, I notice peers moving ahead faster, which can make me question if I’m doing enough. Socially, I also feel a bit behind when others reach milestones like buying homes or starting families while I’m still catching up in my own way.",1,5,5,3,1,1,4,"technology advancement, career progression, social milestones, skill gaps",5,1,3,2,1,2,3,4,2,0.537320359056245,"Personal growth",7,6,6,5,7,"Democrat","Strong",NA,NA,"Democrat | Strong",1,1,36,"man","White","GED","$0-$20,000",1,2,1,1,0,1,0,NA
"HI148ej",10,"Generally speaking, I don't feel too left behind. However, I am 55 now, and both my sons are grown. Sometimes I feel a bit left behind when they start talking about some pop culture item or some technology advancement that I'm not aware of. They are also more up to date in sports than I am. But even so, I catch up pretty quickly and don't feel too left behind.",6,3,4,5,7,5,2,"pop culture, technology advancement, sports knowledge",2,1,1,3,1,1,3,3,6,0.506029585887465,"Technology change",6,1,1,3,1,"Republican",NA,"Strong",NA,"Republican | Strong",1,1,55,"man","White","4yearColl","Over $200,000",11,4,1,1,1,0,0,NA
"PI748uv",100,"My life has become horrible. I just went through a brutal divorce. I have been a stay at home parent/husband for 13 1/2 years. I'm also a transman (female to male). I put in SO much hard work for my ex wife and our 4 adopted children over the years. I did everything for them while my ex wife did nothing but bring home money. She never participated in their lives and left everything up to me. I am unable to work outside the home and my health has taken a huge hit from the years of keeping up with our 4 children. My ex wife during the custody battle decided to force my children to make false accusations against me. And why? For money, revenge, and self preservation. She wanted/demanded in the beginning of the divorce that I take the kids half of the time...that was until she found out that she'd have to share their adoption subsidy money with me. That's when she decided she wanted full custody. My children needed therapy from the time they were born. And from the time they were born, I took them to the best therapists in our city and I participated in their therapies. When I left, my ex wife decided to bring in a 2 star therapy center to give them ""group therapy"" at school. She did this to make it easier on herself, even though I was willing to take them to all of their 5 start therapies that I spent hours researching. She simply wanted to prove to the courts that she was able to give them their therapy. I spoke with a few highly rated therapists who said she was not doing what was best for the children and that they needed individual therapy in a private office setting. Not therapists being sent to their school. My ex wife's mother was paying for her attorney. I had to max out a $10,000 credit card to pay for my attorney and my ex wife ended up bleeding me dry financially from divorce costs. I feel this was her plan. My kids were telling me she was being inappropriate and saying inappropriate things to them. They said they do not want to live with her. My attorney advised me not to call CPS and to wait and let our divorce judge know what was happening when court came around. My ex wife found out what the kids were saying about her and that's when she forced them to falsely accuse me of things to CPS - throwing me under the bus to save herself and for money. Between the money she gets for them monthly and the child tax credits, she brings in $47,000/yr. That doesn't include her own income from her job. She had a $47,000/yr motive to take me down. I have no home, I have no job, my credit card company is suing me for the $10,000, and I was arrested and have been falsely charged with child abuse. Because I'm transgender, I suffered the week I was in jail due to the conditions and how they treated me. Luckily, my cousin was able to bail me out. I will not go back to jail. I am suffering all these things after spending 13 1/2 years as an incredible father and loyal husband. I live in a state that sides with women. Our justice system is horribly flawed. They think they are doing God's work but they are doing just the opposite. God would NEVER do to anyone the things that have been done to me. They are feeding into the system. My children will be so messed up because of her and our ""justice"" system. Either they will end up in the system, pregnant before they're 18, in jail, or all the above. There are so many people sitting in jail. How many are like me who are really good people? Spending tax payers dollars to put innocent people in jail because the system sided with a narcissistic, greedy, vindictive, self serving woman who uses her kids as pawns and for financial gain and revenge. Is this what we have become?",1,7,4,1,1,1,5,"divorce, financial strain, false accusations, health issues, job loss, legal system bias, housing instability, transgender discrimination, parental alienation, mental health impact",7,4,4,4,2,5,2,10,5,0.470053760859312,"Health limitations",1,6,6,6,6,"Independent",NA,NA,"Closer to Democratic","Independent | Closer to Democratic",1,1,45,"man","White","GED","$0-$20,000",1,2,1,1,0,0,1,NA
"RA889ld",60,"I sometimes feel left behind because others seem to move ahead in their careers faster than I do. Seeing them reach new roles while I’m still catching up is discouraging. I also regret missed chances and struggle to keep up with how fast things change.",7,2,2,6,7,7,4,"career stagnation, missed opportunities, rapid change",5,1,3,2,1,2,2,3,8,0.55369458164531,"Lack of opportunities",7,1,1,1,1,"Republican",NA,"Strong",NA,"Republican | Strong",1,1,40,"woman","White","4yearColl","$120,001-$140,000",7,4,1,0,1,0,0,NA
"GV609ch",61,"In this country, rich people get richer, and poor people can't get out of their financial situation. Many times, poor people get left behind and not looked at.",3.5,3,4,5,2,5,4,"income inequality, financial barriers, social neglect",7,3,5,4,1,1,1,3,4,0.568613176953571,"Inequality and disparity",4,4,NA,NA,NA,"Democrat","Not very strong",NA,NA,"Democrat | Not very strong",1,1,51,"woman","Asian","4yearColl","$80,001-$100,000",5,4,0,0,0,1,0,NA
"YY734mv",36,"I don’t generally feel left behind. However, as I’ve gotten older, I occasionally feel this way. Increasingly feel like my opinions don’t count as much as they used to – particularly when it comes to purchasing and consumer matters. Overall, I really can’t complain about my status too much.",3,3,5,5,4,2,2,"age, consumer influence",5,1,3,3,1,2,4,2,10,0.459865367947839,"Generational differences",1,6,5,3,6,"Independent",NA,NA,"Closer to Democratic","Independent | Closer to Democratic",1,1,51,"man","White","MA","Over $200,000",11,5,1,1,0,0,1,NA
"WN777qv",9,"I might feel left behind when the government does not do what it was elected to do, since it is the American people who elected them in office. I personally have felt left behind when the US president decided to cut funding dealing with health to countries that cannot afford to buy medicine",1,1,4,7,1,1,3,"government inaction, funding cuts, healthcare access",6,5,3,4,1,1,1,3,5,0.482964980975841,"Health limitations",1,7,7,7,7,"Democrat","Strong",NA,NA,"Democrat | Strong",1,1,65,"woman","White","MA","$160,001-$180,000",9,5,1,0,0,1,0,"the survey was interactive"
"OI259em",62,"i feel left behind due to limited opportunities, rising costs and social, and social changes that make it harder to keep up with others' progress and success.",4.5,3,6,5,5,4,4,"limited opportunities, rising costs, social changes",6,2,4,3,1,2,3,3,7,0.5493157776095,"Financial struggles",5,4,6,4,4,"Democrat","Not very strong",NA,NA,"Democrat | Not very strong",1,1,49,"woman","Black or African American","MA","$60,001-$80,000",4,5,0,0,0,1,0,NA
"RW357ue",20,"I feel left behind career wise. I have 3 degrees, but they are in fields where it is hard to climb the ladder and it is frustrating. I would love to be able to move up instead of staying stagnant in my career.",1.5,4,4,4,2,1,4,"career stagnation, limited advancement, field saturation",5,1,3,2,1,1,2,3,8,0.495624263138129,"Lack of opportunities",2,5,5,4,5,"Democrat","Not very strong",NA,NA,"Democrat | Not very strong",1,1,35,"woman","White","MA","$140,001-$160,000",8,5,1,0,0,1,0,NA
"ZM262eq",40,"I just feel the middle class is in the worst of all of the situations. Working to pay for everyone else. Working to pay for those who don't work or make very little and working for the big CEO's so they can make their millions. Taxes are high, gas is high, groceries are high, but the middle class taxes just keep going up as does everything else and we get NO help.",4,6,2,2,3,5,4,"high taxes, rising costs, no assistance, economic inequality, middle class burden",6,4,5,3,1,1,2,5,7,0.571724760958572,"Financial struggles",5,1,4,5,4,"Republican",NA,"Not very strong",NA,"Republican | Not very strong",1,1,43,"woman","White","GED","Over $200,000",11,2,1,0,1,0,0,NA
"EU433yx",0,"I have been very blessed in my life and cannot say that I have ever felt left behind, but like I said I have been lucky to have what I have. I have always felt like I have been underpaid at every job I have had, so that is really my only complaint",6.5,5,6,3,6,7,2,"underpaid",5,1,4,2,1,2,2,1,7,0.513832717780754,"Financial struggles",7,1,1,1,1,"Republican",NA,"Strong",NA,"Republican | Strong",1,1,51,"man","White","GED","$20,001-$40,000",2,2,1,1,1,0,0,"MAGA ! Thank you for the time"
"CG393bx",40,"I feel that I feel somewhat left behind in the development of a family and stable foundation. I have a few friends with real estate and families while I still rent and am dating. While I am ahead of quite a few people as well this is one area that I feel left behind.",4.5,2,4,6,5,4,3,"family development, real estate ownership, stable foundation, relationship status",5,1,3,3,1,2,3,4,1,0.459349152375271,"Family responsibilities",2,2,1,3,1,"Independent",NA,NA,"Neither","Independent | Neither",1,1,28,"man","White","4yearColl","$80,001-$100,000",5,4,1,1,0,0,1,NA
"VG376zq",69,"I feel left behind because of my childhood mostly. I experienced abandonment at an early age. The feelings have only compounded over time. I feel distant from people and somewhat isolated.",2,3,1,5,1,3,3,"childhood trauma, abandonment, emotional distance, isolation",3,1,1,3,1,1,2,4,8,0.478602436727182,"Lack of opportunities",5,5,4,4,4,"Democrat","Not very strong",NA,NA,"Democrat | Not very strong",1,1,33,"man","White","GED","$60,001-$80,000",4,2,1,1,0,1,0,NA
"BL279yh",69,"What came to mind was financial stability. I feel more behind than my parents because it is more difficult to get ahead, especially when it comes to things like buying a home.",1.5,5,4,3,2,1,4,"financial stability, housing costs",6,2,5,2,1,1,3,2,7,0.638781669870878,"Financial struggles",1,7,4,3,7,"Democrat","Strong",NA,NA,"Democrat | Strong",1,1,34,"woman","White","MA","$60,001-$80,000",4,5,1,0,0,1,0,NA
"IW499fz",8,"For the most part i do not feel left behind. If i had to pick one area where i might feel left behind, it would be in respect to social connections. I have not had very strong social connections, or as strong as i'd expect, with people in the US. Especially as if i compared it to people from other countries. I think in this day and age, with society in the US, social connections are harder to come by as folks are engrossed in their phones and social media. This phenomenon isnt as strong or as prominent, in other countries. At least that is the current observation, and may change as time goes.",5,4,4,4,6,4,2,"social connections, cultural differences, technology impact",5,1,1,4,2,1,2,3,9,0.512740920191844,"Social and political issues",5,4,1,1,4,"Independent",NA,NA,"Closer to Republican","Independent | Closer to Republican",1,1,44,"man","Asian","MA","$60,001-$80,000",4,5,0,1,0,0,1,NA
"QD492xm",90,"I am unemployed currently and it's been very difficult to find a job. I feel like there's little help in doing so. I feel like the government is turning a blind eye to unemployment and likely massaging the numbers to make them look better than they are. For example, I don't count towards the unemployed figure because I am not collecting unemployment insurance, which makes me feel even more invisible. Beyond that, once I do get a job, I am still going to be working class, which has been more and more left behind in American society thanks to stagnant wages, the already meager social safety net being curtailed, unaffordable healthcare, etc.",1.5,7,4,1,1,2,5,"unemployment, lack of support, government inaction, invisible statistics, stagnant wages, weak safety net, unaffordable healthcare",7,4,5,4,1,1,2,7,8,0.488098258883872,"Lack of opportunities",1,6,4,1,6,"Democrat","Strong",NA,NA,"Democrat | Strong",1,1,32,"man","White","GED","$0-$20,000",1,2,1,1,0,1,0,"N/A"
"JD412gi",1,"I do not feel left behind. I have a relationship with Christ, then i have a wonderful husband and a son with a granddaughter. I have a great job and life is going great",5.5,3,3,5,4,7,1,"no feelings of being left out",5,1,1,1,1,2,1,1,8,0.536832284456836,"Lack of opportunities",7,1,1,1,6,"Republican",NA,"Strong",NA,"Republican | Strong",1,1,64,"woman","White","GED","$100,001-$120,000",6,2,1,0,1,0,0,"i enjoyed this study :)"
"KG807um",38,"Because I am in a lot fo debt and got kicked out of my house and have to save up to try and get my own place again.",5,4,5,4,5,5,5,"financial debt, housing instability, saving challenges",6,1,5,2,1,1,2,3,7,0.498047671589983,"Financial struggles",5,4,5,5,3,"Independent",NA,NA,"Neither","Independent | Neither",1,1,29,"man","White","GED","$20,001-$40,000",2,2,1,1,0,0,1,NA
"SB461he",20,"i have not felt left behind in anyway because i am always up to date and i keep a good record of things around me.",4,7,4,1,1,7,1,"no factors identified",1,1,1,1,1,1,1,1,5,0.460255807257832,"Health limitations",4,5,5,4,NA,"Democrat","Strong",NA,NA,"Democrat | Strong",1,1,32,"woman","Black or African American","PHD","Over $200,000",11,6,0,0,0,1,0,NA
"AF694lo",58,"Basically I joined a job with a group of newbies. We were all new and supported each other throughout the early time there. Later, they all got promotions and I didn't. While everyone else is a mid level employee, I am still a base level. I feel left behind.",3.5,6,3,2,3,4,4,"lack of promotion, career stagnation, peer advancement",4,1,3,2,1,1,2,3,8,0.552480606163303,"Lack of opportunities",5,2,1,6,2,"Independent",NA,NA,"Neither","Independent | Neither",1,1,28,"man","multiracial","4yearColl","$80,001-$100,000",5,4,0,1,0,0,1,NA
"ZM824bm",60,"I feel left behind because I am not making as much money as I wish I was. I was making a lot more this time last year. Things have changed and it makes me really nervous to think about what might happen in the future if things don't go back. I see other people being successful even in these hard times and it makes me feel left behind.",2.5,7,4,1,1,4,4,"income decrease, financial insecurity, career stagnation, peer comparison",4,1,5,2,1,1,2,4,7,0.541314909097026,"Financial struggles",2,1,1,1,2,"Independent",NA,NA,"Neither","Independent | Neither",1,1,44,"woman","White","2yearColl","$60,001-$80,000",4,3,1,0,0,0,1,"Thanks!"
"CV908rf",65,"I feel a bit left behind because employers do not seem interested in people who have a less traditional background and want people who have had prior experience in what they require for specific tasks. It does not seem like training is valued, and people are close minded if you have a background in physics versus engineering even though physics students have excellent problem solving skills. I am probably too nonconformist for many employers.",5.5,7,2,1,5,6,3,"nontraditional background, lack of experience, training undervalued, close mindedness, nonconformist",6,1,3,2,1,1,2,5,8,0.494143980195644,"Lack of opportunities",7,1,1,5,1,"Republican",NA,"Strong",NA,"Republican | Strong",1,1,46,"man","Asian","4yearColl","$0-$20,000",1,4,0,1,1,0,0,NA
"ED410oh",40,"I feel that many times I am left behind when it comes to technology. Learning new programs at work along with more implementation toward AI takes a lot of patience and diligence and I still have that worry that eventually AI is going to take over my job instead of being a tool to help me assist customers faster.",4.5,6,5,2,2,7,4,"technology changes, ai implementation, job security, learning curve",6,1,3,2,1,1,3,4,6,0.536011747034518,"Technology change",7,1,1,1,4,"Republican",NA,"Strong",NA,"Republican | Strong",1,1,44,"woman","White","2yearColl","$80,001-$100,000",5,3,1,0,1,0,0,NA
"HN026zu",60,"There is too much focus on identity politics in various aspects of American life, and many institutions and companies have over-corrected for any perceived inequalities in the past, and now certain other groups have much less chance of being hired. For instance, being a white male, I would have much less chance of getting hired at a place like UCLA than a woman of color or a woman of color who is LGBTQ. This is just the fact of the matter, whether people will admit it or not.",2,4,4,4,1,3,3,"identity politics, hiring bias, perceived inequalities, over-correction, employment opportunities",6,2,2,4,3,4,2,5,4,0.503214196683661,"Inequality and disparity",2,5,7,3,5,"Democrat","Strong",NA,NA,"Democrat | Strong",1,1,54,"man","White","4yearColl","$40,001-$60,000",3,4,1,1,0,1,0,"No comments."
"AW542vd",100,"because i feel like i am left behind with the way goverment works because it doesnt work for me because i am at the lower end of the spectrum and it doesnt ever do anything to help me",3.5,1,1,7,4,3,4,"government policies, economic inequality, lack of support",7,5,4,4,1,1,1,3,4,0.558418533440658,"Inequality and disparity",2,2,2,2,2,"Republican",NA,"Not very strong",NA,"Republican | Not very strong",1,1,64,"woman","White","GED","$0-$20,000",1,2,1,0,1,0,0,NA
"UE315wy",50,"I guess I feel kind of in the middle because I have had to work my whole life hard to get somewhere. I became a nurse and then once I hurt my back my life has totally changed. I am struggling to survive and I can't work. I feel I can't contribute to my life and cause and I am just stuck.",5.5,6,5,2,4,7,3,"health issues, job loss, financial struggle, career change, feeling stuck",4,2,4,2,1,2,3,5,3,0.527115634660438,"Career opportunities",NA,NA,NA,NA,NA,"Republican",NA,"Not very strong",NA,"Republican | Not very strong",1,1,53,"woman","White","GED","$20,001-$40,000",2,2,1,0,1,0,0,NA
"YE604sc",37,"I feel that everyone has better social lives than me. I am working all the time and find that I have less and less time to devote to social endeavors. I see others my age have more fun with each other as a result. It makes me feel sad and depressed.",4.5,3,4,5,5,4,4,"social isolation, work-life imbalance, lack of time, missing out, peer comparison",4,1,2,3,1,1,4,5,8,0.534005079600006,"Lack of opportunities",5,3,3,5,4,"Republican",NA,"Not very strong",NA,"Republican | Not very strong",1,1,28,"man","White","4yearColl","$60,001-$80,000",4,4,1,1,1,0,0,NA
"JP480eo",25,"I think that it is easy to focus on your own life and dealing with whatever trauma you had from being a child...then one day you look around and see that so many people your age are at totally different stages than you. You realize that you can't get that time back and wonder if you'll ever be able to catch up. This is how I felt for a while. Some may think that I am ahead in some ways like owning a house and getting married, but there are so many aspects. I am definitely living my adult life, but did have to skip over so much of my youth.",4.5,5,5,3,4,5,3,"missed opportunities, youth skipped, different stages, time lost, catching up, personal trauma",4,1,2,3,1,2,4,6,8,0.500075081847968,"Lack of opportunities",5,3,3,3,5,"Independent",NA,NA,"Neither","Independent | Neither",1,1,35,"man","multiracial","2yearColl","$120,001-$140,000",7,3,0,1,0,0,1,NA
"GN948we",26,"I kind of feel left behind when it comes to my mental health among some of my extended family members. I have taken on the role of stay home parent and then had, rather abruptly, the role of caretaker as well as dog sitter thrust on me. My husband does the best he can, but my mother in law, the person who SHOULD be taking care of the elderly woman I am caring for as well as the dog, has written me off as expendable. Her mental health is more important and I have not had even 30 minutes alone in 3 years. I feel I am no longer an individual, there is always someone or something attached to me and invading my space. I just want one hour where I can sit in silence..",5,3,5,5,5,5,4,"mental health, caretaker role, lack of support, no personal time, family expectations",6,1,2,3,1,2,2,5,1,0.494895229171861,"Family responsibilities",3,NA,NA,NA,3,"Independent",NA,NA,"Closer to Republican","Independent | Closer to Republican",1,1,29,"woman","White","4yearColl",NA,NA,4,1,0,0,0,1,NA
"WJ968bm",86,"As a nurse, I worked during covid. It was scary, I gave it my best, risked my family's health, and today everyone mock's covid. It's just a big joke. They even call us nurses murder's for treating people in the hospital with covid. There's no respect for science or doctors, nurses, police officers, lawyers anymore. There is this big call for ""no education"" and ""no college"". So yeah, I don't relate to Americans or the general public anymore. I'm not nice, or kind, and I don't care about other's welfare because they certainly don't care about me or my family. I don't help anyone but myself or my immediate family.",4,3,4,5,4,4,5,"lack of respect, public mockery, no education, no college, disconnection, selfishness, health risks, job stress",6,2,2,4,1,2,2,8,8,0.478463132415801,"Lack of opportunities",3,3,1,5,NA,"Independent",NA,NA,"Neither","Independent | Neither",1,1,30,"woman","White","4yearColl","$80,001-$100,000",5,4,1,0,0,0,1,NA
"CE819nh",66,"My husband fell in love with someone else and asked me for a divorce after being together for 22 years.",4,4,5,4,4,4,5,"relationship changes, emotional distress, life transition, loss of stability",4,1,1,2,1,4,3,4,5,0.490882071651288,"Health limitations",1,1,1,1,1,"Independent",NA,NA,"Closer to Republican","Independent | Closer to Republican",1,1,45,"woman","White","GED","$40,001-$60,000",3,2,1,0,0,0,1,NA
"VN910wa",84,"I feel like people who are like me do not matter. The whole system is built to empower people not like me",1,6,3,2,1,1,5,"systemic bias, lack of representation, economic disparity, educational barriers, social exclusion",7,3,3,4,3,2,1,5,4,0.576243561238272,"Inequality and disparity",2,6,4,6,6,"Independent",NA,NA,"Closer to Democratic","Independent | Closer to Democratic",1,1,36,"woman","multiracial","4yearColl","$60,001-$80,000",4,4,0,0,0,0,1,NA
"QL904qw",91,"Because the billionaires have stolen all the nation's wealth and have bought much of the government and the 99% are screwed especially the working class.",1,7,2,1,1,1,5,"wealth inequality, political influence, economic disparity, working class struggles",7,4,5,3,1,1,1,4,4,0.614683150163054,"Inequality and disparity",1,7,6,1,6,"Democrat","Strong",NA,NA,"Democrat | Strong",1,1,60,"man","Hispanic, Latino, or Spanish origin","GED","$40,001-$60,000",3,2,0,1,0,1,0,NA
"UJ854yk",75,"I feel left behind by always comparing myself to others I see online like on LinkedIn or Instagram. Every time I go on those social media sites I see people's lives which are filled with travels, great accomplishments, starting a new family, and etc. That then makes me look at my life and compare it to them which makes me feel like I am not doing enough in my career or family. It makes me feel bad about myself and then makes me doubt whether I will catch up with them because I am so behind.",6.5,4,5,4,7,6,4,"social media, comparison, career pressure, family expectations, self doubt",2,1,2,4,1,2,2,5,2,0.503471498704994,"Personal growth",6,2,NA,2,5,"Republican",NA,"Strong",NA,"Republican | Strong",1,1,26,"man","White","4yearColl","$40,001-$60,000",3,4,1,1,1,0,0,NA
"LX473nm",75,"I feel as if the political ideals of the country, primarily those within the upper echelons of it and not the more grassroots elements, have become bastardized to fit the agenda of those with Authoritarian ends. I look to the Democrat Party and I see people who are rapidly devolving into a nightmare of discrimination, identity politics, and an evershifting goalpost used to justify violent rhetoric or violence itself. I look to the Republican Party and I see a heavily fractured party of people having a million different ideas of what ""conservatism"" looks like, I see people who are stuck in the past trying to re-ignite social issues for personal reasons, and I see the other half of the reason the country has been on a political backslide essentially. Both parties represent to me the failed ideologies that arose within the US after we ""won"" the Cold War, that being Neoconservatism and Neoliberalism respectively. Both of these ideologies and how they have not only shaped their parties but specifically the Baby Boomer generation have been the architects for some of the worst longterm problems that we face as a nation now, and instead of working to solve some of the problems that are at this point foundational, we instead have the two parties ranting and raving at eachother as their bases become more radicalized to their end of the political spectrum, leaving people who simply want to have a principled opinion in the dust as the rhetoric gets more fiery and the threat of Weimar style political violence gets more and more realized. I guess the best way to put it, even if it's deeply arrogant, is to simply say that sometimes it feels like the American people are the only sane ones in an insane asylum.",4.5,3,2,5,7,2,4,"political polarization, identity politics, failed ideologies, radicalization, political violence, neoconservatism, neoliberalism, fractured parties, social issues, authoritarianism",7,5,2,4,1,1,2,10,9,0.549249125472551,"Social and political issues",3,5,1,6,2,"Independent",NA,NA,"Neither","Independent | Neither",1,1,22,"man","White","GED","$20,001-$40,000",2,2,1,1,0,0,1,"I just want to wish you all a great rest of the day on your end! :D"
"FW773cm",93,"Financially. Finding affordable housing, the cost of it has went up severely because of private equity, etc. buying up homes, they pay cash and outbid everyone and the prices keep going up and the government does nothing about it. Also the government has now went completely fascist and we don't have a country anymore.",1,6,4,2,1,1,4,"housing costs, government inaction, private equity, rising prices, political issues",6,5,5,3,1,1,2,5,7,0.506355052429199,"Financial struggles",1,6,7,1,7,"Independent",NA,NA,"Closer to Democratic","Independent | Closer to Democratic",1,1,58,"woman","White","2yearColl","$40,001-$60,000",3,3,1,0,0,0,1,NA
"OW275jy",50,"i feel left behind sometimes because other seem to advance faster in careers, finances or experiences. i notice gaps in skills opportunities compare my peers",4.5,3,5,5,5,4,3,"career advancement, financial growth, skill gaps, opportunity access, peer comparison",6,1,3,2,1,2,2,5,2,0.527495686179775,"Personal growth",NA,NA,NA,NA,NA,"Independent",NA,NA,"Neither","Independent | Neither",1,1,36,"woman","Asian","4yearColl","$80,001-$100,000",5,4,0,0,0,0,1,NA
"ON867gu",24,"It is vague, however, all of my direct relatives are now dead, and whoever is left here has moved on and left me behind. Outside of that, I feel as if I am going forward and not so left behind at all.",5,2,6,6,4,6,2,"loss of family, isolation, moving on",5,1,1,3,1,1,3,3,8,0.493326140625727,"Lack of opportunities",7,1,1,1,2,"Republican",NA,"Strong",NA,"Republican | Strong",1,1,51,"man","White","4yearColl","$120,001-$140,000",7,4,1,1,1,0,0,"None, thank you."
"CC844xw",0,"I guess I feel a little left behind because most people I know have stable careers and are doing well for themselves. I went through a major burnout a few years ago and have been struggling ever since. Once I finish the computer science bachelor's degree I'm pursuing, I hope to find a stable, well-paying job.",2,5,3,3,3,1,3,"career instability, burnout recovery, education delay",4,1,4,2,1,1,3,3,3,0.529836831842889,"Career opportunities",1,7,6,1,7,"Democrat","Strong",NA,NA,"Democrat | Strong",1,1,46,"woman","White","4yearColl","$20,001-$40,000",2,4,1,0,0,1,0,NA
"HM710eb",76,"One of the most common reasons people feel left behind is economic. Jobs that used to provide stability factory work, mining, small business ownership, family farming have disappeared or changed due to globalization automation and policy shifts.",5,3,5,5,4,6,4,"economic changes, job loss, globalization, automation, policy shifts",6,3,5,3,1,1,2,5,9,0.525599247514183,"Social and political issues",5,5,5,4,4,"Republican",NA,"Strong",NA,"Republican | Strong",1,1,32,"man","White","4yearColl","$20,001-$40,000",2,4,1,1,1,0,0,NA
"PJ079fd",30,"I am a relatively new home owner (3 years now) and am finding it really hard to afford my mortgage payments. I am a pharmacist and wife is a nurse but we still struggle to make ends meet. So I think when I compare myself to others I feel left behind in that regard.",1.5,5,5,3,2,1,3,"housing costs, financial stress, career stagnation, income disparity",5,2,5,2,1,2,2,4,7,0.592380249324938,"Financial struggles",3,7,6,5,3,"Democrat","Not very strong",NA,NA,"Democrat | Not very strong",1,1,36,"man","Hispanic, Latino, or Spanish origin","PHD","Over $200,000",11,6,0,1,0,1,0,NA
"ZE908xd",91,"I feel left behind because I can't afford to do even the normal things in life, like living alone or having kids. Everything costs too much and we can't do anything. The gap between the rich and poor is insane!",1,7,1,1,1,1,4,"housing costs, income inequality, high expenses, financial instability",6,3,5,4,1,1,2,4,7,0.63511995685248,"Financial struggles",5,6,4,6,4,"Independent",NA,NA,"Neither","Independent | Neither",1,1,37,"woman","White","2yearColl","$0-$20,000",1,3,1,0,0,0,1,"This was a very interesting survey"
"WH113lm",85,"At family gatherings , I often feel ignored when relatives share stories or jokes ,leaving me out .",6,2,6,6,6,6,2,"social exclusion, communication gap, lack of connection",4,1,1,3,1,2,2,3,8,0.610702438953,"Lack of opportunities",4,4,4,5,5,"Republican",NA,"Strong",NA,"Republican | Strong",1,1,35,"man","White","MA","$140,001-$160,000",8,5,1,1,1,0,0,NA
"TJ448wr",80,"I am left behind by choice. I do not really care to keep up in any form or fashion. I live my life doing what I want when I want as best I can with as minimal connection to societal norms as needed to sustain a dwelling and food for myself. Other than that I don't have any ambition to follow along or stay up on everything humans are up to. If I could sit in nature all day and not even encounter ""society"" I would prefer it. As of now I maintain a job to keep just enough funds to rent a small place and eat my simple 2 meals a day. The rest of my time I spend time in solitude, creating art and music, reading and learning, meditating, and enjoying nature wherever I can. I'm not a huge fan of human interaction on most days.",4,7,1,1,7,1,1,"personal choice, minimalism, nature preference, solitude, art focus, limited ambition",5,1,2,2,1,1,1,6,2,0.478560664746319,"Personal growth",1,1,1,7,1,"Independent",NA,NA,"Neither","Independent | Neither",1,1,41,"man","Black or African American","GED","$20,001-$40,000",2,2,0,1,0,0,1,"I enjoyed the study. Wishing you and your team continued success in your research!"
"JN278wa",10,"For me I am not that far much left be hind but I can not lack few things that I feel I need to adjust to reach to others the ones I see they are very far than me. One of the things I feel being left behind is the acceptance of some new technology, either by I can not afford it or I do not know how to interact with it. Also lifestyle I do see some peoples lifestyle are very far away from mine and I feel left behind in that area.",5,1,7,7,3,7,3,"technology access, financial constraints, lifestyle differences",5,1,4,3,1,1,3,3,5,0.51559234593114,"Health limitations",7,1,3,3,7,"Republican",NA,"Strong",NA,"Republican | Strong",1,1,33,"woman","White","4yearColl","$40,001-$60,000",3,4,1,0,1,0,0,"No comment, thank you."
"LB814px",62,"While I'm a top performer in my long-time career of programming, it appears many decision-makers excluye me from opportunities because of my advanced age.",3.5,3,4,5,5,2,3,"age discrimination, career stagnation, missed opportunities",6,1,3,3,1,1,5,3,8,0.552388518139621,"Lack of opportunities",NA,NA,3,3,NA,"Independent",NA,NA,"Neither","Independent | Neither",1,1,69,"man","White","MA","$120,001-$140,000",7,5,1,1,0,0,1,NA
"AO112kq",0,"I do not feel like I am left behind. I have my parents with me every single day and they make sure to make me feel included in everything they do. So, there is no point in life where I feel left behind.",4,4,4,4,4,4,1,"family support",1,1,1,1,1,1,1,1,1,0.704347724538782,"Family responsibilities",3,3,3,3,3,"Independent",NA,NA,"Neither","Independent | Neither",1,1,26,"man","multiracial","4yearColl","$60,001-$80,000",4,4,0,1,0,0,1,NA
"GJ204hx",20,"I am starting to feel somewhat left behind because the cost of things is going up so much and I am now on a fixed income due to retirement. I also feel like with AI becoming such a big part of life, that I am becoming technologically left behind. I am also worried that future generations are going to have a much tougher time getting ahead.",3.5,3,4,5,4,3,3,"rising costs, fixed income, technological change, future uncertainty",6,2,3,3,1,2,3,4,7,0.537992214300432,"Financial struggles",2,6,3,4,4,"Democrat","Strong",NA,NA,"Democrat | Strong",1,1,57,"woman","White","4yearColl","$60,001-$80,000",4,4,1,0,0,1,0,"No comments."
"QO636sb",28,"I feel like I don’t have as much financial Freemason as others in this country. When someone fights for financial equality and suddenly they’re in with the big guys they just forget about us.",5,4,4,4,5,5,3,"financial inequality, lack of support, economic disparity",6,3,5,3,2,1,2,3,4,0.685651270266201,"Inequality and disparity",5,1,1,NA,2,"Republican",NA,"Not very strong",NA,"Republican | Not very strong",1,1,26,"man","White","GED","$40,001-$60,000",3,2,1,1,1,0,0,NA
"MR969ki",70,"Mostly i feel behind in career goals and other ""adult"" accomplishments. My husband and i are still trying to find our way. We don't plan to have kids, we want to own our own business, but it's harder than it looks, we haven't been able to buy a house yet. It's just an overall sense of feeling less accomplished than my friends",1.5,3,4,5,2,1,4,"career goals, adult accomplishments, business challenges, home ownership, peer comparison",5,1,4,2,1,2,3,5,2,0.520839942175713,"Personal growth",2,4,NA,NA,5,"Independent",NA,NA,"Closer to Democratic","Independent | Closer to Democratic",1,1,29,"woman","White","GED","$20,001-$40,000",2,2,1,0,0,0,1,NA
"ER032la",63,"I feel that I should have completed more stuff for my age. I feel that I finished college later than most. That was because I did not know what to do with my life. I feel that I shouldve had more savings.",4,3,5,5,4,4,3,"late graduation, career uncertainty, financial insecurity",2,1,3,2,1,1,5,3,7,0.528210778838614,"Financial struggles",3,3,5,4,5,"Democrat","Not very strong",NA,NA,"Democrat | Not very strong",1,1,33,"woman","Hispanic, Latino, or Spanish origin","4yearColl","$60,001-$80,000",4,4,0,0,0,1,0,"None"
"HD873lf",71,"i feel that i i didn't start college early enough. My friends from high school went to the university immediately after completion. That's how i feel a little left behind.",3.5,2,4,6,4,3,3,"late college start, peer comparison",4,1,2,2,1,1,3,2,2,0.436772496498955,"Personal growth",3,3,5,3,5,"Republican",NA,"Strong",NA,"Republican | Strong",1,1,29,"man","Black or African American","4yearColl","$40,001-$60,000",3,4,0,1,1,0,0,NA
"CR333ku",65,"I don't really feel left behind. Maybe if I have to pick one area that I feel left behind it would be in having a pensionable income. After having to give up full time work years ago I feel like this is something that I'm very behind on and worry about my future as an older adult.",4,3,3,5,3,5,2,"pensionable income",5,3,4,2,1,2,4,1,7,0.486097612787219,"Financial struggles",3,5,6,5,5,"Independent",NA,NA,"Closer to Republican","Independent | Closer to Republican",1,1,55,"woman","White","MA","$180,001-$200,000",10,5,1,0,0,0,1,NA
"FF285bj",23,"The only area of feel left behind is the truth about what is really going on politically. I feel most of the time we are not being told the whole truth about anything. The media throws issues in our face to hide other issues that are happening or they are trying to cover up. The media also does a good job of keeping us divided as a society. They fuel the fire to keep us divided and weak. If we all unite as citizens, then we will have more power take a stand to our government and elites that run and ruin our country.",7,1,2,7,7,7,3,"political misinformation, media bias, social division, lack of transparency",6,5,1,4,1,1,1,4,9,0.520462203237739,"Social and political issues",7,1,1,7,1,"Republican",NA,"Strong",NA,"Republican | Strong",1,1,40,"woman","White","4yearColl","$120,001-$140,000",7,4,1,0,1,0,0,NA
"PA284xc",100,"I have struggled throughout my life. I freely give my time and energy to help family and friends but don't receive the same in return when I need help. I was diagnosed with ADHD at the age of 40 and have struggled to build a stable life. When I ask for help as an adult, people are less likely to follow through.",2,7,6,1,1,3,4,"lack of support, adhd diagnosis, late diagnosis, reciprocity issues, adult challenges",5,1,2,2,1,2,3,5,5,0.503950283043864,"Health limitations",1,5,5,1,5,"Democrat","Not very strong",NA,NA,"Democrat | Not very strong",1,1,45,"woman","White","4yearColl","$60,001-$80,000",4,4,1,0,0,1,0,"Thank you!"
"NU938lf",35,"Of course, this is a very vague thing, being ""left behind."" I suppose that could come down to several factors, most of it having to do with feeling that life hasn't been what you expected it to be. But does that have to do with financial status? Social status? Personal affirmation? It's hard to say. For me, I feel that I have a robust social life, with many friends of many backgrounds. I have a rich family life, full of laughter and love. I have meaningful spiritual life that nourishes my soul daily. So, in general, I don't feel ""left behind,"" yet there is always that nagging feeling that, despite all I've accomplished, I could've done more by this point. I could've published my book. I could've produced more music. I could've joined a touring band. I could've traveled around the globe. I could've become a performer. I could've become a lawyer, or a doctor. I could be much more rich. I could have way more friends. I could've done way more good things for the world. But it's all conjecture. It's all a fruitless thought experiment with little bearing in reality. I choose to stay here, in the present, right where I am with what I'm doing and feeling now. And when I realize that my destiny is in the hands of God, and my only job is to be faithful with what He's given me, then I don't feel left behind. Feeling left behind means looking back with regret; feeling prideful means looking ahead with lustful ambition; feeling hopeful means being faithful in the here and now.",4.5,2,2,6,5,4,1,"unmet expectations, career aspirations, financial status, personal achievements, travel opportunities, creative pursuits, professional success, social comparison",4,1,2,2,1,1,2,8,2,0.549681804731602,"Personal growth",5,3,2,5,2,"No preference",NA,NA,"Neither","Independent | Neither",1,1,35,"man","White","4yearColl","$40,001-$60,000",3,4,1,1,0,0,0,"Thanks for giving me an outlet for my creative writing."
"QG162ia",75,"I feel like, alongside many people in my age group, that we have done everything right and yet cannot reap the same benefits that our parents and their parents did with far fewer resources. My father dropped out of college and my mother didn't even graduate high school, yet they were able to give me and my siblings a relatively middle class upbringing. Meanwhile, I graduated from college at the top 5% of my class, studied and worked abroad, and the only work I can find in the past 2 years has been for minimum wage and there is no chance I can move out to my own apartment, let alone ever see myself owning a house one day. I feel that my generation is late to the American dream that others are having, and that I will never catch up. On top of that, it seems that the country itself is not sympathetic, the news and politicians call us lazy or pass the buck by putting the blame on things like immigration. I feel left out of my own country, and felt more at home in a place that doesn't even speak my language just because the healthcare and cost of living is actually feasible to comfortably pay with a single salary and one job.",2.5,5,4,3,2,3,5,"housing costs, job market, wage stagnation, american dream, political blame, immigration issues, healthcare access, cost of living",6,3,5,4,1,1,4,8,7,0.481278440467847,"Financial struggles",3,5,4,3,5,"Independent",NA,NA,"Closer to Democratic","Independent | Closer to Democratic",1,1,27,"man","multiracial","4yearColl","$80,001-$100,000",5,4,0,1,0,0,1,"Sorry if I went overboard on the reasoning!"
"SX088sg",40,"I feel left behind in my tance of taying neutral and open to all converation and others views. Staying independent is difficult when the left views are becoming entrenched, closed to cooperation resolve and respect, causing the right to harden their initiatives, with no meeting of the minds converssations offered. It is a stalemate.",5.5,4,7,4,6,5,3,"political polarization, lack of dialogue, entrenched views, stalemate, closed cooperation",6,3,2,3,1,1,2,5,9,0.460281443228611,"Social and political issues",6,2,1,2,2,"Independent",NA,NA,"Closer to Republican","Independent | Closer to Republican",1,1,73,"woman","White","2yearColl","$40,001-$60,000",3,3,1,0,0,0,1,NA
"QP040wj",41,"I am now 61 years old. I feel old. I work with coworkers that are younger than me. They even address me as Miss Lynn. I fell out of the loop. I do not recognize the actors and music they prefer.",6,1,5,7,5,7,3,"age difference, workplace dynamics, cultural disconnect",5,1,1,3,1,2,5,3,10,0.556102705806537,"Generational differences",7,3,1,3,2,"Republican",NA,"Strong",NA,"Republican | Strong",1,1,61,"woman","White","4yearColl","$140,001-$160,000",8,4,1,0,1,0,0,"Waiting on retirement. Will be happy to be out of loop"
"PR430ma",30,"Some of my friends at my age are making a lot more money than I am. Some people are also ahead of the game in investing. Their is so many things in life that move too fast.",4.5,3,4,5,4,5,3,"income disparity, investment knowledge, fast-paced life",5,1,5,2,1,1,4,3,7,0.487412542766063,"Financial struggles",4,4,4,4,4,"Republican",NA,"Not very strong",NA,"Republican | Not very strong",1,1,26,"woman","White","PHD","$100,001-$120,000",6,6,1,0,1,0,0,NA
"XN866pe",62,"I feel left behind in the sense that I do not seem to want most of the things that society is after: success, money, possessions and glamour. I'm not a fan of buying new items or supporting corporations. I'd rather stay local and support my community. In that way I feel a bit on the outside which I'm okay with.",1.5,6,2,2,2,1,2,"different values, consumerism, community focus, local support",6,1,3,3,1,1,2,4,2,0.48457936338883,"Personal growth",1,6,5,4,6,"Independent",NA,NA,"Closer to Democratic","Independent | Closer to Democratic",1,1,47,"woman","White","GED","$140,001-$160,000",8,2,1,0,0,0,1,NA
"CT263pk",51,"I sometimes feel like this because how much the world has changed. When i grew up it was like The Christmas vacation teenage era, Everything seemed so much better and less complicated.",4.5,4,4,4,2,7,3,"rapid change, nostalgia, complexity increase",5,1,2,3,1,1,3,3,6,0.418768349763075,"Technology change",3,4,4,4,4,"Independent",NA,NA,"Neither","Independent | Neither",1,1,51,"man","White","4yearColl","Over $200,000",11,4,1,1,0,0,1,NA
"XR573vk",51,"I feel I fulfilled everything I was told would make me a success as far getting a bachelor's degree. Unfortunately that has not been the case. I find the degree to be worthless. In addition, as a black woman I found that even with an education there were definitely barriers I had to face in regard to career advancement.",1.5,7,2,1,1,2,4,"degree value, career barriers, racial inequality, gender inequality",6,2,4,4,4,4,2,4,4,0.558887314657751,"Inequality and disparity",1,7,7,1,7,"Democrat","Strong",NA,NA,"Democrat | Strong",1,1,78,"woman","Black or African American","4yearColl","$60,001-$80,000",4,4,0,0,0,1,0,NA
"WI943pq",8,"I had my first son young in college. I felt a little left behind in that aspect as I grew up faster compared to my peers.",4.5,4,5,4,4,5,2,"early parenthood, education delay, peer comparison",3,1,2,3,1,4,4,3,1,0.481541384890651,"Family responsibilities",1,5,5,3,3,"Republican",NA,"Strong",NA,"Republican | Strong",1,1,32,"woman","White","MA","$140,001-$160,000",8,5,1,0,1,0,0,NA
"ON359vj",30,"The world is changing way too fast, technology in particular. AI is quickly taking over. It's a new generation and I'm not part of it. Granted, I'm kind of happy to not be a part of the AI takeover, but I've still been left behind.",1,6,1,2,1,1,4,"rapid technology, ai takeover, generational shift",6,1,3,2,1,1,3,3,6,0.539793240537021,"Technology change",1,5,5,3,7,"Independent",NA,NA,"Closer to Democratic","Independent | Closer to Democratic",1,1,40,"man","White","2yearColl","$20,001-$40,000",2,3,1,1,0,0,1,NA
"TQ369my",60,"Being a middle-aged woman who spend her 20s and 30s raising children and then found myself separated with an impending divorce in the near future, I felt left behind by the rest of the world. The life I knew had grown up and have their own lives and the lifecI had before children no longer existed.",2.5,3,4,5,3,2,4,"divorce, career gap, social isolation, financial insecurity, ageism",5,1,3,3,1,4,4,5,8,0.462195007075503,"Lack of opportunities",3,6,5,4,5,"Democrat","Not very strong",NA,NA,"Democrat | Not very strong",1,1,49,"woman","White","4yearColl","$60,001-$80,000",4,4,1,0,0,1,0,"Enjoyed it!🙂"
"EZ994qi",0,"I feel a little left behind when it comes to purchasing a home. Seems everyone but me has made that move in life and I am almost 50.",2.5,5,4,3,4,1,2,"housing costs, financial instability, market competition, age pressure",5,1,4,2,1,2,3,4,7,0.517112166051823,"Financial struggles",1,6,5,6,6,"Independent",NA,NA,"Closer to Democratic","Independent | Closer to Democratic",1,1,47,"woman","White","GED","$80,001-$100,000",5,2,1,0,0,0,1,"Thank you for allowing me to participate"
"MY347xn",20,"I guess I would have to say in the areas of IT, coding, AI, etc. This has come about for the younger generation more than for mine. If I had known how much it would grow, I might would have taken courses to learn skills that I could use today. There are so many work-from-home positions in those areas. That would have worked well for me.",7,4,3,4,7,7,4,"tech skills gap, age disparity, career opportunities, education choices, remote work trends",5,1,4,2,1,2,4,5,3,0.522770033955858,"Career opportunities",7,1,1,1,1,"Republican",NA,"Strong",NA,"Republican | Strong",1,1,56,"woman","White","GED","$140,001-$160,000",8,2,1,0,1,0,0,NA
"GC048sx",73,"I was left with a lot of debt after college, and I went home to save up some money and help my family out while they went through some things. By the time I was able to leave and try to get a job with my degree, it seemed like no one wanted to hire me. I felt stuck in part-time jobs and side hustles to make money and I could barely pay down my rent. It felt like everyone else had a great job, but that I could barely even get an interview. Because of my money struggles, I feel like I can't get married or have a child yet, so I feel even more behind because of this.",1.5,3,5,5,2,1,4,"student debt, family obligations, job market, part-time work, financial struggles, career stagnation, delayed milestones",5,2,5,2,1,2,3,7,3,0.507252348768227,"Career opportunities",1,5,6,NA,NA,"Democrat","Strong",NA,NA,"Democrat | Strong",1,1,35,"woman","White","4yearColl","$60,001-$80,000",4,4,1,0,0,1,0,NA
"BF150ox",71,"I feel left out because, most of my high school friends went to college immediately after completion",4,4,4,4,4,4,3,"education gap",5,1,3,3,1,1,3,1,10,0.741959993022013,"Generational differences",4,3,5,3,4,"Republican",NA,"Strong",NA,"Republican | Strong",1,1,29,"man","Black or African American","4yearColl","$60,001-$80,000",4,4,0,1,1,0,0,NA
"NB955pn",58,"I was raised in a low income household and the second youngest of 9. I did not have the same opportunities as my peers. Because of that I was only able to get minimal jobs and career advancements. I was able to get into the healthcare field and that did not require a degree.",2.5,3,3,5,3,2,4,"low income, large family, limited opportunities, minimal jobs, career stagnation, no degree",6,2,5,4,2,1,2,6,3,0.489917367145163,"Career opportunities",4,2,3,NA,4,"Republican",NA,"Not very strong",NA,"Republican | Not very strong",1,1,64,"woman","White","GED","$0-$20,000",1,2,1,0,1,0,0,NA
"NH478sj",100,"I feel left behind because at my age, I am still going through the same problems I was when I graduated college. I thought that having a college education would mean I would be at a better place in my life, but I am not. People in my age group are thinking about retiring and have stable relationships and I have none of that. It is so depressing and I really hate writing about it because it makes it sound so bad.",3.5,3,5,5,3,4,4,"career stagnation, relationship status, financial instability, age expectations, peer comparison",4,1,3,3,1,2,5,5,2,0.456579882278486,"Personal growth",3,4,1,1,NA,"Independent",NA,NA,"Closer to Democratic","Independent | Closer to Democratic",1,1,56,"woman","White","4yearColl","$0-$20,000",1,4,1,0,0,0,1,NA
"CV764gr",50,"I felt more upward mobility before, but have changed jobs multiple times, been laid off, had financial setbacks due to ex and bankruptcy. I feel like I have spend more time playing catch up than I spent thriving.",2.5,2,4,6,3,2,4,"job changes, layoffs, financial setbacks, bankruptcy, catch up",5,1,4,2,1,1,3,5,7,0.487830481680379,"Financial struggles",4,5,3,5,4,"Independent",NA,NA,"Neither","Independent | Neither",1,1,44,"man","White","2yearColl","$60,001-$80,000",4,3,1,1,0,0,1,NA
"PO770wo",40,"I feel that sometimes we can get on social media and immediately point out examples in our lives that we feel less than. For me, being 28 I feel left behind because I thought I would have a baby now. I am unsure if I can even have children so every time I see a family I am reminded I do not have that and my heart longs for that so badly. It is not that I am not happy for them though, because I am. I just want that for my life as well. But I am trusting the process and it will happen when it is meant to happen.",4.5,5,3,3,5,4,4,"social media, age pressure, family expectations, fertility concerns, emotional longing",2,1,1,3,1,4,4,5,2,0.445070952976919,"Personal growth",4,3,2,2,3,"Independent",NA,NA,"Closer to Republican","Independent | Closer to Republican",1,1,28,"woman","White","4yearColl","$60,001-$80,000",4,4,1,0,0,0,1,"Thank you for the opportunity."
"SJ712ht",100,"I feel left behind because I see so many other people my age buying homes, getting married, having children, and getting to do the things in life they want to do. Meanwhile, I feel like I'm stuck scraping together pennies to get by and like I will never be able to escape from where I am.",1,7,3,1,1,1,4,"financial struggles, housing costs, relationship status, career stagnation, peer comparison",5,1,4,3,1,2,5,5,7,0.505528362166954,"Financial struggles",1,4,6,1,7,"Democrat","Not very strong",NA,NA,"Democrat | Not very strong",1,1,31,NA,"White","4yearColl","$40,001-$60,000",3,4,1,NA,0,1,0,NA
"DT164de",0,"I do not feel left behind at all but I could certainly understand why others might when it comes to the huge advancements in technology",1,1,4,7,1,1,1,"technology advancements",6,1,1,2,1,1,1,1,6,0.757524632617318,"Technology change",1,4,4,7,NA,"Independent",NA,NA,"Neither","Independent | Neither",1,1,48,"woman","White","GED","$20,001-$40,000",2,2,1,0,0,0,1,NA
"XV904lx",45,"I feel left behind at times when I see people frequently travel around the world and explore historic destinations. I would love to find the time to travel more and maybe abroad to experience other cultures.",3.5,3,6,5,4,3,3,"lack of time, financial constraints, travel opportunities, cultural exposure",4,1,3,4,1,1,2,4,5,0.489554423045101,"Health limitations",3,5,5,4,6,"Democrat","Not very strong",NA,NA,"Democrat | Not very strong",1,1,38,"man","Black or African American","GED","$40,001-$60,000",3,2,0,1,0,1,0,NA
"HN893oh",13,"I feel slightly ""left behind"" in that our family does not make a large income. I see others with nicer things or taking nicer vacations and know we aren't able to do that. But I don't feel overly this way because we have chosen to be a single income family with one parent staying home with the kids. Because this is our decision (and the chance for making more money exists, but has been turned down) I feel like we are knowingly and intentionally in our current position.",7,5,3,3,7,7,2,"single income, financial choices, income disparity",5,1,2,2,2,2,2,3,7,0.629203345550707,"Financial struggles",6,1,1,5,1,"Republican",NA,"Strong",NA,"Republican | Strong",1,1,45,"woman","White","4yearColl","$60,001-$80,000",4,4,1,0,1,0,0,NA
"RI649we",20,"I feel the taxation of the middle class should be less than the upper class and the highest earnings should pay more than they do.I feel the tax system is unfair to the majority of Americans.",2,5,4,3,1,3,3,"tax inequality, economic disparity, unfair system",7,5,5,3,1,1,1,3,4,0.733580077467082,"Inequality and disparity",3,7,5,5,6,"Democrat","Strong",NA,NA,"Democrat | Strong",1,1,49,"man","White","GED","$20,001-$40,000",2,2,1,1,0,1,0,"Thank you"
"FN164ze",50,"My views are neutral because I feel I'm somehow better compared to some groups in terms of economic situation.",1,1,7,7,1,1,3,"economic stability",5,1,3,2,1,1,2,1,7,0.627898589911449,"Financial struggles",2,7,5,2,6,"Independent",NA,NA,"Closer to Republican","Independent | Closer to Republican",1,1,51,"woman","multiracial","MA","$60,001-$80,000",4,5,0,0,0,0,1,"No comment."
"KO328cu",60,"I bought into the fallacy of needing a college degree to succeed in life and took out student loans. My degree has never been helpful in getting a job, mainly because I could never afford to take an unpaid internship. As a result, I have been stuck in low-paying jobs that do not allow me to get out from under my student debt.",1,7,4,1,1,1,4,"student debt, low-paying jobs, unpaid internships, degree relevance",6,2,5,3,1,1,2,4,3,0.469994053010333,"Career opportunities",1,7,7,1,7,"Democrat","Strong",NA,NA,"Democrat | Strong",1,1,54,"woman","White","4yearColl","$60,001-$80,000",4,4,1,0,0,1,0,NA
"GO178oz",22,"I don't feel I am left alone at all I don't know why some may feel the other way. Maybe because I have a okay life and I try every day to do something better",5.5,4,4,4,6,5,1,"contentment, personal growth, positive mindset",4,1,1,1,1,1,1,3,2,0.559213832057422,"Personal growth",4,4,4,4,4,"Independent",NA,NA,"Neither","Independent | Neither",1,1,37,"man","White","MA","Over $200,000",11,5,1,1,0,0,1,NA
"CS553ax",20,"i have cancer and everyone i worked with has either been promoted or found new roles. it sucks. i know how it feels to be left behind.",6.5,2,4,6,6,7,5,"health issues, career stagnation, peer advancement",6,1,2,1,1,1,2,3,5,0.513454392378006,"Health limitations",7,1,1,1,1,"Republican",NA,"Strong",NA,"Republican | Strong",1,1,45,"man","White","4yearColl","$60,001-$80,000",4,4,1,1,1,0,0,NA
"JX559va",35,"I do not feel greatly left behind but I do occasionally feel that there are areas in which I am lagging in comparison with other people. There are some aspects where i feel left behind although i am a working public health worker. Although my work makes a difference and I am serving the community at times i realize that there is no room to grow or to gain recognition in my career as opposed to other careers. I believe i am also somewhat socially/ financially disadvantaged in comparison to those who, perhaps, are more flexible, earn higher wages or have other opportunities available to them.",6,2,6,6,6,6,3,"career growth, financial disadvantage, social disadvantage, lack of recognition",6,3,3,3,2,2,3,4,8,0.555402511178963,"Lack of opportunities",6,1,4,1,2,"Republican",NA,"Strong",NA,"Republican | Strong",0,0,37,"woman","White","4yearColl","$120,001-$140,000",7,4,1,0,1,0,0,NA
"OM532oq",20,"The income difference is too large within companies. CEO's and some others get too much money compared to all others.",2.5,2,3,6,2,3,4,"income inequality, wage disparity, corporate hierarchy",7,2,5,3,1,1,1,3,4,0.598976233273275,"Inequality and disparity",2,4,3,4,5,"Independent",NA,NA,"Closer to Democratic","Independent | Closer to Democratic",1,1,35,"woman","Other (please specify)","MA","$80,001-$100,000",5,5,0,0,0,0,1,NA
"AQ686ko",0,"I sometimes feel left behind in terms of financial stability and career progress compared to peers. While I’ve made some progress, it can feel like opportunities are moving faster than I can keep up with. Access to resources, networking, and guidance in certain areas also feels limited, which makes it harder to advance as quickly as others.",3,5,3,3,4,2,4,"financial stability, career progress, limited resources, networking, guidance",5,2,4,2,2,1,3,5,2,0.507420963132075,"Personal growth",2,5,3,3,5,"Republican",NA,"Not very strong",NA,"Republican | Not very strong",1,1,41,"man","White","4yearColl","$80,001-$100,000",5,4,1,1,1,0,0,"Engaging"
"DM781dn",28,"I feel a little bit left behind because my salary is below what I would like. I am a public school teacher and I need to supplement my income as a teacher in order to afford to pay my bills.",1.5,3,3,5,2,1,2,"low salary, financial stress, income gap, job dissatisfaction",6,4,4,3,1,2,2,4,7,0.575005725518254,"Financial struggles",1,7,7,5,7,"Democrat","Not very strong",NA,NA,"Democrat | Not very strong",1,1,44,"woman","White","4yearColl","$60,001-$80,000",4,4,1,0,0,1,0,"I consider myself a fairly liberal Democrat."
"TI202hb",0,"I don't feel left behind in life at all, i think i am on par with what i should be and how i s hould live",5.5,3,6,5,5,6,1,"no feelings of being left",1,1,1,1,1,1,1,1,8,0.522392316752291,"Lack of opportunities",5,4,4,4,5,"Republican",NA,"Not very strong",NA,"Republican | Not very strong",1,1,74,"woman","White","PHD","Over $200,000",11,6,1,0,1,0,0,NA
"BP436pl",0,"despite all that is going on, i do not feel left behind, because with the current times, and everything being on social media, it is easy to adjust to cuurent times",6.5,3,6,5,6,7,1,"social media access, easy adaptation",5,1,1,3,1,1,1,2,6,0.544408913865161,"Technology change",6,1,1,1,1,"Republican",NA,"Strong",NA,"Republican | Strong",1,1,28,"man","White","MA","$80,001-$100,000",5,5,1,1,1,0,0,"N/A"
"TA578wl",0,"I have never felt left behind; however, I'm starting to feel that way because of my age. I feel sometimes like I don't get the respect I deserve as a person who still has thoughts and feelings and can still work and perform quite well. Sometimes I feel as though they don't see me as a contributing member of society.",6,2,3,6,5,7,3,"age discrimination, lack of respect, feeling undervalued, societal perception",5,1,2,3,1,2,5,4,8,0.494893394789641,"Lack of opportunities",6,1,1,4,1,"Republican",NA,"Strong",NA,"Republican | Strong",1,1,68,"woman","White","2yearColl","$60,001-$80,000",4,3,1,0,1,0,0,NA
"XJ292no",60,"My dad was an immigrant from El Salvador in the 1970s and he went my mother who was an American citizen here already. They did not know much about economical background or even know what the American dream was in a sense of owning a home and building a equity and anything. Even though they are retired now they are living a simple life and I am learning into my 30s the real value of a dollar. I feel like I was left behind because I wasn't implemented the true value of money and what something really costs. I am slowly building my 401(k) and any type of investments now that I am 38 but I feel like I am 20 years behind on this. The factors that come to play is me not specifically blaming my parents for this. I do understand they came here for a better life and I think they are better off than their family that they left home was but what that means is I need to pick up the pace because I am left behind financially.",4.5,3,2,5,5,4,4,"financial literacy, late investments, economic background, parental guidance, retirement planning",5,1,5,4,2,1,4,5,7,0.499055861681467,"Financial struggles",5,5,3,5,3,"Democrat","Not very strong",NA,NA,"Democrat | Not very strong",1,1,38,"man","Hispanic, Latino, or Spanish origin","GED","$140,001-$160,000",8,2,0,1,0,1,0,"Thank you for the opportunity to take your study."
"IU374bt",75,"I have been feeling that way as far as our economy especially, and as far as the insurance companies as well. We went through three hurricanes and a tornado in the past year, and the sense of getting swept behind or to the side is beyond palpable. Many in my little communities lost their homes, we did not but the expenses we have had to endure just to get back to our previous quality of life is so discouraging. We have been through a ton with FEMA and insurance companies, filling out tons of papaerwork, and then being turned down , or on the other hand , being told we had to tear down our home even though we had negligible damage. This is a little vignette for how we feel in general about the tone deaf Congress and the lower classes. My husband always says we live between the cracks. Make too much for assistance, too little to get by comfortably. We are one of millions.",4.5,4,3,4,5,4,4,"economic struggles, insurance issues, natural disasters, housing costs, bureaucratic hurdles, financial instability, government inaction, income disparity",6,4,5,3,1,1,2,8,7,0.543462821218766,"Financial struggles",5,1,2,NA,4,"Independent",NA,NA,"Closer to Republican","Independent | Closer to Republican",1,1,67,"woman","White","4yearColl","$40,001-$60,000",3,4,1,0,0,0,1,NA
"BH296yr",0,"I do not feel left behind as i experience a strong sense of congruence with my environment, personal progress and the current social and technological landscape.",2.5,1,7,7,4,1,1,"personal progress, social alignment, tech adaptation",4,1,1,1,1,1,1,3,2,0.587167357851685,"Personal growth",4,7,7,7,7,"Democrat","Strong",NA,NA,"Democrat | Strong",1,1,62,"man","Black or African American","MA","$140,001-$160,000",8,5,0,1,0,1,0,"None"
"VC313je",40,"I feel as though the building wealth curve is exponential and takes time. I feel a little left behind as I am starting later than some",4,5,3,3,4,4,2,"late start, wealth gap, financial pressure",5,1,4,2,1,1,3,3,7,0.519590451724508,"Financial struggles",5,1,1,5,NA,"Independent",NA,NA,"Closer to Republican","Independent | Closer to Republican",1,1,29,"man","White","4yearColl","$80,001-$100,000",5,4,1,1,0,0,1,NA
"RL168qq",0,"I personally don't feel left behind at all, but I might imagine others with those feelings, might feel that they have not been able to secure the things in life that they feel would be fulfilling for them. Things such as job stability, the ability to earn a comfortable wage, and to have a home.",3,3,4,5,3,3,1,"job stability, comfortable wage, housing access",5,2,4,2,1,1,1,3,7,0.51220148124622,"Financial struggles",4,4,4,NA,3,"Independent",NA,NA,"Closer to Democratic","Independent | Closer to Democratic",1,1,62,"woman","White","2yearColl","$140,001-$160,000",8,3,1,0,0,0,1,"none"
"HN250md",81,"I sometimes feel 'left behind"" when life moves faster than i can keep up with especially with technology, social changes or milestones my peers are reaching. For example, seeing others achieve big carrier goals, start families or buy homes can be make me like i am on a slower track, if my path is simply different..",3,2,4,6,3,3,3,"technology changes, career goals, social changes, peer milestones, family pressure, housing costs",5,1,3,3,1,2,3,6,2,0.47201605514423,"Personal growth",2,3,2,5,3,"Democrat","Strong",NA,NA,"Democrat | Strong",1,1,35,"man","Black or African American","4yearColl","$40,001-$60,000",3,4,0,1,0,1,0,NA
"UB500zt",21,"I feel a little left behind when I see others doing better in money and jobs. Life feels harder with high costs, even if I try my best.",6,3,4,5,6,6,2,"financial struggles, job insecurity, rising costs",6,2,5,2,1,1,2,3,7,0.66668594848081,"Financial struggles",7,3,2,5,2,"Republican",NA,"Strong",NA,"Republican | Strong",1,1,25,"man","multiracial","4yearColl","$0-$20,000",1,4,0,1,1,0,0,"Thank you for letting me participate in this study."
"NP275fq",76,"Most people my age in my circle are homeowners. I am still renting. They are even talking about retiring. I can't even begin to think about retiring. We have one car that me and my husband share. Most of my friends have a two car household. I have a retirement fund but its not nearly enough.",3.5,3,5,5,5,2,4,"housing costs, retirement savings, car ownership",5,2,5,2,1,2,5,3,7,0.554909472941771,"Financial struggles",1,5,4,2,4,"Democrat","Not very strong",NA,NA,"Democrat | Not very strong",1,1,56,"woman","Black or African American","4yearColl","$80,001-$100,000",5,4,0,0,0,1,0,NA
"TK032xv",74,"I feel as though it has become increasingly more expensive to afford a decent life in America and wages are not keeping up with that.",3.5,3,6,5,3,4,4,"rising costs, stagnant wages",6,3,5,3,1,1,2,2,7,0.623522562096729,"Financial struggles",4,3,2,5,3,"Independent",NA,NA,"Closer to Democratic","Independent | Closer to Democratic",1,1,32,"man","White","4yearColl","$120,001-$140,000",7,4,1,1,0,0,1,"N/A"
"VL478ci",30,"I slightly feel left behind on some aspects of life such as economic growth and financial gains. Otherwise, I am always at par with most people in most aspects of life. In terms of my financial status, I may not be such behind but I am yet to achieve some of my financial goals and these make me feel like I am left behind.",7,1,6,7,7,7,2,"economic growth, financial gains, financial goals",5,2,3,2,2,2,2,3,7,0.574430837042321,"Financial struggles",7,3,5,4,4,"Republican",NA,"Strong",NA,"Republican | Strong",1,1,29,"woman","Other (please specify)","4yearColl","$80,001-$100,000",5,4,0,0,1,0,0,NA
"QT454qk",40,"I feel like it's become increasingly difficult to have a decent quality of life in a working class household. My adult children with full time jobs aren't able to launch easily like I did. There's no stability or company loyalty to say a local factory or industry that you could count on to remain until retirement.",4.5,5,4,3,5,4,4,"economic instability, job insecurity, rising living costs, lack of opportunities, housing costs",6,3,5,3,1,2,4,5,7,0.609300660424776,"Financial struggles",4,2,1,3,1,"Independent",NA,NA,"Closer to Republican","Independent | Closer to Republican",1,1,51,"woman","White","GED","$20,001-$40,000",2,2,1,0,0,0,1,NA
"BE539qw",20,"My mother passed away last year and it's been hard on the family. My dad had open heart surgery two months ago and I couldn't be there as much as I would have liked. My sister was able to spend more time with him and take care of him. Living away from family sometimes makes me feel a little left behind on things.",3.5,5,4,3,5,2,3,"family distance, health issues, time constraints, emotional support, family responsibilities",5,1,2,2,1,2,2,5,1,0.528788381537745,"Family responsibilities",NA,NA,NA,NA,NA,"Republican",NA,"Not very strong",NA,"Republican | Not very strong",1,1,45,"woman","White","GED","$60,001-$80,000",4,2,1,0,1,0,0,NA
"RT991gn",42,"I feel that our government does not care about regular people and have let things get out of control for cost of living. I have completed college have a decent job and am still just getting by, it feels like it is not possible to get ahead anymore. I feel particularity bad for people who are worse off than me as I do not understand how they are getting by today.",1.5,6,4,2,1,2,4,"cost of living, government neglect, economic inequality, stagnant wages, financial insecurity",6,4,5,3,1,1,2,5,7,0.583612003735839,"Financial struggles",1,5,6,2,5,"Independent",NA,NA,"Closer to Democratic","Independent | Closer to Democratic",1,1,32,"man","White","4yearColl","$80,001-$100,000",5,4,1,1,0,0,1,NA
"BG178gw",50,"I'm not sure what you mean when it comes to ""being left behind."" Being left behind in what sense? In technology, I grew up with constant changes so it's not as startling or giving that feeling of being left behind. In the social sense, sometimes. Mosty because as you get older you don't get as much attention nor do you do the same activities that you did when you were younger. When it comes to money, I think everyone feels left behind. You don't realize how much you need benefits or money outside of normal bills then when you get older. Medical insurance, medical care of all kinds- most definately left behind. I can't afford things I thought I would be able to. Honestly, that is across the board. As you get older, you need more products more services more of everything. It's not less, it's more and the cost of everything does in fact makes me feel left behind.",1,4,7,4,1,1,4,"social isolation, financial strain, medical costs, age discrimination, rising expenses",6,3,5,3,1,2,4,5,7,0.534608326008306,"Financial struggles",NA,7,5,7,7,"Independent",NA,NA,"Neither","Independent | Neither",1,1,42,"woman","Hispanic, Latino, or Spanish origin","4yearColl","$140,001-$160,000",8,4,0,0,0,0,1,"none"
"FO016ue",65,"I cannot drive, nor can I walk with my left ankle or use my left hand temp for now until I am healed.",4,4,4,4,4,4,3,"mobility issues, health limitations, transportation barriers",4,1,2,1,1,1,2,3,5,0.668562898265249,"Health limitations",NA,NA,NA,NA,NA,"Independent",NA,NA,"Neither","Independent | Neither",1,1,31,"woman","American Indian or Alaska Native","noHS","$0-$20,000",1,1,0,0,0,0,1,NA
"WM145bv",40,"I guess I have never thought about that question before. I don't feel left behind really because every single person is on their own journey. My journey has taken me all over the spectrum. I have evolved throughout my life and what were milestones for me even just a few years ago are no longer important anymore. I would say the only thing I can think of that would possibly be considered feel left behind is the wealth divide in this country and feeling like I am left to the wolves if I can't pay for healthcare, housing, food, etc.",1,4,2,4,1,1,2,"wealth divide, healthcare costs, housing costs, food insecurity",6,3,5,3,1,1,2,4,7,0.554201877625647,"Financial struggles",1,6,6,2,6,"Independent",NA,NA,"Closer to Democratic","Independent | Closer to Democratic",1,1,51,"woman","White","2yearColl","$40,001-$60,000",3,3,1,0,0,0,1,NA
"AA933nr",41,"One area in which I feel left behind is finances. As someone who has a doctorate degree, I feel that I should be holding a high-level position full-time and maximizing my earnings. However, I am only working part-time as an academic administrator to get enough time to take care of my kids. I believe that the position I hold now is not for someone like me. I feel overqualified for my current position.",3.5,2,2,6,2,5,4,"financial constraints, career stagnation, overqualification, work life balance",6,1,5,2,1,2,2,4,3,0.559961760978617,"Career opportunities",2,5,4,4,4,"Democrat","Strong",NA,NA,"Democrat | Strong",1,1,33,"woman","Black or African American","PHD","$80,001-$100,000",5,6,0,0,0,1,0,NA
"TQ926ak",95,"While certain people are getting richer by the minute, especially after the last election, most of us are left in the dirt to fight for survival. I need medical care that i can not afford, despite paying almost a thousand bucks per month for health insurance. I have to make a decision between going to the doctor or buying food. We don't get to have a vacation, we don't get to go out. Education is out of question as well.",1,3,6,5,1,1,5,"income inequality, healthcare costs, food insecurity, lack of vacation, education barriers",6,4,5,3,1,1,2,5,7,0.510995151388667,"Financial struggles",1,5,1,6,5,"Independent",NA,NA,"Neither","Independent | Neither",1,1,51,"woman","White","GED","$80,001-$100,000",5,2,1,0,0,0,1,"None, thank you!"
"TT680ei",35,"This was a very vague question so I am not sure exactly how to interpret it. I know that there is enormous discrimination against white men at every level of society, which is certainly intended to ""leave us behind"" in a sense. I have also been rather unsuccessful in life overall, compared to what one might expect from my intelligence and education. On the other hand, the question presented ""advancing"" as the opposite of being ""left behind."" I would certainly say that my life has been improving lately, particularly since I started participating in studies here on Prolific, so I would say I am more ""advancing"" than ""left behind.""",6,6,2,2,6,6,2,"discrimination, career stagnation, unmet expectations",5,2,2,3,2,3,2,3,8,0.537183984416756,"Lack of opportunities",6,2,1,5,1,"Republican",NA,"Not very strong",NA,"Republican | Not very strong",1,1,39,"man","White","MA","$0-$20,000",1,5,1,1,1,0,0,"It sometimes sounds funny to refer to myself as right-wing, since I know positions like cracking down on crime and illegal immigration were very popular even with Democrats in the 1990s and were to some degree even implemented under Bill Clinton. However by the standards of the current year, where the extreme left control most of the institutions, I suppose I qualify as far right."
"JB533xn",50,"I don’t feel left behind, I don’t really have much opinion on that question. I think that my current low household income level is mainly my and my husband’s own faults plus having to deal with illness and circumstances beyond our control. Very few of my issues are caused by society, except perhaps for unhealthy food and unhealthy living environments that have been caused by greedy companies and greedy government.",2.5,3,5,5,3,2,1,"low income, illness, uncontrollable circumstances, unhealthy food, unhealthy environments",5,3,3,2,1,1,2,5,5,0.512801653128633,"Health limitations",4,3,3,3,3,"Independent",NA,NA,"Closer to Democratic","Independent | Closer to Democratic",1,1,32,"woman","White","4yearColl","$20,001-$40,000",2,4,1,0,0,0,1,NA
"ZW513ae",80,"I feel that people who are wealthy are never left behind. I think that people in need are not taken care of as they should and are not respected as much as the wealthy. People in need have to jump through hoops jut to get something as essential as healthcare but wealthy people get it most of the time without paying a dime. It is disgraceful in a country so rich that the poor have to suffer",2,4,4,4,1,3,4,"wealth disparity, healthcare access, social inequality, economic barriers, lack of support",7,4,5,4,1,1,2,5,4,0.594127605726983,"Inequality and disparity",2,1,4,2,NA,"Independent",NA,NA,"Neither","Independent | Neither",1,1,60,"woman","White","2yearColl","$40,001-$60,000",3,3,1,0,0,0,1,NA
"NU162ix",81,"I feel left behind because there isn’t much guidance in my life. Since reaching adulthood I been figuring everything out on my on I don’t have people I can get good advice from to help me make decisions. I’m completely winging it out here in this world and praying for the best",2.5,3,4,5,4,1,4,"lack of guidance, no mentorship, decision making, feeling isolated, self-reliance",4,1,2,2,1,1,3,5,8,0.518413737024214,"Lack of opportunities",NA,NA,NA,NA,NA,"Independent",NA,NA,"Neither","Independent | Neither",1,1,30,"woman","Black or African American","2yearColl","$0-$20,000",1,3,0,0,0,0,1,NA
"GB597mp",0,"i do not feel left behind as i am able to achieve the basic necessities for myself and also my family and i am so happy i am able to",5,3,5,5,5,5,1,"no factors",4,1,3,1,1,1,1,1,8,0.426929951062837,"Lack of opportunities",NA,1,NA,1,1,"Republican",NA,"Strong",NA,"Republican | Strong",1,1,44,"man","White","MA","$60,001-$80,000",4,5,1,1,1,0,0,NA
"NA398fk",63,"""Left behind"" to me, is in a sense of not connecting well with others, and not keeping up with the trends. I have always felt ""out of the loop"".",4.5,5,3,3,4,5,3,"social isolation, trend awareness, feeling out of loop",4,1,1,3,1,2,3,3,8,0.49265203249004,"Lack of opportunities",3,5,4,3,3,"Democrat","Not very strong",NA,NA,"Democrat | Not very strong",1,1,43,"woman","Black or African American","4yearColl","$60,001-$80,000",4,4,0,0,0,1,0,NA
"MP755no",56,"I see many people advancing in all walks of life. I feel stuck in the same city, same job, same everything.",2,3,4,5,2,2,4,"career stagnation, lack of mobility, unchanging environment",5,1,3,2,1,1,2,3,8,0.517877426227516,"Lack of opportunities",1,5,3,1,6,"Democrat","Strong",NA,NA,"Democrat | Strong",1,1,32,"man","Hispanic, Latino, or Spanish origin","GED","$100,001-$120,000",6,2,0,1,0,1,0,"none"
"ZH037kq",30,"I consider myself in the middle of the pack but where in lagging behind is not educating myself in personal finances while I was younger so now I'm playing catch up to make up for lost time.",6,4,7,4,6,6,3,"financial education, lost time, catch up",4,1,4,2,1,1,4,3,2,0.431982759968727,"Personal growth",6,3,1,4,3,"Independent",NA,NA,"Closer to Republican","Independent | Closer to Republican",1,1,44,NA,"Asian","MA","$140,001-$160,000",8,5,0,NA,0,0,1,NA
"RD109wb",56,"I think in comparison to where I wanted to be form where I am makes me feel left behind and I really shouldn’t. I am successful, I have a beautiful family and home, but I thought I’d be more successful in some ways. For example, I thought I’d get a chance to have another baby or I thought we’d have more money saved or I thought I’d be doing better in my career. I also thought my relationship would be in a better place. I think that part is the hardest.",1.5,4,1,4,2,1,3,"career progress, financial stability, family planning, relationship issues",4,1,3,2,1,2,3,4,2,0.488237181594525,"Personal growth",2,4,5,NA,2,"Republican",NA,"Not very strong",NA,"Republican | Not very strong",1,1,38,"woman","White","4yearColl","$100,001-$120,000",6,4,1,0,1,0,0,NA
"FU860qi",100,"I think my generation specifically feels left behind because we will never be able to afford a home, we compete with older people with much more experience just for a cashier position at McDonalds, our degrees don’t seem to amount to anything when it comes to getting us a job in our field we went to college for.",1,7,3,1,1,1,5,"housing costs, job competition, degree value",6,2,5,4,1,1,3,3,7,0.438247506196045,"Financial struggles",1,3,1,NA,7,"Independent",NA,NA,"Neither","Independent | Neither",1,1,23,"woman","White","GED","$40,001-$60,000",3,2,1,0,0,0,1,NA
"SN630vp",50,"I would feel excluded when I see that many of my friends have other types of events to attend or simply dont invite me. There I feel that something is happening that motivates me to feel excluded.",4.5,5,5,3,4,5,3,"social exclusion, lack of invites, event isolation",2,1,1,3,1,1,2,3,8,0.526532387749747,"Lack of opportunities",5,3,3,3,3,"Republican",NA,"Strong",NA,"Republican | Strong",1,1,33,"man","White","4yearColl","$40,001-$60,000",3,4,1,1,1,0,0,"Good Study"
"JI806hr",100,"I am white and elderly, 69 years old. At this age society has written me off as ""has been"" rather than as a walking library of experience and knowledge as well as wisdom. First, my age makes me unimportant. Secondly, being white puts me at the back of the line for any support that would make my life easier. Thirdly, i am a US citizen! And, that really puts me at the back of the line for any help. When i look at the current state of affairs, local governments defying federal agencies and inciting violence against ICE to harbor illegals. What planet am i on? I look at how little anyone cares about senior citizens and it is shameful. Seniors receive little consideration from politicians and policy. It is sad. Sad, that illegals get more protection, respect and consideration.",4.5,5,3,3,4,5,4,"ageism, racial bias, citizen status, political neglect, senior disregard, immigration focus",6,4,3,4,2,2,5,6,9,0.481506286546169,"Social and political issues",4,1,1,3,1,"Independent",NA,NA,"Closer to Republican","Independent | Closer to Republican",1,1,69,"woman","White","GED","$20,001-$40,000",2,2,1,0,0,0,1,"I think this is an interesting survey,"
"RZ523zm",30,"I don't really feel behind but then again I do in certain parts of life but then a then everyone is on a different path in life and a different journey so I understand why they have more than others. I use to sit around and watch their parents give them things such as cars and help they need while mine would never do that. I also watched people buy a house or get an apartment before I could and it just felt unfair because I worked just as hard as they did.",4.5,1,3,7,4,5,3,"financial support, housing access, unequal opportunities",5,1,3,3,2,2,2,3,7,0.531128614783676,"Financial struggles",6,5,7,5,2,"Independent",NA,NA,"Closer to Democratic","Independent | Closer to Democratic",1,1,28,"woman","multiracial","GED","$20,001-$40,000",2,2,0,0,0,0,1,NA
"PQ918mo",20,"When I observe how rapidly others advance in terms of technology, employment prospects, and financial security in comparison to me, I occasionally feel left behind. Some people, for instance, appear to progress in their careers more quickly, earn higher salaries, or have access to networks that support their success. I also observe that, despite my best efforts, it can be more difficult to keep up with the growing expenses of living and the scarcity of opportunities. When others have greater resources, support networks, or access to healthcare and education, I occasionally feel socially left behind. It's not that I'm failing; rather, it's that I feel like I'm falling behind despite my best efforts and perseverance because the pace of progress around me seems to be faster than mine.",2.5,3,4,5,3,2,4,"technology gap, career stagnation, financial insecurity, rising living costs, limited opportunities, social isolation, resource disparity, education access, healthcare access",6,1,5,3,1,1,3,9,5,0.50979164596394,"Health limitations",6,2,3,4,5,"Republican",NA,"Not very strong",NA,"Republican | Not very strong",1,1,48,"man","White","4yearColl","$80,001-$100,000",5,4,1,1,1,0,0,NA
"CN208iy",51,"There are so many thing I want in future and I feel that I might not be able ton achieve them like others are",4.5,6,2,2,5,4,3,"career stagnation, financial instability, educational gaps, lack of support, health issues",5,1,4,2,1,1,3,5,5,0.539169793616055,"Health limitations",2,5,3,3,3,"Republican",NA,"Strong",NA,"Republican | Strong",1,1,21,"man","White","4yearColl","$40,001-$60,000",3,4,1,1,1,0,0,NA
"AU575uy",69,"I was born between two generations-- right before the internet generation. So I feel like had I only been born a bit later and have had easy access to so much information and education, I would be in a much better financial situation than I am now. Although I make good money and have saved a lot, lack of financial education has kept me one step behind. I started investing late and missed the boat to own a home with low interest rates. I definitely feel left behind.",3,3,4,5,4,2,4,"generation gap, financial education, late investing, missed opportunities, interest rates",6,1,4,2,1,1,4,5,7,0.45532392476499,"Financial struggles",1,6,5,1,5,"Independent",NA,NA,"Closer to Democratic","Independent | Closer to Democratic",1,1,46,"woman","Asian","4yearColl","$160,001-$180,000",9,4,0,0,0,0,1,NA
"RT607br",0,"in terms of finances i can say i am not exactly where i want to be at but not really left behind , i had all these big dreams of how things would go for me in a couple of years, and it didn't go as planned, but I'm still living alright but then again, i know it should have been way better for me right now",5,2,6,6,4,6,2,"unmet expectations, financial stagnation, dreams deferred",4,1,3,2,1,1,2,3,8,0.550700934007013,"Lack of opportunities",4,5,4,4,5,"Republican",NA,"Not very strong",NA,"Republican | Not very strong",1,1,31,"man","White","MA","$40,001-$60,000",3,5,1,1,1,0,0,NA
"AL100ck",0,"To begin with, I do not feel left behind. What I have are challenges. I suppose within these challenges, there are times that I need to resolve them without any outside assistance. In a manner, I may feel ""left behind"". In fact, I am currently going through one right now where I need to justify certain actions I recently took to other people who are questioning them and are being difficult.",6.5,5,4,3,7,6,1,"lack of support, communication barriers, external pressure",4,1,2,2,1,1,2,3,5,0.544406030084635,"Health limitations",6,1,1,1,1,"Independent",NA,NA,"Closer to Republican","Independent | Closer to Republican",1,1,69,"man","White","2yearColl","$0-$20,000",1,3,1,1,0,0,1,"Thank you for the opportunity."
"WM841qg",38,"I don't feel left behind. Nor did I say I did. I clearly stated I did NOT feel left behind, yet for some dumb reason I have to write 100 characters here.",3.5,4,6,4,1,6,1,"no feeling left behind",1,1,1,1,1,1,1,1,8,0.547201890630068,"Lack of opportunities",6,7,5,3,6,"Independent",NA,NA,"Neither","Independent | Neither",1,1,51,"man","White","GED","$40,001-$60,000",3,2,1,1,0,0,1,"Thanks for puttin ""neither"" as an option.  I do so many of these where they ignorantly make you choose between Dem and Rep when there are other parties and independents."
"FQ207do",4,"Sometimes I feel left behind when it comes to how quickly technology and trends change. It seems like others adapt right away, while I need more time to learn and adjust. I also feel this way in my career at times, when I see peers moving ahead faster or achieving milestones I haven’t yet reached. Socially, it can feel like others are more connected or in tune with what’s happening, while I’m still catching up. These moments make me question if I’m moving at the right pace or if I’m missing out on opportunities to grow and keep up.",3.5,5,5,3,3,4,4,"technology changes, career stagnation, social disconnection, peer comparison, missed opportunities",5,1,3,2,1,1,3,5,8,0.504877713032426,"Lack of opportunities",4,4,4,4,4,"No preference",NA,NA,"Closer to Republican","Independent | Closer to Republican",1,1,53,"woman","Black or African American","4yearColl","$20,001-$40,000",2,4,0,0,0,0,0,NA
"GI916ie",20,"I don't particularly feel left behind. I've done my best in life to make the right choices and succeed in the ways society and my family expect.",5.5,4,4,4,7,4,1,"societal expectations, family pressure, personal choices",4,1,1,2,1,1,1,3,9,0.558871026447247,"Social and political issues",4,4,1,7,4,"Independent",NA,NA,"Neither","Independent | Neither",1,1,42,"woman","White","MA","$120,001-$140,000",7,5,1,0,0,0,1,NA
"WY816yt",89,"I do not fit in socially and have different political opinions. I often feel left out of groups and friendships.",5.5,3,4,5,6,5,3,"social exclusion, political differences, lack of belonging",4,2,1,3,1,2,2,3,9,0.564973625333283,"Social and political issues",5,1,NA,5,2,"Independent",NA,NA,"Neither","Independent | Neither",1,1,33,"man","multiracial","4yearColl","$60,001-$80,000",4,4,0,1,0,0,1,NA
"PL805ab",30,"I don't feel realy left behind. I feel that the social climate in the USA is not as open, nice, and friendly as it was in the 70's and 80's.",6.5,2,5,6,7,6,1,"social climate",6,2,1,3,1,1,2,1,9,0.615341571392746,"Social and political issues",5,2,2,2,2,"Republican",NA,"Strong",NA,"Republican | Strong",1,1,60,"man","White","MA","$60,001-$80,000",4,5,1,1,1,0,0,"ok"
"OK919yx",25,"Our current government, regardless of what it says, is leaving all of the middle class behind, as well as the classes below it. In fact, there's no rhyme or reason to their approach, other than to make personal money for themselves. Companies are also leaving humanity in general behind, chasing the next great shiny automated object in an effort to increase profit at the expense of people in general.",1,5,2,3,1,1,4,"government policies, income inequality, automation, corporate greed",7,4,5,3,1,1,2,4,9,0.495330164462278,"Social and political issues",2,4,6,3,6,"Independent",NA,NA,"Closer to Democratic","Independent | Closer to Democratic",1,1,52,"man","White","4yearColl","$100,001-$120,000",6,4,1,1,0,0,1,NA
"RG421qg",0,"I don't feel left behind but a few times before in the past I have felt this way it is in the career areas in my life I felt as though a few of my family members have gotten far and beyond me when it comes to training and certifications licenses etc....",1,1,7,7,1,1,2,"career advancement, training gaps, certification delays",5,1,3,2,1,2,2,3,3,0.518929830166414,"Career opportunities",5,5,5,5,5,"Independent",NA,NA,"Neither","Independent | Neither",1,1,47,"man","Black or African American","GED","$20,001-$40,000",2,2,0,1,0,0,1,"Thank you!."
"SS639ff",15,"I feel society and the education system has often not been built around encouraging creativity, pushing only certain ways of life such as high-discipline careers, university degrees, and so on. The concept of career to define who you are (or at least make you rich) in general is emphasized as the core of fulfillment everyone should be chasing after if they are to be happy. But there are other truths of life I've learned, realizing how much I have buried my right to live a slow life enjoying the simple things, pursuing my creative side even if it is not bringing economic benefit, exploring myself internally instead of just externally to know myself through validation from others. I've always been creative since I was a child, but it wasn't until I turned 30 that I finally decided to let go of my 'career woman' mentality I felt encouraged toward in STEM and to just feel free to find my own way of being productive, self-fulfilled, and contributing to the world, not society's way. I feel left behind by the system in the sense that the system stifles the psychological needs of creativity (open-mindedness, lack of rigidity, play), something that is stomped out of most children from a young age, but for those who maintain their creative mind, they have a tough time making it or being understood.",4,5,1,3,4,4,4,"creativity stifled, rigid career paths, societal pressure, lack of open-mindedness, economic focus, validation dependency, slow life undervalued, creative fulfillment, system rigidity, career emphasis",6,1,2,4,1,2,3,10,2,0.452674493117458,"Personal growth",4,4,4,4,3,"Independent",NA,NA,"Neither","Independent | Neither",1,1,30,"woman","White","4yearColl","$20,001-$40,000",2,4,1,0,0,0,1,NA
"JH524fk",33,"I think with technology I am not advancing like I used to. Also a bit with things like cryptocurrency",6,3,1,5,6,6,3,"technology gap, cryptocurrency knowledge",6,1,3,2,1,1,3,2,6,0.487255264234684,"Technology change",6,6,7,6,2,"Republican",NA,"Not very strong",NA,"Republican | Not very strong",1,1,44,"man","White","MA","$180,001-$200,000",10,5,1,1,1,0,0,NA
"KH798mq",0,"I'm not left behind, it's just that I have lofty goals. I'm not competing with anyone, I'm creating, so it's not accurate to say that I feel left behind.",4,4,4,4,4,4,1,"lofty goals, personal creation",1,1,1,1,1,1,1,2,2,0.550753132497005,"Personal growth",4,6,6,6,4,"Democrat","Not very strong",NA,NA,"Democrat | Not very strong",1,1,61,"man","White","4yearColl","Over $200,000",11,4,1,1,0,1,0,NA
"LQ995pc",14,"I dont feel extremely left behind but I do notice moments where I feel somewhat outpaced especially in areas like rapid technological changes. I sometimes feel behind in how quickly others adopt these things and theres almost a subtle pressure.",5,3,6,5,4,6,3,"technological changes, adoption speed, subtle pressure",5,1,3,3,1,2,3,3,6,0.517611062826849,"Technology change",7,1,1,1,2,"Republican",NA,"Strong",NA,"Republican | Strong",1,1,37,"woman","White","4yearColl","$80,001-$100,000",5,4,1,0,1,0,0,"it was interesting thanks so much"
"PZ184cl",45,"I definitely felt left behind in terms of finding a life partner, the love of my life and having a lifetime commitment. I don't even necessarily want to get married, well I do, but I have that idea aside to simply find a good/suitable life partner. It makes me feel so isolated and sad to have been single for 6 years already. I feel defeated and discouraged most days. I also feel behind in finances, wishing I earned more.",2.5,5,2,3,2,3,4,"relationship status, financial insecurity, isolation, emotional distress",2,1,3,3,1,3,3,4,5,0.491185751337619,"Health limitations",3,4,5,5,6,"Independent",NA,NA,"Closer to Democratic","Independent | Closer to Democratic",1,1,41,"woman","Asian","MA","$80,001-$100,000",5,5,0,0,0,0,1,NA
"YD630gm",19,"I don't feel left behind. I feel like I am the one steering the ship and I decide where to go. If that means being off the ""beaten path"" so be it.",7,7,3,1,7,7,1,"personal choice, independence, self-direction",1,1,1,1,1,1,1,3,2,0.554150090707613,"Personal growth",6,1,1,5,1,"Republican",NA,"Strong",NA,"Republican | Strong",1,1,33,"woman","White","GED","$20,001-$40,000",2,2,1,0,1,0,0,NA
"SH466ee",85,"Young White men are actively discriminated against and are having our country stolen from us.oue county is run by Zionist Jews who enforce mass migration.",4,7,1,1,1,7,5,"discrimination, mass migration, political control, cultural change",7,4,2,5,3,3,1,4,9,0.53040686703597,"Social and political issues",7,1,7,1,1,"Republican",NA,"Strong",NA,"Republican | Strong",1,1,34,"man","White","4yearColl","$40,001-$60,000",3,4,1,1,1,0,0,NA
"YJ789uu",60,"I feel kind of left behind when it comes to inclusion in the government. After the general election where Trump got reelected I feel like America has gone to the extreme right and anybody in the left does'nt have a say in the government.",2,1,6,7,2,2,3,"political exclusion, extreme polarization, lack of representation",7,5,2,4,1,1,1,3,9,0.510849039312721,"Social and political issues",2,3,2,NA,6,"Independent",NA,NA,"Closer to Democratic","Independent | Closer to Democratic",1,1,51,"woman","White","4yearColl","$60,001-$80,000",4,4,1,0,0,0,1,NA
"HX525bi",12,"I sometimes feel left behind when it comes to technology and new tools. Things change so fast so it can be hard to keep up with the latest app, software or work processes.",4,5,4,3,3,5,3,"technology changes, new tools, fast pace, keeping up, latest app, software updates, work processes",5,1,2,2,1,1,3,7,6,0.518579193977514,"Technology change",5,4,4,4,4,"Republican",NA,"Not very strong",NA,"Republican | Not very strong",1,1,35,"woman","Black or African American","GED","$80,001-$100,000",5,2,0,0,1,0,0,NA
"UX556eo",90,"Basic things like a living wage, safe housing, and healthy food options are out of reach for someone on disability in the US",4,7,1,1,1,7,5,"living wage, safe housing, healthy food, disability support",7,4,5,4,1,1,2,4,5,0.431063224036377,"Health limitations",1,7,3,5,5,"Independent",NA,NA,"Closer to Republican","Independent | Closer to Republican",1,1,56,"man","White","GED","$0-$20,000",1,2,1,1,0,0,1,NA
"JJ292ry",40,"The only way I’d really feel left behind is being bi sexual. I feel like I don’t really completely fit on either side. Judged by people who are lesbian and also not straight. So in that aspect I can feel a bit left behind.",2,4,4,4,2,2,3,"sexual identity, social acceptance, community belonging",2,1,1,4,1,4,1,3,2,0.505216149676251,"Personal growth",2,6,4,3,6,"Independent",NA,NA,"Closer to Democratic","Independent | Closer to Democratic",1,1,31,"woman","White","GED","$120,001-$140,000",7,2,1,0,0,0,1,"None"
"JO695wv",45,"not really left behind just feel stuck now so I feel it coming over time. I just don't believe in this place anymore so what is the point of working for it. I will just use my energy to get by and not stress too much about the time remaining. It is a crazy world out there",3.5,3,4,5,2,5,2,"lack of motivation, feeling stuck, disillusionment, uncertain future",5,2,3,2,1,1,2,4,8,0.567864416714365,"Lack of opportunities",3,5,5,5,5,"Independent",NA,NA,"Neither","Independent | Neither",1,1,28,"man","White","PHD","$40,001-$60,000",3,6,1,1,0,0,1,NA
"XD294xa",80,"I feel left behind because it is a struggle to pay for the basics with rent and utilities so high. The system is set up where the more you make the easier it is because money can make money with investments and interest. Starting at the bottom makes it almost impossible to get to the top.",1,6,2,2,1,1,4,"high rent, utility costs, income inequality, investment barriers, wealth gap",6,2,5,3,1,1,2,5,7,0.550335862618654,"Financial struggles",2,7,7,5,7,"Democrat","Strong",NA,NA,"Democrat | Strong",1,1,49,"man","Hispanic, Latino, or Spanish origin","2yearColl","$40,001-$60,000",3,3,0,1,0,1,0,NA
"RH687ds",43,"I don't really. I just don't always feel seen as a female with mental health struggles. I also am aging and some things just don't came as quickly like technology.",1.5,2,3,6,2,1,2,"mental health, gender bias, aging, technology gap",5,1,2,3,1,3,4,4,10,0.533688907242475,"Generational differences",1,6,7,2,7,"Democrat","Strong",NA,NA,"Democrat | Strong",1,1,41,"woman","White","GED","$100,001-$120,000",6,2,1,0,0,1,0,"no"
"HI410gn",75,"It seems to me that this country has chosen to only support the ""Haves"" while leaving those of us in the ""Have-nots"" group behind. You must be rich to do anything in this country, and participation in any of its processes seems only for those who have the financial means to do so.",2,3,4,5,2,2,5,"income inequality, financial barriers, economic disparity, wealth gap",7,5,5,4,1,1,2,4,4,0.691207527242514,"Inequality and disparity",2,5,6,4,5,"Independent",NA,NA,"Closer to Democratic","Independent | Closer to Democratic",1,1,44,"man","White","4yearColl","$60,001-$80,000",4,4,1,1,0,0,1,NA
"FJ786eu",10,"Though I am perfectly comfortable with the progress I have made in my life, I would only point to family-raising as the area where I feel left behind. I started childbearing at a latter part in my life compared to my siblings and friends. I was actually the last to give birth among my peers. Now their children are married and have had grandchildren, but my first is even yet to marry.",6.5,3,6,5,6,7,2,"late childbearing, peer comparison, family milestones",5,1,2,3,1,3,4,3,1,0.505858074616293,"Family responsibilities",7,1,2,2,4,"Republican",NA,"Strong",NA,"Republican | Strong",1,1,58,"woman","White","PHD","$120,001-$140,000",7,6,1,0,1,0,0,"N/A"
"MS642bk",60,"Although I have obtained and accomplished most of my desired goals.I feel like there is still a very small part of life missing. On average I feel like I'm equally compared to people my age, yet there is still much to be desired.",3,2,5,6,4,2,2,"unfulfilled goals, peer comparison, personal growth, life satisfaction",4,1,2,2,1,1,3,4,2,0.571867511005829,"Personal growth",2,5,6,3,1,"Independent",NA,NA,"Closer to Democratic","Independent | Closer to Democratic",1,1,66,"woman","Black or African American","2yearColl","$0-$20,000",1,3,0,0,0,0,1,NA
"NG529eq",40,"A number of technical fields are having human skillsets replaced with AI. This will have a devastating effect in the form of losses of well paid jobs and a further destruction of the upper middle class.",5.5,3,3,5,4,7,4,"ai replacement, job loss, skill obsolescence, economic disparity, income reduction",7,2,5,2,1,1,2,5,7,0.497382532776361,"Financial struggles",6,2,1,6,2,"Republican",NA,"Not very strong",NA,"Republican | Not very strong",1,1,54,"man","White","2yearColl","$80,001-$100,000",5,3,1,1,1,0,0,NA
"TP386pi",40,"I was born here but the issue of racism has made it difficult for me. As a black person I am always careful on what I do, who I talk to and where I go because at some places people assume I am a thief and this kills the morale and makes me feel like I don't belong. I feel left behind because while people from the majority ethnicicty are progressing, all I do is try to survive.",3,1,1,7,5,1,5,"racism, social exclusion, ethnic bias, lack of belonging, unequal progress",6,2,2,5,5,1,1,5,4,0.552994702264865,"Inequality and disparity",5,3,3,4,7,"Republican",NA,"Strong",NA,"Republican | Strong",1,1,43,"man","Black or African American","2yearColl","$40,001-$60,000",3,3,0,1,1,0,0,"Thank you so much for the survey."
"KM917ot",5,"If I were left behind in anything, it would be mainly due to my age. Having 5 children and limited income, has set us up, my husband and I, for a scary retirement. We have some retirement, but it would only last a few years. We are forced to keep working, and I am not sure how much longer my husband can work full time",7,7,2,1,7,7,4,"age, limited income, retirement insecurity, family responsibilities, job dependency",6,2,4,2,1,2,5,5,7,0.503610796723811,"Financial struggles",7,1,1,3,1,"Republican",NA,"Not very strong",NA,"Republican | Not very strong",1,1,66,"woman","White","4yearColl","$100,001-$120,000",6,4,1,0,1,0,0,NA
"NJ821sr",65,"I feel left behind because I already started behind, aka was not born into wealth. But as the income gap grows larger, far more more people are being left behind so I have a lot more company.",1,5,4,3,1,1,3,"income gap, lack of wealth, economic inequality",6,2,5,4,2,1,2,3,4,0.698652717995486,"Inequality and disparity",1,6,2,2,2,"Independent",NA,NA,"Closer to Democratic","Independent | Closer to Democratic",1,1,40,"woman","multiracial","GED","$80,001-$100,000",5,2,0,0,0,0,1,NA
"CH574yv",25,"I wouldn't really say that I feel left behind. when thinking about it though, I guess in a way the only way I feel behind would be seeing everyone around me moving, doing things, always something happening and like I cant keep up with it. sometimes when I think of the fact that time is fluid, it makes me feel like I cant keep up with the pace of time and life",2.5,4,4,4,3,2,2,"fast-paced life, time management, social pressure",5,1,1,2,1,1,2,3,2,0.490836480546005,"Personal growth",1,1,1,1,1,"Independent",NA,NA,"Closer to Republican","Independent | Closer to Republican",1,1,30,"woman","White","GED","$140,001-$160,000",8,2,1,0,0,0,1,NA
"BG349hb",72,"I have felt left behind for the last two years. It all started when I lost my job from a company that I had worked at for over 30 years. This came as a complete shock and I have not been able to find stable employment since it happened.",4.5,3,1,5,4,5,4,"job loss, unstable employment",6,1,5,2,1,1,4,2,3,0.679626524567644,"Career opportunities",5,4,3,3,4,"Independent",NA,NA,"Closer to Republican","Independent | Closer to Republican",1,1,49,"woman","White","4yearColl","$120,001-$140,000",7,4,1,0,0,0,1,NA
"WG733rz",20,"I feel a little left behind because of my age and the fact that I am disabled. As I get older I am not able to participate in activities that I did when I was younger. For most of my life I was extremely fit and able to do a wide variety of physical activities. Now, as I get older and as I experience a recent disability, I am left behind. I can't run. I cannot dance, I am limited in yoga, and I walk slower. These are primarily caused by my disability as even five years ago I could do most of these activities.",2.5,2,4,6,4,1,3,"age, disability, physical limitations, reduced mobility, activity restrictions",5,1,1,3,1,1,4,5,5,0.559726479660567,"Health limitations",2,5,4,2,5,"Democrat","Not very strong",NA,NA,"Democrat | Not very strong",1,1,66,"man","White","PHD","$60,001-$80,000",4,6,1,1,0,1,0,"None."
"DK339up",0,"I'm retired and very dependent on Gov. to send SS monies. I do have some other monies that I use, but am primarily dependent on SS.",4.5,2,5,6,5,4,3,"financial dependency, limited income, economic insecurity",6,5,5,2,1,1,5,3,7,0.686120619862252,"Financial struggles",2,1,1,1,1,"Independent",NA,NA,"Closer to Republican","Independent | Closer to Republican",1,1,83,"man","White","MA","$40,001-$60,000",3,5,1,1,0,0,1,NA
"NF942xe",18,"I sometimes feel left behind in relation to the rapid pace of technological change and the rising cost of living. The constant evolution of tools and systems in the workplace makes it difficult to stay fully up to date. At the same time housing healthcare and education have become increasingly difficult to afford compared to what earlier generations experienced. This creates the sense that no matter how much effort one puts forth it is challenging to achieve long term stability. Opportunities also appear unevenly distributed with some individuals having access to better schools networks and resources while others struggle without similar support. Although I do not feel entirely left behind I am aware of widening gaps in certain areas which can at times feel discouraging.",6.5,2,6,6,6,7,3,"technological change, cost of living, workplace evolution, housing affordability, healthcare costs, education expenses, uneven opportunities, resource access, network disparities",6,2,4,3,1,1,3,9,7,0.481752283663401,"Financial struggles",7,2,3,3,6,"Republican",NA,"Strong",NA,"Republican | Strong",1,1,65,"woman","Black or African American","MA","$40,001-$60,000",3,5,0,0,1,0,0,NA
"ZR467yr",1,"I feel like I am catching up with the changes happening. I think that economic and social factors influence how I feel.",4.5,3,4,5,6,3,2,"economic factors, social factors",6,2,4,3,1,2,2,2,9,0.562910305382953,"Social and political issues",7,7,7,7,7,"Democrat","Strong",NA,NA,"Democrat | Strong",1,1,31,"man","Hispanic, Latino, or Spanish origin","MA","$140,001-$160,000",8,5,0,1,0,1,0,NA
"PK191mz",65,"I feel like I have not necessarily received what I deserve from what I interpret to be the social contact we have in our society. I feel like I did the things that I was told to do, but I didn't necessarily get I was owed. I feel like I am not very prepared to exist in society as it is nowadays.",5,5,2,3,5,5,4,"unmet expectations, lack of preparation, societal changes",6,3,3,3,1,2,3,3,8,0.553902196556574,"Lack of opportunities",4,3,2,5,2,"Republican",NA,"Not very strong",NA,"Republican | Not very strong",1,1,35,"man","White","4yearColl","$40,001-$60,000",3,4,1,1,1,0,0,"None, thanks."
"CG561mp",40,"I feel left behind because of my economic upbringing. People with money have more chances in life and guidance. My family isn't as economically stable or educated. I didn't make choices that were in my best interest because of the lack in knowledge at the time and poor guidance from my uneducated parents.",4,4,7,4,4,4,4,"economic upbringing, lack of guidance, poor education, limited opportunities",6,2,5,3,1,1,2,4,8,0.57249346599144,"Lack of opportunities",3,NA,NA,NA,NA,"Republican",NA,"Not very strong",NA,"Republican | Not very strong",1,1,38,"woman","White","4yearColl","$20,001-$40,000",2,4,1,0,1,0,0,NA
"CI580fm",70,"I am 56 years old and have worked very hard all my life, but I feel like now I am experiencing set backs that are harder to come back from. One step forward and two steps back as they say. You try to do the right thing...loyalty to the company and work hard, you just end up getting laid off and have to start over...have kids, save for the future...one has a disability and all the savings goes toward medical costs. Divorce, there goes more savings. It feels to late to go back and get another degree and it is harder to get hired the older you get. It just feels discouraging to try to advance at middle age.",1,6,4,2,1,1,4,"job loss, medical costs, divorce, age discrimination, career stagnation",6,2,5,3,1,2,5,5,3,0.468273185916377,"Career opportunities",7,2,1,7,1,"Independent",NA,NA,"Closer to Democratic","Independent | Closer to Democratic",1,1,56,"woman","White","GED","$80,001-$100,000",5,2,1,0,0,0,1,NA
"HU141ms",100,"Socially, financially and in general, overall. I seem to be lacking in most areas that others have excelled in over recent years, in spite of the pandemic derailing most for a period of time, I never recovered.",2,4,2,4,3,1,4,"social isolation, financial instability, career stagnation, pandemic impact, lack of progress",5,1,4,3,1,1,3,5,8,0.537186879353919,"Lack of opportunities",1,3,5,6,6,"Independent",NA,NA,"Closer to Democratic","Independent | Closer to Democratic",1,1,42,"man","White","4yearColl","$100,001-$120,000",6,4,1,1,0,0,1,NA
"NY746wv",30,"I'm a white male so from that standpoint this country is not leaving me behind. However, it feels like it is headed in a direction I don't want to follow. So much hate and division coming from our own government, it makes it hard to live here at times.",2,3,5,5,3,1,2,"political division, government actions, social unrest",6,4,2,3,1,2,2,3,9,0.561505616053782,"Social and political issues",3,5,5,2,5,"Independent",NA,NA,"Closer to Democratic","Independent | Closer to Democratic",1,1,44,"man","White","GED","$140,001-$160,000",8,2,1,1,0,0,1,NA
"GN186kv",60,"I largely did everything ""right"" in terms of growing up. I focused on academics, stayed out of trouble, went to a good college, and interned at a respectable company. However, after graduating I just couldn't get a full time job in a relevant field. It's been so long now after graduation that I feel like I've lost all desirability in terms of being hired. I'm watching everyone else have fulfilling careers, while I'm just floundering, barely making ends meet.",1.5,7,4,1,2,1,4,"job market, career stagnation, financial stress, peer comparison, lost opportunities",4,1,4,2,1,1,3,5,3,0.528927831506055,"Career opportunities",1,7,7,1,7,"Democrat","Not very strong",NA,NA,"Democrat | Not very strong",1,1,31,"man","Asian","4yearColl","$0-$20,000",1,4,0,1,0,1,0,NA
"FO336bx",66,"I sometimes feel powerless like I don't have a voice. I know that many people are struggling but it doesn't make my own struggles any easier. I feel like I don't have as many opportunities as I imagined in life when I was younger.",4.5,2,2,6,6,3,3,"lack of voice, limited opportunities, personal struggles",6,2,3,3,2,2,3,3,8,0.597605241419671,"Lack of opportunities",4,3,2,4,2,"Independent",NA,NA,"Closer to Republican","Independent | Closer to Republican",1,1,43,"man","White","4yearColl","$80,001-$100,000",5,4,1,1,0,0,1,NA
"YU009ca",18,"being white means many things are explicitly designed to disadvantage me and my descendants. actually, implicitly as well.",5.5,5,4,3,5,6,2,"systemic bias, racial inequality, discrimination, social injustice, economic disparity",7,2,2,3,2,1,1,5,4,0.714647741107225,"Inequality and disparity",5,3,3,4,1,"Independent",NA,NA,"Closer to Republican","Independent | Closer to Republican",1,1,32,"woman","White","2yearColl","$100,001-$120,000",6,3,1,0,0,0,1,NA
"QI884hj",56,"I'm disabled and haven't had an opportunity to get married or into a long-term relationship yet. A majority of my contemporaries are married already, so I feel a bit left behind in that sense.",4.5,4,3,4,3,6,4,"disability, relationship status, social comparison",5,1,2,3,1,2,3,3,2,0.470071490573623,"Personal growth",6,2,3,7,1,"Independent",NA,NA,"Neither","Independent | Neither",1,1,35,"man","White","2yearColl","$40,001-$60,000",3,3,1,1,0,0,1,NA
"HX537ib",72,"i feel left behind as a black male because my people are still playing catch up since being freed as slaves and dealing with segregation and racism in america.Wealth is harder to obtain for my people as we didnt and dont really have any generational wealth. the policies being made by the current administration seems to aim to keep black people behind",2,6,2,2,3,1,5,"historical inequality, generational wealth, systemic racism, economic disparity, discriminatory policies",7,4,5,5,5,3,2,5,4,0.65386653506442,"Inequality and disparity",2,5,4,NA,5,"Independent",NA,NA,"Closer to Democratic","Independent | Closer to Democratic",1,1,41,"man","Black or African American","GED","$20,001-$40,000",2,2,0,1,0,0,1,NA
