"PID","Status","Progress","Duration..in.seconds.","Finished","consent","intro","gender_.99_TEXT","race_8_TEXT","age","ideo_1","ideo_2","ideo_3","ideo_4","ideo_5","lebe_cont_1","describe","system","gov","econcult","history","trajectory","antidem_1","antidem_2","antidem_3","antidem_4","antidem_5","elect_exp","elect_change","elect_econ","elect_cult","antiest_1","antiest_2","antiest_3","antiest_4","trust_con","trust_gov","trust_jud","trust_sci","trust_pol","trust_news","vote_2024_12_TEXT","check_1","feedback","inparty","outparty","extra_text","gender","race_1","race_2","race_3","race_4","race_5","race_6","race_7","race_8","income","edu","party_gen","party_gen_5_TEXT","party_dem","party_rep","party_ind","vote_2024"
"KG931wh","0","100","202","1","1","4","","","35","1","5","4","5","4","0","Feeling left behind might mean everyone else has a life and has accomplished something and you might now feel that way. I don't feel left behind. My life feels full, I feel accomplished, I'm happy with it. ","3","1","3","4","2","2","2","2","2","2","6","7","5","7","5","5","3","3","1","1","1","3","1","2","","moes","","Democratic Party","Republican Party",", if any,","woman","White","","","","","","","","$120,001-$140,000","MA","Democrat","","Strong","","","Kamala Harris (Democratic Party)"
"VO721kd","0","100","253","1","1","4","","","38","1","5","5","5","3","35","I feel left behind economically and job wise. No matter what I do nothing is really working out for me. I also feel left behind in life. I have no family and do not have a house of my own.","5","2","3","2","2","5","1","5","3","5","2","2","6","5","7","7","6","1","1","1","1","4","1","2","","Wendy's ","","Democratic Party","Republican Party",", if any,","man","White","","","","","","","","$0-$20,000","MA","Democrat","","Not very strong","","","Kamala Harris (Democratic Party)"
"FZ048vk","0","100","175","1","1","4","","","28","1","6","4","4","4","100","I have next to no income, I am disabled, and I don't qualify for government benefits since I don't have enough money for more up to date doctors notes. It's really disheartening and I see the people I graduated with living such full lives while I am here barely scraping by with surveys.","1","5","1","6","1","1","1","1","1","1","3","1","6","7","7","7","7","1","1","1","2","3","1","3","","Taco Bell","","Democratic Party","Republican Party","","man","White","","","","","","","","$20,001-$40,000","4yearColl","Democrat","","Not very strong","","","Kamala Harris (Democratic Party)"
"YU028ih","0","100","14","1","1","5","","","","","","","","","","","","","","","","","","","","","","","","","","","","","","","","","","","","","","","","","","","","","","","","","","","","","","","","",""
"WM184wm","0","100","290","1","1","4","","","32","2","5","7","3","6","26","Not being given equal opportunity in life in regards to school, jobs, and extracurricular activities. I would not say i was necessarily left behind but my parents did have to do some work to get me into schools that are not the ones I was zoned to. In that way I would have been left behind if I just went to the school in my neighborhood. In richer neighborhoods, one can just attend the zone school and receive an above average education. ","1","4","2","1","6","2","2","2","2","4","4","4","5","7","7","6","4","2","1","1","1","4","1","3","","Raising Canes","","Democratic Party","Republican Party",", if any,","man","","Hispanic, Latino, or Spanish origin","","","","","","","Over $200,000","4yearColl","Independent","","","","Closer to Democratic","Kamala Harris (Democratic Party)"
"GS727ti","0","100","235","1","1","4","","","25","","2","2","","","60","I feel left behind in terms of finances and a career. I've been unemployed for 9 months now and it sucks that I am unable to find a job. I've been making income through gig work, but it feels like I'm wasting a lot of my time. I just wish that I am able to get a job in my field again so I can work towards self-fulfillment and be back on track with people who are similar to me. ","4","1","2","5","4","2","2","2","2","2","6","5","7","7","7","5","4","3","2","2","2","4","2","2","","Wendy's","","Democratic Party","Republican Party","","man","","","","Asian","","","","","$60,001-$80,000","4yearColl","Democrat","","Not very strong","","","Kamala Harris (Democratic Party)"
"JM046ls","0","100","328","1","1","4","","","60","1","6","4","2","6","20","I don't really feel left behind, as things have turned out well in my life.  I make decent money, actually enjoy my job and have an amazing life partner","4","1","4","4","4","1","7","1","1","1","4","4","6","6","6","4","4","1","2","1","2","4","3","3","","taco bell","","Democratic Party","Republican Party",", if any,","man","White","","","","","","","","Prefer not to answer","4yearColl","Democrat","","Strong","","","Kamala Harris (Democratic Party)"
"YU703oj","0","100","308","1","1","4","","","56","5","2","2","2","4","30","For me, being left behind relates to times when I have struggled in my life. Financially, when I have struggled, I am someone who falls between the cracks/was just beyond qualification for help. I also feel left behind when it comes to health insurance. I have spent more years uninsured than not. I cannot afford insurance; but, don't qualify for help with insurance/insurance premiums.","2","4","2","4","2","","","","","","2","4","5","5","6","6","5","2","2","2","2","3","2","2","","penn station east coast subs","","Non-Partisan","Non-Partisan",", if any,","woman","White","","","","American Indian or Alaska Native","","","","$60,001-$80,000","4yearColl","Independent","","","","Neither","Donald Trump (Republican Party)"
"VY243nv","0","100","290","1","1","4","","","36","6","5","5","6","5","80","I feel left behind due to my lack of experiences. I have little to no social skills and my finances aren't the greatest but improving due to effort. I feel left behind due my own actions not the fault of society. If I played my cards right I would be doing a lot better.","6","1","5","2","6","","","","","","1","3","5","4","6","6","2","1","1","2","2","3","1","2","","Taco Bell","I hate both parties but wish things would improve.","Non-Partisan","Non-Partisan","","man","","","","Asian","","","","","$80,001-$100,000","2yearColl","Independent","","","","Neither","Kamala Harris (Democratic Party)"
"DF300ki","0","100","293","1","1","4","","","28","6","1","2","3","2","71","I think it mainly means financially left behind.  It seems like it was easier to afford a home in the past, for example.  My parents were able to buy a nice house with a huge garage and backyard on two modest incomes decades ago.  I think today, that's nearly impossible.","2","4","2","6","2","2","3","4","4","2","5","6","3","2","6","5","6","2","2","2","2","2","2","1","","Jimmy John's","","Republican Party","Democratic Party","",NA,"White","","","","","","","","Prefer not to answer",NA,"Republican","","","Not very strong","","I did not vote"
"RF010xy","0","100","216","1","1","","","","39","7","2","2","4","2","0","Well, women are often left behind in the sense that we aren’t considered in health studies; we’re expected to shoulder far more demands than our male counterparts, and do it without adequate support. ","2","5","4","4","1","1","2","3","5","2","4","3","6","6","6","5","3","2","2","3","3","4","3","2","","Freddie’s ","","Democratic Party","Republican Party",", if any,","woman","White","","","","","","","","$180,001-$200,000","PHD","Democrat","","Strong","","","Kamala Harris (Democratic Party)"
"JN822jx","0","100","371","1","1","4","","","25","1","6","6","","7","100","I am behind because I will never be able to afford anything. I will never be able to afford a house, and I can just hope that my parents keep theirs so that I can inherit it. I am also not going to have the normal milestones. I do not plan on getting married. I do not plan on having children. I do not plan on being able to retire. I am definitely behind millions of others who have just gotten more ""lucky"" and were born with some kind of money.","1","4","1","3","1","6","2","5","2","5","3","5","7","7","7","5","5","1","1","1","2","3","1","1","","mcdonalds","","Democratic Party","Republican Party","","woman","White","","","","","","","","$40,001-$60,000","2yearColl","Democrat","","Not very strong","","","Kamala Harris (Democratic Party)"
"IW455ya","0","100","278","1","1","4","","","61","6","1","1","4","1","31","I guess I could feel left behind because of technology or being part of the culture. I don't feel left behind because I am tech savvy and don't need to feel connected to the world in a way that i need to be accepted by it.","3","1","5","5","3","","","","","","2","5","1","1","7","1","2","2","1","1","1","1","1","1","","Chic-fil-a","","Non-Partisan","Non-Partisan",", if any,","man","White","","","","","","","","$60,001-$80,000","MA","Independent","","","","Neither","Donald Trump (Republican Party)"
"XJ512ns","0","100","204","1","1","4","","","36","","","","","","72","I feel left behind due to not progressing in most areas compared to others in my age and life stage. I'm behind on my career, family, and just everything it seems","5","2","2","6","2","1","1","1","1","1","5","5","5","6","6","6","6","5","2","3","3","3","1","3","","mcdonald's","","Democratic Party","Republican Party","","man","White","","","","","","","","$40,001-$60,000","GED","Independent","","","","Closer to Democratic","Kamala Harris (Democratic Party)"
"YB659ta","0","100","442","1","1","4","","","54","2","2","","","","78","I think it means how you evaluate your life and your contentment with it relative to expectations. I feel I'm currently struggling with a number of issues both financially and with my relationships as well. I suppose everything is relative and based on your own personal context but that is how I interpret this.","7","1","1","7","2","","","","","","2","3","6","3","4","7","3","2","1","1","2","4","1","1","","Chipotle","","Non-Partisan","Non-Partisan","","man","White","","","","","","","","$180,001-$200,000","GED","Independent","","","","Neither","Donald Trump (Republican Party)"
"FW806vy","0","100","345","1","1","4","","","48","1","7","7","2","6","35","I feel that I am left behind. I was trained in Law Enforcement and did that for 7 years. Due to my partners murder, I developed crippling anxiety and left the profession. I then became a bookkeeper. however, more and more computer automation is taking over bookkeeping. Its been too long that I have been in law enforcement can't go back there, and technology is coming for bookkeeping. I feel that I am too old for another career change. ","6","1","3","6","1","1","1","1","1","1","1","1","7","7","7","7","7","3","2","2","2","4","1","3","","Wendys","","Democratic Party","Republican Party",", if any,","woman","White","","","","","","","","$100,001-$120,000","4yearColl","Democrat","","Not very strong","","","Kamala Harris (Democratic Party)"
"UB643ue","0","100","406","1","1","4","","","39","2","4","1","4","5","9","I feel left behind as a single parent because I struggle a lot to keep myself afloat. I have a lot to juggle in my daily life with very little support.","4","3","2","3","1","","","","","","4","3","6","6","7","7","7","2","1","1","1","3","1","1","","taco bell","","Non-Partisan","Non-Partisan",", if any,","woman","","Hispanic, Latino, or Spanish origin","","","","","","","$0-$20,000","2yearColl","Independent","","","","Neither","I did not vote"
"KS809gz","0","100","313","1","1","4","","","37","5","1","1","3","1","30","I feel left behind by employment and other issues like women getting more attention than men these days. Especially when it comes to being employed. There are better chances for women to be employed than men in the work force for a lot of entry level or professional positions. Then the income is another issue with myself at least.","2","2","1","6","1","2","2","4","6","2","3","5","4","2","6","6","7","3","2","2","2","3","2","1","","In N Out","","Republican Party","Democratic Party",", if any,","man","White","","","","","","","","$40,001-$60,000","GED","Republican","","","Not very strong","","Donald Trump (Republican Party)"
"OG485nh","0","100","437","1","1","4","","","45","1","4","1","1","1","73","Sometimes I feel left behind when I see people my age already doing things I want to do, like having better careers and nicer homes, while I'm still working towards those goals. It makes me feel like I'm moving slower than everyone else, even though I know I'm trying my best.","1","5","1","1","2","2","2","2","2","2","4","4","4","5","7","7","7","1","1","1","2","4","1","2","","Taco Bell","","Democratic Party","Republican Party","","man","","Hispanic, Latino, or Spanish origin","","","","","","","$140,001-$160,000","4yearColl","Democrat","","Not very strong","","","Kamala Harris (Democratic Party)"
"RB280al","0","100","366","1","1","4","","","53","1","4","7","7","5","19","Right now I feel a little left behind because of the job market. It is very hard getting a job that pays well right now. No jobs in this small town.","2","2","2","6","2","1","1","1","3","3","6","5","7","7","7","7","7","5","1","1","1","3","2","2","","Burger King","Interesting topic","Democratic Party","Republican Party",", if any,","woman","","","Black or African American","","","","","","$60,001-$80,000","4yearColl","Democrat","","Strong","","","Kamala Harris (Democratic Party)"
"RV570ep","0","100","292","1","1","4","","","71","7","1","1","5","1","29","The only way I feel left behind is because I am underestimated due to my age. I am active, strong, healthy, computer literate, smartphone literate, and stay on top of the news. I am routinely outright ignored or alternatively treated like an invalid because I am older. ","1","2","7","6","2","2","2","1","1","1","3","3","1","1","6","7","7","1","1","1","2","3","1","1","","Wendy's","","Republican Party","Democratic Party",", if any,","woman","White","","","","","","","","$20,001-$40,000","GED","Republican","","","Strong","","Donald Trump (Republican Party)"
"XQ558tt","0","100","372","1","1","4","","","71","7","1","1","5","1","0","I don't feel left behind in any sense of the phrase but given the high cost of living I can understand why many feel like they can barely survive day to day with no hope of improving their situation and that can make them feel left behind.","2","2","1","3","3","1","1","1","1","1","1","2","1","1","5","5","5","3","2","2","3","3","2","1","","Chic-fil-A","Very interesting and thought provoking study. Thank you so much and I wish you much success with your research!","Republican Party","Democratic Party",", if any,","man","White","","","","","","","","$40,001-$60,000","GED","Republican","","","Not very strong","","Donald Trump (Republican Party)"
"HT082zb","0","100","235","1","1","4","","","40","3","5","6","5","5","55","I feel left behind as I don't think I value the same things that my peers value. I value the Earth and nature, and I spend a lot of my time immersed in the outdoors. I feel like most people are more focused on family, work, tech, etc. ","7","1","6","6","5","1","1","1","1","1","3","3","6","6","7","6","6","2","1","1","2","3","1","3","","Mcdonalds","none","Democratic Party","Republican Party","","man","White","","","","","","","","$40,001-$60,000","GED","Independent","","","","Closer to Democratic","Kamala Harris (Democratic Party)"
"VV360uz","0","100","364","1","1","4","","","47","7","7","7","7","7","61","It means not represented by the status quo and not having your voice represented by your elected officials.","4","5","1","4","1","1","1","1","1","1","4","1","7","7","7","4","4","1","2","1","1","4","1","3","","Penn Station","Fantastic survey","Democratic Party","Republican Party","","man","White","","","","","","","","$20,001-$40,000","GED","Democrat","","Strong","","","Kamala Harris (Democratic Party)"
"EY436xa","0","100","402","1","1","4","","","55","5","5","2","5","3","40","I think of left behind as whether I have more opportunities and financial security as my parents.  It is a generational measure.","3","1","2","4","2","4","6","2","2","2","4","5","3","3","7","7","7","2","1","1","3","3","1","1","","Cook-Out","thank you","Republican Party","Democratic Party",", if any,","man","White","","","","","","","","$160,001-$180,000","PHD","Republican","","","Not very strong","","Donald Trump (Republican Party)"
"RK008in","0","100","237","1","1","4","","","38","6","3","2","3","2","60","I think financially. Trying to make money today seems to be pretty hard to do. I enjoy making content online, but it is hard to stand out!","2","3","3","6","3","","","","","","2","4","4","2","6","4","4","3","1","1","1","3","1","1","","In N Out Burger","","Non-Partisan","Non-Partisan","","man","White","","","","","","","","$40,001-$60,000","GED","Independent","","","","Neither","Donald Trump (Republican Party)"
"XO687zh","0","100","273","1","1","4","","","62","1","6","7","5","6","6","Age is discriminated agains in this country. It is especially difficult to find employment regardless of education and years of experience. With age comes knowledge and wisdom which is not thought of very highly.","1","2","4","1","2","1","1","1","1","1","1","6","7","7","7","7","2","1","2","1","3","4","2","4","","Zaxbys","","Democratic Party","Republican Party",", if any,","woman","White","","","","","","","","$40,001-$60,000","GED","Democrat","","Strong","","","Kamala Harris (Democratic Party)"
"BN683kh","0","100","382","1","1","4","","","61","7","1","1","4","1","75","I felt left behind because I am being taxed so much that I can not accomplish my life's goals.  My elected representatives seem unaware and unconcerned about the level of taxation that is holding people back, and they are spending all the money on people who don't deserve it. ","1","5","1","4","2","2","2","2","4","1","1","5","1","1","1","6","7","6","1","1","2","3","2","1","","Five Guys","no comments","Republican Party","Democratic Party","","man","White","","","","","","","","Over $200,000","PHD","Republican","","","Strong","","Donald Trump (Republican Party)"
"ZW389ex","0","100","485","1","1","4","","","57","1","4","6","3","7","75","I feel left behind because, through no (or little) fault of my own, I have been out of the workforce for almost 9 years. Took care of a family member after a stroke, covid, mental health challenges afterwards. I am 57 years old and practically unhireable because of my age. Companies don’t want to invest in someone who won’t be there in 10-15 years. Little do they know that the way my finances are now and the way the current administration is running the economy into the ground, I'll probably be around for the next 20-25 years working just to survive. I’ve been trying to get a better, more rewarding full time job than the one I have now. I’m over qualified for most, but I still want the better job. I’m being dismissed out of hand because I am considered tool old or they fear I will be “too expensive” to hire.","2","4","6","7","2","7","7","5","3","3","5","2","7","7","7","6","7","3","1","1","3","4","1","3","","Taco Bell ","I think you should provide some concrete examples of being left behind ","Democratic Party","Republican Party","","man","White","","","","","","","","$80,001-$100,000","4yearColl","Democrat","","Strong","","","Kamala Harris (Democratic Party)"
"ZY624zr","0","100","362","1","1","4","","","30","7","1","2","2","1","23","like others have made it in life and you havent gotten anywhere,you just stagnant ,thigs are not going on well with you,","3","3","4","3","4","4","2","4","2","2","5","4","4","4","5","4","4","4","2","2","2","2","2","2","","burger kiing","","Republican Party","Democratic Party",", if any,","woman","","Hispanic, Latino, or Spanish origin","","","","","","","$140,001-$160,000","4yearColl","Republican","","","Strong","","Donald Trump (Republican Party)"
"CG199xe","0","100","352","1","1","4","","","66","7","1","1","2","1","10"," While growing up as one of four kids I often felt left behind, ignored or lost. Pretty sure my parents liked the other siblings better than me and I think at age 66 that holds true . I feel bad but thats who i feel. Wasnt the best stuedent when compared to my siblings, didnt act as nice as them, wasnt given the same attention as them either.","6","1","6","2","2","1","1","1","1","1","1","4","4","1","5","6","6","5","1","1","3","2","1","1","i voted for myself honestl","wendys","","Republican Party","Democratic Party",", if any,","man","White","","","","","","","","$80,001-$100,000","GED","Independent","","","","Closer to Republican","Other (please specify)"
"WM775rx","0","100","355","1","1","4","","","35","6","7","7","5","7","80","I feel left behind because I pay a good amount of taxes as a single person living in an expensive place like California, and I don’t get anything in return for it. ","2","5","2","4","1","1","1","1","2","1","1","2","5","4","7","7","6","2","1","1","1","3","1","2","","Chipotle","Thanks","Democratic Party","Republican Party","","man","","","","","","Middle Eastern or North African","","","$40,001-$60,000","GED","Independent","","","","Closer to Democratic","Jill Stein (Green Party)"
"TF448bf","0","100","393","1","1","4","","","70","5","1","2","1","1","22","Maybe being left behind means you like the way things used to be and don't like all the new changes in the world. You like when there were 2 sexes and not so much political turmoil, in that sense I guess I am left behind. ","1","4","6","6","2","1","1","1","1","1","4","4","3","2","5","4","5","4","3","3","3","4","2","2","","Panera","","Republican Party","Democratic Party",", if any,","woman","White","","","","","","","","$40,001-$60,000","GED","Republican","","","Not very strong","","Donald Trump (Republican Party)"
"IW068if","0","100","569","1","1","4","","","64","4","1","3","3","5","0","Feeling left behind to me means feeling left out, not being seen or heard, not being part of a group.","2","2","5","5","4","2","1","2","2","2","4","5","4","6","3","3","3","4","2","2","3","3","2","3","","Dave’s hot chicken","","Democratic Party","Republican Party",", if any,","woman","White","","","","","","","","$60,001-$80,000","2yearColl","Independent","","","","Closer to Democratic","Kamala Harris (Democratic Party)"
"DV209rg","0","100","387","1","1","4","","","64","7","1","1","1","1","0","I guess it has to do with the feeling that things aren't equal for some people or groups. I don't believe in that philosophy, and I don't feel left behind.","4","1","4","4","4","4","4","4","4","6","2","3","1","1","5","4","4","3","1","2","2","2","2","1","","Rally's","Thank you","Republican Party","Democratic Party",", if any,","woman","White","","","","","","","","$20,001-$40,000","4yearColl","Republican","","","Not very strong","","Donald Trump (Republican Party)"
"WT519ki","0","100","285","1","1","4","","","38","1","5","7","1","7","50","I feel left behind in the sense that I will most likely have fewer rights and less financial security than my parents and their generation.","1","5","4","5","1","1","2","3","1","5","4","4","7","7","7","5","4","1","2","1","2","4","2","2","","Chipotle","","Democratic Party","Republican Party","","woman","White","","","","","","","","$100,001-$120,000","4yearColl","Democrat","","Strong","","","Kamala Harris (Democratic Party)"
"YA457dg","0","100","259","1","1","4","","","59","6","2","3","5","3","51","Although I do yearn for times past I consider myself fairly up to date on trends, politics and technology, so I would estimate my left behind rating at 51.","6","3","6","2","2","2","2","2","2","2","2","2","2","2","3","5","3","5","2","3","3","3","2","2","","Panera","","Republican Party","Democratic Party","","man","White","","","","","","","","$80,001-$100,000","4yearColl","Republican","","","Not very strong","","Donald Trump (Republican Party)"
"AG709ww","0","100","388","1","1","4","","","39","5","1","1","2","1","0","Feeling left behind to me would mean not being able to adapt quick enough secularly to remain competitive in my industry. Others would surpass my knowledge and skill level and I would become obsolete. ","6","1","2","4","1","2","3","3","4","2","2","4","2","2","6","7","6","4","2","3","1","3","2","1","","Wendy’s ","None","Republican Party","Democratic Party",", if any,","man","White","","","","","","","","$100,001-$120,000","GED","Republican","","","Not very strong","","Donald Trump (Republican Party)"
"PG316zo","0","100","533","1","1","4","","","59","6","1","1","2","1","50","I think at times feeling left behind comes from a number of factors, which includes economics, education, and level of socialbility with other human being. In the idea of economics, it may simply be how one grew up where there was not a lot of money available and had to improvise ways on how to live and survive. Economics also leads into education, where one goes to school and where that public school district is adequate regarding education overall; does it also suffer from economic issues. Socialbility also defines who we are, as well as our ability to communicate, relate, and network with others.","4","3","1","1","5","1","4","1","4","4","1","4","1","1","4","6","6","2","1","2","3","3","2","1","","In N Out","","Republican Party","Democratic Party","","man","White","","","","","","","","$100,001-$120,000","4yearColl","Independent","","","","Closer to Republican","Donald Trump (Republican Party)"
"JH512hv","0","100","278","1","1","4","","","42","2","5","4","5","4","10","I do not feel like I'm part of the ""feeling left behind"" group.  I am a white male and therefore am not part of a class or minority that has been under-represented throughout the history of this country.","4","3","4","4","4","1","1","2","1","1","3","3","5","6","5","5","3","3","2","2","3","4","2","3","","Firehouse Subs","","Democratic Party","Republican Party",", if any,","man","White","","","","","","","","$100,001-$120,000","MA","Independent","","","","Closer to Democratic","Kamala Harris (Democratic Party)"
"YD948tj","0","100","496","1","1","4","","","53","1","7","5","4","5","0","I suppose I feel a bit left behind when it comes to my career. I have changed my career a few times and now do what I truly love, which also unfortunately means a lot less money and status. When I was in corporate positions, I could have moved up to a level that is more or less admirable, earned me a very nice income and status in a traditional sense. Sometimes when I see or hear about former coworkers and acquaintances who have moved up to where I could have been, I slightly feel a tinge of ""what if"". It is not jealousy but sort of a feeling of left behind"" in the corporate sense.","7","1","4","3","4","1","1","1","4","2","5","6","7","7","6","5","4","2","2","1","2","4","2","3","","Shake Shack","","Democratic Party","Republican Party",", if any,","woman","","","","Asian","","","","","Over $200,000","MA","Democrat","","Strong","","","Kamala Harris (Democratic Party)"
"KB542qb","0","100","406","1","1","4","","","54","5","2","1","3","1","20","I feel this would encompass those that feel while they are doing most things right, that they are productive citizens in their community and country, their ability to get ahead and to be accepted by society for their accomplishments are not valued or sometimes even recognized.  They are not viewed favorably by the majority and or may not fit in with the majority even though they have done nothing wrong.","3","3","6","4","3","2","2","2","2","2","3","5","2","4","6","5","5","3","2","3","4","4","2","1","","In and Out","Thank you for the opportunity!","Republican Party","Democratic Party",", if any,","man","White","","","","","","","","Over $200,000","4yearColl","Republican","","","Not very strong","","Donald Trump (Republican Party)"
"SW020es","0","100","448","1","1","4","","","55","6","2","1","2","1","79","Feeling left behind to me means watching life move forward for others while I feel stuck in the same place. I notice people around me reaching milestones with better jobs and more stability while I am still struggling with the same challenges day after day.","6","1","2","3","2","1","1","1","1","1","3","4","2","2","7","7","4","2","2","2","3","3","1","1","","mcdonalds","","Republican Party","Democratic Party","","woman","White","","","","","","","","$40,001-$60,000","2yearColl","Republican","","","Not very strong","","Donald Trump (Republican Party)"
"LX380kr","0","100","345","1","1","4","","","33","4","4","2","1","3","25","I feel that I've been left behind in the sense that as I've gotten older, my income I feel hasn't been keeping up with others of my age and in my area.  Many people that are my age earn upwards of 100-120k per year and I feel left behind.  I'm actively working on trying to get to that level but am kind of unsure how to at this point.  The market is tough and landing a job is even tougher.","5","1","1","6","6","1","1","1","1","1","5","5","5","2","7","7","7","1","1","1","2","3","1","2","","McDonalds","No additional comments or feedback on my end, thank you!","Republican Party","Democratic Party",", if any,","man","","","","Asian","","","","","$140,001-$160,000","4yearColl","Independent","","","","Closer to Republican","Donald Trump (Republican Party)"
"YN948dh","0","100","319","1","1","4","","","74","1","7","7","4","7","2","Feeling left behind means that people don't care about me, that society doesn't care about 
people like me, or that I have not lived my life in a way that makes me feel comfortabel in my old age.","1","5","1","4","1","1","1","1","1","1","4","4","7","7","7","6","7","1","1","1","1","4","1","3","","Taco Bell","none","Democratic Party","Republican Party",", if any,","woman","White","","","","","","","","$20,001-$40,000","4yearColl","Democrat","","Strong","","","Kamala Harris (Democratic Party)"
"JF207gd","0","100","294","1","1","4","nonbinary","","50","2","5","","","","1","It means that you feel like you're being left out, like you don't belong or are not a part of what's happening around you. I feel like the American dream is gone so I feel left behind in this regard.","1","5","3","6","1","1","1","2","4","5","4","3","6","6","7","7","7","1","1","1","1","3","1","1","","Subway","","Democratic Party","Republican Party",", if any,",NA,"White","","","","","","","","$20,001-$40,000","MA","Democrat","","Not very strong","","","I did not vote"
"RQ906bx","0","100","202","1","1","4","","","33","1","7","7","1","7","69","I feel left behind because of the income I’m earning, I feel I am unable to buy a house because of the housing cost in my city. ","2","4","1","6","2","1","1","1","1","1","5","2","7","7","6","6","6","4","3","3","3","3","3","3","","Honeygrow","","Democratic Party","Republican Party","","woman","","","","Asian","","","","","$80,001-$100,000","4yearColl","Democrat","","Strong","","","Kamala Harris (Democratic Party)"
"FK664ez","0","100","284","1","1","4","","","54","3","3","1","1","1","0","I guess if I feel left behind it would have to be because I see the glory of just being alive and most people do not. I can understand why they do not but nevertheless I still see the glory of the so-called mundane or given and make no apologies for doing so. This puts me rather beneath people's level of concern and they tend to label me as the 'jokester' but I fear the joke is on them. ","1","1","7","1","4","1","1","1","1","1","4","5","4","4","2","6","4","4","2","2","3","4","1","2","","Burger King","","Republican Party","Democratic Party",", if any,","man","White","","","","","","","","$0-$20,000","PHD","Republican","","","Not very strong","","Donald Trump (Republican Party)"
"VN588gk","0","100","431","1","1","4","","","47","1","5","5","4","6","81","I have had debilitating chronic illness for over 25 years. It has affected my health dramatically, causing damage to my liver and kidneys. I feel sick every day. I have tried to work as much as I can. Sometimes I can work 50+ hrs a week, sometimes I am bedridden for months. Our Gov/Society cares very little for people with INVISIBLE chronic illness/disease. It's very hard to get disability income, and you need to hire a lawyer. Many public places/venues are not accessible for those with mobility issues. ","1","4","3","2","4","1","2","1","4","1","3","3","6","7","6","7","6","3","2","2","2","4","2","1","","In n Out","","Democratic Party","Republican Party","","woman","White","","","","","","","","$120,001-$140,000","GED","Democrat","","Strong","","","Kamala Harris (Democratic Party)"
"YS026tx","0","100","367","1","1","4","","","60","7","1","1","7","1","95","The world is not the same place it was 40 years ago...and the change has not been for the better. I feel like a dinosaur in this age where we have all this technology but no common sense. Things were so much better when they were simpler. If I could go back to the mid 1980s and stay there, I would.","1","3","5","4","1","7","7","7","7","7","2","1","1","1","6","7","7","1","1","1","1","2","1","1","","Arby's","","Republican Party","Democratic Party","","man","White","","","","","","","","$20,001-$40,000","MA","Republican","","","Strong","","Donald Trump (Republican Party)"
"BA969ut","0","100","481","1","1","4","","","42","5","5","3","4","3","6","I do not feel left behind in anyway. I used to think that way but as you get older you make your own way.  Mostly Everyone in can get a ahead it takes a lot of work and things getting in the way. When I mean mostly I'm talking about impaired people that have no control over body functions. Other than that a little hard work can move mountains.","1","4","3","1","3","1","4","1","2","1","3","5","4","4","4","5","2","1","1","1","1","3","1","1","","Pizza Hut","Great Study Thank You","Democratic Party","Republican Party",", if any,","man","White","","","","","","","","$80,001-$100,000","GED","Democrat","","Not very strong","","","Kamala Harris (Democratic Party)"
"FT444df","0","100","328","1","1","4","","","30","1","7","7","1","7","8","I think in the way this country is heading. The vast majority of people agree with things like abortion, gay marriage, climate change, etc. But this countrys leadership is embracing the opposite in addition to hatred of others, discrimination, and corruption. ","1","5","5","7","1","1","2","1","1","2","4","3","7","7","7","5","3","4","1","1","1","4","1","2","","Taco Bell","","Democratic Party","Republican Party",", if any,","man","White","","","","","","","","$140,001-$160,000","MA","Democrat","","Strong","","","Kamala Harris (Democratic Party)"
"IJ244nc","0","100","297","1","1","4","","","49","","5","","5","4","61","Im not interested in making money or having lots of things. I love to travel but my medicaid doesn't cover me in other states which feels like I've been overlooked. ","4","4","6","3","2","","","","","","1","1","7","7","7","7","7","1","1","1","1","3","1","1","","Chipoltes","","Non-Partisan","Non-Partisan","","woman","White","","","","","","","","$0-$20,000","MA","Independent","","","","Neither","I did not vote"
"SB204bg","0","100","351","1","1","4","","","49","3","5","5","5","5","31","I feel like I'm left behind because I'm not living my life the way others that are my age are. I went thru a divorce about 10 years ago that had definitely made me feel like I'm being left behind. ","7","1","2","3","2","","","","","","3","5","5","5","6","6","6","4","3","3","3","3","3","3","","Taco bell","","Non-Partisan","Non-Partisan",", if any,","woman","White","","","","","","","","$20,001-$40,000","2yearColl","Independent","","","","Neither","I did not vote"
"IY459uk","0","100","325","1","1","4","","","42","1","6","4","4","7","93","Don’t have the income to have experiences, save, or be prepared for emergencies. Not able to have adequate medical care for me or my spouse.","1","5","1","2","1","4","4","4","4","4","4","4","7","7","7","6","5","2","2","2","2","3","2","2","","Popeyes ","","Democratic Party","Republican Party","","man","White","","","","","","","","$20,001-$40,000","GED","Independent","","","","Closer to Democratic","Kamala Harris (Democratic Party)"
"ZI289tp","0","100","398","1","1","4","","","26","7","6","5","5","2","10","The feeling of being left behind relates to a person who feels that society has disregarded them both personally and socioeconomically. Examples of this could be homelessness, drug addiction and being put into a class that most of the society disregards. Feeling left behind ultimately means that a person has lost hope in the future for themselves and society shows this as a reality. ","3","3","3","4","1","1","1","1","1","1","4","3","2","3","6","5","5","4","2","2","2","4","2","3","","Chipotle","","Republican Party","Democratic Party",", if any,","man","White","","","","","","","","$80,001-$100,000","4yearColl","Independent","","","","Closer to Republican","Donald Trump (Republican Party)"
"PX628uy","0","100","374","1","1","4","","","65","1","7","7","1","7","18","If I felt left behind, I would feel that technology is advanced past my general knowledge and I don't know how to catch up.","1","5","2","3","2","3","4","4","3","5","1","3","7","7","7","6","3","1","1","1","1","3","1","1","","arby's","","Democratic Party","Republican Party",", if any,","woman","White","","","","","","","","$20,001-$40,000","2yearColl","Democrat","","Strong","","","Kamala Harris (Democratic Party)"
"DL870tq","0","100","500","1","1","4","","","44","1","5","5","","5","60","I feel my race has often been left behind in all facets of life. So, when it comes to the education system, the jobs available in the community, or even access to healthy foods in all neighborhoods. I've been left behind.","1","4","4","3","2","1","1","1","1","1","2","3","6","6","7","7","7","1","1","1","1","3","1","3","","Popeyes","","Democratic Party","Republican Party","","woman","","","Black or African American","","","","","","$80,001-$100,000","GED","Independent","","","","Closer to Democratic","Kamala Harris (Democratic Party)"
"WG155do","0","100","360","1","1","4","","","40","4","4","3","2","5","50","I don't feel left behind. I have to be honest with myself in this regard. I feel like most people never really understood where I'm coming from, and so I don't match the average person, and therefore, I can't be left behind. To be left behind means people understood me at some point and decided I'd be better off alone. Well, no one really understood me, and I decided to be left alone. While it does seem that the word keeps going as I stay stationary, it's mostly because I didn't want to be a part of all that in the first place.","6","1","4","4","4","1","1","1","1","1","6","7","4","5","5","4","4","4","3","3","3","4","3","3","","KFC","","Democratic Party","Republican Party","","man","White","","","","","","","","$20,001-$40,000","GED","Independent","","","","Closer to Democratic","Kamala Harris (Democratic Party)"
"BD747ot","0","100","199","1","1","4","","","42","2","5","","1","3","5","Feeling left behind means that you think that you don't get the help or assistance that others are receiving. I think my grandpa paid much more college tuition for one of my cousins than he did for me, so I feel more left behind in that regard.","7","1","2","5","2","1","1","1","1","1","3","6","5","6","7","5","4","2","2","2","2","3","2","2","","McDonald's","","Democratic Party","Republican Party",", if any,","man","White","","","","","","","","$120,001-$140,000","MA","Independent","","","","Closer to Democratic","Kamala Harris (Democratic Party)"
"UU234cj","0","100","239","1","1","4","","","37","5","5","6","5","6","84","I did not have a strong support system, so I feel like I am still catching up. I am almost 40 and I still don't know what I want to do for the rest of my life, nor have I been able to keep up with basic things like dental and mental health.","3","4","4","1","1","2","2","3","1","1","2","2","6","7","7","7","6","1","1","1","2","3","1","1","","In n Out","","Democratic Party","Republican Party","","woman","White","","","","","","","","$40,001-$60,000","GED","Democrat","","Not very strong","","","I did not vote"
"YH607ob","0","100","433","1","1","4","","","57","1","6","7","1","7","37","Feeling left behind is the sense that everything and everyone around me is progressing or moving on while I stay put. It might mean that I see friends doing new things in their lives and meeting new people without inviting or including me. It also might include not keeping up with the latest technologies or trends and feeling left out of them. For some people it may include watching colleagues succeed and receive promotions or raises at work while they do the same thing day after day with little or no recognition or reward. I'm retired now and can do things that I find interesting, so I actually feel more free right now and not left behind at all.","3","2","5","4","4","1","1","1","1","1","5","3","7","7","7","5","5","4","2","2","3","4","2","3","","Popeye's","","Democratic Party","Republican Party",", if any,","woman","White","","","","","","","","$20,001-$40,000","PHD","Democrat","","Strong","","","Kamala Harris (Democratic Party)"
"PJ136ll","0","100","495","1","1","4","","","38","6","1","1","","1","94","It means I'm not as far as I should be in life. I feel this way because I am not a successful person.","5","1","1","2","2","4","2","4","2","7","2","4","4","2","6","7","7","1","1","2","2","2","2","1","","taco bell","","Republican Party","Democratic Party","","man","White","","","","","","","","$40,001-$60,000","GED","Republican","","","Strong","","I did not vote"
"CL525ij","0","100","238","1","1","4","","","21","4","3","2","6","3","15","Feeling left behind means being excluded from essential opportunities. If I am denied the opportunity to excel, or am rejected from certain activities due to my past, I would feel left behind. ","6","1","6","3","3","1","1","3","1","2","4","5","2","2","1","2","2","5","3","3","4","4","2","3","","Mcdonald's","This survey was extremely interesting!","Republican Party","Democratic Party",", if any,","man","","","","Asian","","","","","$100,001-$120,000","2yearColl","Independent","","","","Closer to Republican","I did not vote"
"HH826sp","0","100","265","1","1","4","","","42","3","3","3","2","2","0","I can't really say that I feel left behind. I've been pretty blessed in my life and don't have much in the way of major concerns in this regard. I'm pretty lucky overall.","4","1","4","4","4","","","","","","5","6","5","5","5","5","2","2","2","2","3","4","1","3","","Pizza Hut","","Non-Partisan","Non-Partisan",", if any,","man","White","","","","","","","","$40,001-$60,000","PHD","Independent","","","","Neither","Kamala Harris (Democratic Party)"
"ZJ384mu","0","100","243","1","1","4","","","42","5","2","1","5","1","40","I feel like it means in the economic sense, like the economy has left you behind and you feel like you don't have the opportunities that were afforded to others. ","3","3","1","5","2","2","1","2","3","3","3","5","1","1","5","5","6","3","2","3","3","3","2","1","","taco bell","","Republican Party","Democratic Party",", if any,","man","White","","","","","","","","$60,001-$80,000","4yearColl","Republican","","","Not very strong","","Donald Trump (Republican Party)"
"VW388us","0","100","328","1","1","4","","","47","3","3","1","3","3","100","I have an injury I am dealing with that makes fulltime work difficult. I did not graduate from college. I am not really into technology and don't enjoy social media. I make less money than others in my group. I have trouble affording things.","4","2","2","4","1","1","1","1","1","1","4","3","6","4","7","6","5","2","1","1","2","3","1","2","","burger king","","Republican Party","Democratic Party","","man","White","","","","","","","","$40,001-$60,000","GED","Republican","","","Not very strong","","Donald Trump (Republican Party)"
"AR222lk","0","100","288","1","1","4","","","30","1","6","4","4","6","25","It means you are not able to keep up with the rest of society (income, employment, basic needs, etc.) I feel that the way the US is lately is scary and getting worse. I worry about my future and not being able to survive. ","2","4","2","5","2","1","2","2","4","1","4","5","6","7","7","7","5","1","2","1","2","4","2","3","","Taco Bell","","Democratic Party","Republican Party",", if any,","woman","White","","","","","","","","$60,001-$80,000","4yearColl","Democrat","","Not very strong","","","Kamala Harris (Democratic Party)"
"JM515sx","0","100","550","1","1","4","","","57","1","6","5","1","7","40","I feel left behind in the workforce.  I am currently unable to work because of severe arthritis all over my body.  I miss interacting with my coworkers and feel left behind in that aspect of life.  ","7","1","4","6","1","1","1","1","2","1","5","5","7","7","7","4","7","2","1","3","2","4","2","4","","Burger King","","Democratic Party","Republican Party",", if any,","woman","White","","","","","","","","$60,001-$80,000","GED","Democrat","","Strong","","","Kamala Harris (Democratic Party)"
"DG393mo","0","100","404","1","1","4","","","42","1","6","5","1","6","51","Feeling left behind, in my life, means that government and family have forsaken me.  They have eliminated themselves from any and every form of help to me.","2","3","2","5","2","6","5","5","6","6","3","3","5","6","6","6","6","2","2","2","2","3","3","2","","McDonald's","","Democratic Party","Republican Party","","woman","","","Black or African American","","","","","","$20,001-$40,000","4yearColl","Democrat","","Strong","","","Kamala Harris (Democratic Party)"
"JF171gy","0","100","284","1","1","4","","","39","3","4","3","2","4","0","To me it means missing out on experience or growth. Especially while others in my social circle are moving ahead with careers or houses or other things.","4","1","1","4","4","1","1","1","1","1","4","4","5","6","7","6","4","4","2","3","2","4","2","2","","Qdoba","","Democratic Party","Republican Party",", if any,","man","White","","","","","","","","$140,001-$160,000","4yearColl","Independent","","","","Closer to Democratic","Kamala Harris (Democratic Party)"
"KP740il","0","100","427","1","1","4","","","48","7","1","1","1","1","50","I do feel kind of left behind, but not because of what liberal media always talks about, race/ethnicity. I feel left behind by our government who always seemed to be putting American citizens last. This current administration is finally putting American citizens first in some respects like safety. This country's government (the last administration) embraced violence over the past 4 years, choosing to side with criminals over hard-working, regular Americans.","1","5","1","5","5","1","1","1","1","1","1","1","1","1","6","7","7","1","1","1","1","1","1","1","","Raising Canes","","Republican Party","Democratic Party","","man","","Hispanic, Latino, or Spanish origin","","","","","","","$40,001-$60,000","GED","Republican","","","Strong","","Donald Trump (Republican Party)"
"GY396ri","0","100","223","1","1","4","","","36","7","1","1","6","1","0","I do not feel left behind. But I may feel left behind if I was unable to make ends meet financially or had not met the goals for family that I have.","6","1","4","4","4","1","1","1","1","1","2","3","2","2","5","3","5","3","3","3","3","3","3","3","","McDonalds","","Republican Party","Democratic Party",", if any,","woman","White","","","","","","","","$140,001-$160,000","4yearColl","Republican","","","Not very strong","","Donald Trump (Republican Party)"
"NH558fu","0","100","442","1","1","4","","","48","1","7","7","2","7","81","Feeling left behind means someone does not care about you or wellbeing. I work in education, and as an educator, I feel left behind by my government. Public education is underfunded, educators are underpaid. I feel like the whole education field is left behind in this country. ","2","5","2","2","1","1","1","1","1","1","1","4","6","7","6","6","4","2","2","2","3","4","2","2","","shake shack","","Democratic Party","Republican Party","","woman","White","","","","","","","","$100,001-$120,000","PHD","Democrat","","Not very strong","","","Kamala Harris (Democratic Party)"
"YU707zw","0","100","344","1","1","4","","","34","3","5","3","2","5","62","It means you have to pull yourself up by the bootstraps. Its important to go and get things done. Its really important to have your own back. ","7","3","5","4","4","1","1","1","1","4","4","5","5","7","7","7","4","3","3","3","3","4","3","2","","popeyes","","Democratic Party","Republican Party","","woman","","","","Asian","","","","","$60,001-$80,000","MA","Independent","","","","Closer to Democratic","Kamala Harris (Democratic Party)"
"PN091zs","0","100","539","1","1","4","","","30","1","6","6","2","6","25","Feeling left behind means being behind on finances, being behind on life, generally not being cared for by the government in some aspects that make it harder to move up the ladder in life, that you just feel left out and fending for yourself.","2","4","1","7","2","1","1","1","1","1","3","3","4","7","7","5","5","3","2","2","3","4","2","3","","Culvers","","Democratic Party","Republican Party",", if any,","man","White","","","","","","","","$60,001-$80,000","GED","Democrat","","Strong","","","Kamala Harris (Democratic Party)"
"IB006kj","0","100","388","1","1","4","","","34","2","6","7","4","7","75","I feel like compared to when I was growing up I feel a lot more lonely and there are a lot more chances lost for genuine human connection in the world of technology. As a millennial have gone through so when you were sessions and hardships within our country and I think people have grown more nystic and distant as a result. I've also found myself struggling a lot with mental health issues and I can safely say almost everyone in my circle has a similar story regarding struggles fitting in making friends and feeling your most authentic self. I do think a lot of the issue is related to how much technology we put in our lives but there's also something more human that's lacking in society especially after the 2010-2012 things felt like they were going downhill more rapidly.","2","3","5","5","1","1","1","1","1","1","5","6","7","7","7","6","7","3","1","2","2","4","1","1","","Wendys","I appreciate the chance to support your research. Contributing to studies is something I genuinely enjoy. If my responses meet your needs, don’t hesitate to reach out for future studies. I strive to follow directions and offer thoughtful responses. Have a great week.","Democratic Party","Republican Party","","man","White","","","","","","","","$20,001-$40,000","2yearColl","Democrat","","Not very strong","","","Kamala Harris (Democratic Party)"
"WE857pj","0","100","426","1","1","4","","","41","5","3","2","2","3","74","I feel left behind by society due to my upbringing.  I grew up very poor on government assistance, II just now at 41 feel I have an ideal how the world really works, and I am able to have a positive influence on the world.  I was not prepared for life by my family due to coming from a drug ridden, government supported, single parent home. I was not prepared by the inner city schools as well to be successful in life.  By now I have dug myself in such a hole that I will work well into my 70's. ","1","4","6","5","2","1","1","1","7","6","3","7","7","4","7","6","6","5","2","3","3","3","2","2","","Taco Bell","","Republican Party","Democratic Party","","man","White","","","","","","","","$60,001-$80,000","GED","Republican","","","Not very strong","","Donald Trump (Republican Party)"
"BU741iq","0","100","399","1","1","4","","","47","2","3","3","4","5","70","Sometimes I feel left behind by my family because I am not perceived to be as successful as they are. I am an introverted single mom and it’s been hard at times. I feel like a lot of people in my life can’t relate to that so it makes me feel like I’ve been left behind or alone. ","7","1","2","2","4","","","","","","4","6","5","6","5","6","6","2","2","1","3","4","2","3","","Taco Bell","","Non-Partisan","Non-Partisan","","woman","White","","","","","","","","$60,001-$80,000","4yearColl","Independent","","","","Neither","Kamala Harris (Democratic Party)"
"II888eo","0","100","487","1","1","4","","","46","6","3","2","4","3","20","I would say I feel left behind when It comes to the traditional family.    I do not have a husband, and I never have.   I have had a lot of relationships that I thought may potentially lead to marriage, but none ever made it that far.   I am glad they didn't because the relationships weren't really great.   I still though, feel like I never met that person that I could and would spend my life with, and the majority of people my age are well into either successful marriages or several divorces.   Now I never wanted to be divorced, so maybe that was a higher power keeping me from marrying the men that I've dated, but still, I sometimes really wish that I was in a traditional marriage, where I had help with life.   I had a life partner, and didn't have to go through all of the things one has to go through, alone.","7","1","7","4","4","1","3","2","2","7","3","4","2","1","4","5","5","6","2","2","2","2","2","1","","Chipotle","I was really affected by that question.   It's a good thing.   Thank you.","Republican Party","Democratic Party",", if any,","woman","White","","","","","","","","$60,001-$80,000","4yearColl","Republican","","","Strong","","Donald Trump (Republican Party)"
"VA658ao","0","100","329","1","1","4","","","32","3","5","4","4","5","60","I feel left behind because it seems like people like me are left to fend for ourselves. We don’t really make enough to get by these days, or at least not without almost drowning, but we aren’t destitute enough to get any kind of assistance. ","2","5","1","5","2","2","2","3","1","1","1","1","7","5","7","7","7","1","1","1","1","4","1","2","","Dunkin","","Democratic Party","Republican Party","","woman","White","","","","","","","","$80,001-$100,000","4yearColl","Independent","","","","Closer to Democratic","Kamala Harris (Democratic Party)"
"FB409hc","0","100","546","1","1","4","","","69","1","5","5","1","3","61","When I look around, and see other Americans, I am struck by the fact that so many people have so much money. For example, some people can routinely pay for unexpected veterinary services for their pet which can cost upwards of $10,000, whereas I cannot and had to have my pet put to sleep because she had a tumor and I could not afford to have it treated. I cannot get credit, and no one would help.
","4","1","1","6","1","2","2","2","2","2","4","1","7","7","6","4","4","3","2","2","4","4","2","4","","Five Guys","","Democratic Party","Republican Party","","man","White","","","","","","","","$100,001-$120,000","4yearColl","Democrat","","Strong","","","Kamala Harris (Democratic Party)"
"VM013eb","0","100","356","1","1","4","","","25","1","5","","","5","57","I think being left behind to me is how everyone is progressing through life. Everyone around me is working 'grown up' jobs and working full time. I don't have that, I have a self employed job that doesn't pay as much as those around me. I feel left behind because of that.","7","1","1","2","1","1","1","1","1","1","2","6","4","7","7","6","4","1","3","1","3","4","1","2","","Culvers","","Democratic Party","Republican Party","","woman","White","","","","","","","","$60,001-$80,000","GED","Democrat","","Not very strong","","","Kamala Harris (Democratic Party)"
"SW974qp","0","100","436","1","1","4","","","55","2","4","4","1","4","15","Everyone's needs get met but mine. People pander to special interest groups like certain religions. Meanwhile, I am told it is okay to kill Jews on the streets of DC. As an older woman, I am told to shut up and go away. Neither party cares much about the ordinary working person but Republicans are actively working against us. I'm just so tired of it. The planet's being polluted but I""m sure supposed to care deep a man in a dress was told to keep out of women's sports. The world is nuts. ","6","5","6","2","2","1","1","1","1","1","4","4","5","4","6","6","7","2","2","3","2","4","2","3","","taco bell","","Democratic Party","Republican Party",", if any,","woman","White","","","","","","","","$160,001-$180,000","4yearColl","Democrat","","Not very strong","","","Kamala Harris (Democratic Party)"
"WH640ds","0","100","169","1","1","4","","","47","1","2","1","4","2","83","I feel like everyone else is out living their best lives and I'm just stuck.  I don't really do the same things that other people do.  I just keep to myself and I feel like my life is not really full of purpose.  I don't feel that I have much to attain or reach for.","6","1","6","1","1","1","1","1","1","1","4","5","6","5","7","7","6","1","1","1","1","3","1","2","","Arby's","","Democratic Party","Republican Party","","woman","White","","","","","","","","$20,001-$40,000","4yearColl","Independent","","","","Closer to Democratic","Kamala Harris (Democratic Party)"
"HF627ps","0","100","392","1","1","4","","","34","6","2","1","6","1","40","I might feel left behind if people with other immutable characteristics are being promoted over me simply due to those characteristics.  I have occasionally encountered this.  I might also feel left behind if other sectors of the economy are given preferential governmental treatment (tax cuts, subsidies, etc.), while mine languishes.  I also feel left behind when AI is taking over a large portion of my field of work.","1","3","5","5","2","1","1","1","1","1","3","5","1","2","5","6","7","2","2","2","3","3","2","2","","Popeye's","N/A","Republican Party","Democratic Party",", if any,","man","White","","","","","","","","$60,001-$80,000","MA","Independent","","","","Closer to Republican","Donald Trump (Republican Party)"
"JR524ii","0","100","689","1","1","4","","","51","5","4","4","5","4","60","I'm 51 years old. As I grow older, and faced with the obstacles of mounting debt accrued while struggling to raise a family (wife and two kids), living paycheck-to-paycheck, I realize how tenuous and fleeting ""the American dream' seems. I'm thankful that I have the basic staples in life -- a roof over our heads, food on the table, at least for the time being -- but that feeling of security and safety that comes with material prosperity seems just out of reach. The recognition that we're only a medical emergency or catastrophe away from homelessness. Likewise, I realize at my age that I face numerous obstacles in advancing my career -- were I to lose my present job, I'd be competing with generations much younger than I. Add to that the utilitarian advancements made in AI that threaten to strip away so many jobs besides, and yes, I feel left behind, or on the cusp of being such.","2","3","2","6","1","","","","","","4","7","5","6","5","5","5","2","2","2","3","3","2","3","","Taco Bell","To be clear, I was a Republican and voted consistently conservative/GOP until 2016. While still identifying myself as a conservative and adhere to some conservative principles, I no longer recognize the GOP and its members, and consider true conservativism to be entirely at odds with the MAGA movement and authoritarian presidency of Donald Trump. I guess you could say in addition to my economic concerns, there is a political and ideological sense as well that I feel very much ""left behind.""","Non-Partisan","Non-Partisan","","man","White","","","","","","","","$100,001-$120,000","4yearColl","Independent","","","","Neither","Kamala Harris (Democratic Party)"
"SR919qq","0","100","380","1","1","4","","","71","7","1","2","7","2","5","I do not feel left behind. This  phrase implies that others moved ahead while I didn't. I feel the opposite. I am literate, financially comfortable and curious about science and the arts, If others have left me ""behind"" I am glad they did. I have overcome difficult challenges in my life which have made me resilient and strong.","4","1","6","4","4","4","4","4","4","5","4","2","7","6","7","4","4","4","2","2","2","4","2","2","","Pollo Loco","","Democratic Party","Republican Party",", if any,","man","White","Hispanic, Latino, or Spanish origin","","","","","","","Over $200,000","4yearColl","Independent","","","","Closer to Democratic","Kamala Harris (Democratic Party)"
"LB035hp","0","100","666","1","1","4","","","63","7","2","2","","","1","Feeling left behind to me means not moving in same pace with others in same social group and feeling like you are less.","6","2","2","6","3","1","1","1","1","1","7","7","7","1","5","5","5","5","3","3","3","3","3","3","","KFC","","Republican Party","Democratic Party",", if any,","man","White","","","","","","","","$80,001-$100,000","4yearColl","Republican","","","Strong","","Donald Trump (Republican Party)"
"KN331zm","0","100","586","1","1","4","","","46","5","4","1","2","1","30","For me, it has to do with being laid off recently and then joining the job hunt. It has felt very daunting and almost impossible at times. In fact, I aced one interview, and the company even told me I did and they loved me, thought I was amazing, and gave the most insightful answers. Still, there were going to pause me as a candidate. So, it felt like I had done everything right, and the company loved me, but they still weren't going to hire me. It felt like a gut punch because what else could I have done to get the job? Nothing according ot them, so what hope is there if I do everything right, have the right experience, but people won't hire me. ","1","2","1","6","1","2","2","3","4","1","3","2","2","1","3","6","6","2","1","1","3","2","1","1","","Chik-fla","","Republican Party","Democratic Party",", if any,","woman","White","","","","","","","","$100,001-$120,000","PHD","Independent","","","","Closer to Republican","Donald Trump (Republican Party)"
"KI255uh","0","100","578","1","1","4","","","49","3","2","2","","","10","Being left behind might feel like not having enough government officials that represent the special need of your ethnic community. So lawmakers would enact policies that may exclude certain communities or have adverse effects on their way of living or receiving services. ","3","3","4","4","3","2","2","2","2","2","3","4","4","5","6","4","4","5","2","2","3","3","2","3","","McDonald's","","Democratic Party","Republican Party",", if any,","man","","","","Asian","","","","","$60,001-$80,000","4yearColl","Independent","","","","Closer to Democratic","Kamala Harris (Democratic Party)"
"AR459ei","0","100","326","1","1","4","","","54","3","6","2","2","2","65","That no one cares for you and you are placed into a corner and forgotten and neglected.  Similar to the NAtive Americans.  Services are at best minimal, concerns barely addressed.  You are behind the times in technology and medicine.  You feel invisible to those in other social classes and demographics. ","4","4","2","5","2","3","3","3","4","3","3","5","5","5","7","5","4","4","2","2","2","3","2","3","","subways","","Democratic Party","Republican Party","","man","White","","","","","","","","$0-$20,000","4yearColl","Independent","","","","Closer to Democratic","Kamala Harris (Democratic Party)"
"FZ844rf","0","100","421","1","1","4","","","50","","5","7","","7","61","Not having the same or even close to the number of opportunities as one certain group in this country. Lack of access to jobs and education greatly hurt my chances of success so yes I feel left behind","1","5","4","4","2","4","2","2","2","4","3","1","7","7","7","7","7","2","2","2","2","4","2","2","","Wendys","","Democratic Party","Republican Party","","man","","","Black or African American","","","","","","$20,001-$40,000","GED","Democrat","","Strong","","","Kamala Harris (Democratic Party)"
"TE096nn","0","100","612","1","1","4","","","26","1","4","6","5","7","50","To some extent I can feel being left behind because it seems like a struggle to maintain what I do and continue my career. However, I don't feel alone due to friends and family being in similar struggles to me and feelings of alienation. I also feel just in general there will always be struggle and I am passionate about what I want to do and would continue to keep doing it even if I am the only one who believes in it. ","4","4","4","6","4","","","","","","2","3","6","7","7","7","5","1","1","1","2","4","1","1","","Sonic's","None","Non-Partisan","Non-Partisan","","man","","","","Asian","","","","","$60,001-$80,000","GED","Independent","","","","Neither","Kamala Harris (Democratic Party)"
"HL901lr","0","100","393","1","1","4","","","33","6","","","4","","22","Left out of things. Less fortunate to have things that others may have that I don’t. Feeling cheated out of life in certain aspects. Money, growth, etc. ","4","1","1","4","4","4","2","2","4","5","5","4","4","4","5","5","6","6","2","2","2","2","3","2","","Chipotle ","","Republican Party","Democratic Party",", if any,","woman","White","","","","","","","","$0-$20,000","GED","Republican","","","Not very strong","","Donald Trump (Republican Party)"
"IL272mv","0","100","328","1","1","4","","","27","6","1","1","6","1","60","The world is moving around me and I'm just kind of sitting in the same spot i always have watching it all fly by","5","2","2","6","1","1","1","2","4","1","2","5","1","1","4","5","5","2","2","1","2","3","1","1","","Popeyes","","Republican Party","Democratic Party","","man","White","","","","","","","","$40,001-$60,000","GED","Republican","","","Not very strong","","Donald Trump (Republican Party)"
"JV266fd","0","100","560","1","1","4","","","49","6","2","1","2","","60","Feeling 'left behind' means that I can not reasonable keep up with the pace of life, including career, technology, and finances, which move faster. For example, I noted that my colleagues advance or adopt new tools but I am still juggling day-to-day demands and stretched budgets. I must admit that I cannot get along with this pace even though I have tried.","2","2","2","6","4","2","1","1","4","2","5","5","6","2","6","4","4","5","3","3","4","3","3","3","","Chick-fil-A","none","Republican Party","Democratic Party","","man","","","","Asian","","","","","$140,001-$160,000","PHD","Republican","","","Not very strong","","Donald Trump (Republican Party)"
"NS006zv","0","100","343","1","1","4","","","34","6","1","1","2","","7","In my own life I guess feeling left behind could me that I have shifted chapters in my life. I am currently a Stay at home mom with a part-time job, but sometimes I feel like because of being a stay-at-home mom, I have been left behind in my career. Some of my friends have Avanced so far in their careers, when I am currently ""stuck"" in this chapter. Although this is exactly where I want to be, feeling like you are left behind is sometimes raw. Makes you feel like you haven't accomplished as much as maybe you should have. ","6","1","2","1","6","2","4","4","2","4","5","3","4","2","4","5","6","2","1","1","1","1","1","1","","Chick fil-a","","Republican Party","Democratic Party",", if any,","woman","White","","","","","","","","$100,001-$120,000","4yearColl","Republican","","","Strong","","Donald Trump (Republican Party)"
"CF012iz","0","100","587","1","1","4","","","31","1","5","5","1","6","31","I feel left behind when I think of the promises that various pieces of landmark legislation are poorly enforced or have been vacated in the last 8 years. It's depressing to think about how far the climate on civil rights and individual privacy have been eroded. I feel left behind in comparison to age peers in other countries. On a more personal level, I feel left behind when I think about how my physical and mental health have precluded me from pursuing similar developmental goals as my age peers in this country regardless of ethnic group.","4","3","6","4","1","1","1","4","2","3","5","3","7","7","7","6","5","5","1","3","2","4","2","3","","Popeye's","","Democratic Party","Republican Party",", if any,","woman","","","Black or African American","","","","","","$60,001-$80,000","MA","Democrat","","Not very strong","","","Kamala Harris (Democratic Party)"
"YO500ke","0","100","478","1","1","4","","","45","7","1","1","1","1","0","It's seeing others while I lag. I feel it pauses my career, finances and long distance relationships and even keeping up with music trends. Mostly from limited time, money and energy. ","4","1","4","4","4","4","4","4","7","4","4","6","1","1","4","7","7","1","2","1","2","3","2","1","","Subway","","Republican Party","Democratic Party",", if any,","man","White","","","","","","","","$60,001-$80,000","4yearColl","Republican","","","Strong","","Donald Trump (Republican Party)"
"GM461qv","0","100","408","1","1","4","","","55","4","3","3","3","5","0","I don't feel left behind. I guess if I were left behind in something it would be socially since I don't have a lot of friends. I have a few and that is all that I need, but I am not really in the social flow of the world.","7","1","7","1","5","","","","","","3","5","6","5","5","3","3","3","2","2","3","3","2","2","","subway","","Non-Partisan","Non-Partisan",", if any,","woman","White","","","","","","","","$100,001-$120,000","4yearColl","Independent","","","","Neither","Donald Trump (Republican Party)"
"XA323ri","0","100","663","1","1","4","","","43","6","2","","","","31","I do not feel as though I have been ""left behind"". I believe I have been given the same opportunities as everyone else and any of my short comings have been due to my own choices. ","7","1","3","4","4","1","2","2","2","2","5","3","5","2","4","3","4","4","3","3","3","3","3","3","","Costa Vida","","Republican Party","Democratic Party",", if any,","woman","White","","","","","","","","$60,001-$80,000","GED","Republican","","","Strong","","Donald Trump (Republican Party)"
"FG436ku","0","100","649","1","1","4","","","70","1","4","3","1","5","0","I do not feel left behind because my life is a result of my choices, no one forced me to do anything, I was raised by loving parents who taught me well, Therefore I do not feel I have ever been left behind, I believe people who feel left behind need to do a self evaluation,","7","2","6","2","6","2","2","2","2","7","4","6","6","6","6","3","3","3","1","2","3","4","2","2","","Burger King","","Democratic Party","Republican Party",", if any,","woman","White","","","","","","","","$40,001-$60,000","2yearColl","Democrat","","Strong","","","Kamala Harris (Democratic Party)"
"KC864lx","0","100","737","1","1","4","","","43","6","1","1","4","1","13","I don't really feel life behind in society. I honestly feel like this phrase is used as an excuse for falling short of your own goals and expectations in life. ","7","1","4","4","4","1","1","1","1","1","3","6","1","1","3","6","5","5","1","1","2","3","1","1","","Wendy's","","Republican Party","Democratic Party",", if any,","man","White","","","","","","","","$140,001-$160,000","4yearColl","Republican","","","Not very strong","","Donald Trump (Republican Party)"
"GZ031of","0","100","742","1","1","4","","","49","1","5","4","2","5","70","I have two disabled children. When friends were getting their advanced degrees, getting married, having ""typical"" children, I was the primary caregiver to two medically fragile children that need round the clock care. My friends would barely blink and expect normal conversation, me to celebrate them and their kids but with the reciprocity of understand or celebrating mine. The rumor is I drifted away from the group because I'm selfish and don't appreciate what I have. These are the people that if they see me and my child in at Target, will turn and walk away because confronting an old friend and their obviously disabled child is too much for them.","3","1","7","2","3","1","1","1","2","2","3","1","5","6","7","7","7","3","1","2","3","4","1","2","","Sonic","","Democratic Party","Republican Party","","woman","White","","","","","","","","$60,001-$80,000","4yearColl","Democrat","","Strong","","","Kamala Harris (Democratic Party)"
"RV165fl","0","100","455","1","1","4","","","70","2","5","4","2","4","30","Since I am a female senior citizen, I not only feel left behind but obsolete and invisible. Not sure about male seniors, but among my female senior friends this feeling is widespread. We go into a store or establishment and feel like ghosts - we go mostly unnoticed or acknowledged. It's so different from when I was younger.","2","5","4","2","2","2","1","1","1","6","7","3","5","4","7","6","7","3","4","2","2","4","2","4","","chipotle","Thanks!","Democratic Party","Republican Party",", if any,","woman","White","","","","","","","","$40,001-$60,000","GED","Democrat","","Strong","","","Kamala Harris (Democratic Party)"
"EH114pg","0","100","226","1","1","4","","","45","1","6","5","6","","0","I don't feel left behind in any way.  I have everything and everyone that I need in my life currently.","4","1","4","4","4","1","1","1","1","1","4","7","3","7","5","7","4","1","1","1","1","3","1","1","","Mc Donalds","","Democratic Party","Republican Party",", if any,","man","White","","","","","","","","$120,001-$140,000","4yearColl","Democrat","","Not very strong","","","Kamala Harris (Democratic Party)"
"IR836xh","0","100","836","1","1","4","","","41","6","1","5","1","1","20","It seems as if some people are born into prosperity, whereas others are not. It is not fair that some people have so much and some people have so little, or only enough to get by. The gap between the rich and the poor is very wide and that should not be. That is my idea of feeling left behind.","1","4","2","1","2","1","5","1","3","6","3","2","6","3","6","6","6","2","2","2","2","2","2","1","","Pizza Hut","","Republican Party","Democratic Party",", if any,","woman","","","Black or African American","","","","","","$40,001-$60,000","4yearColl","Independent","","","","Closer to Republican","Donald Trump (Republican Party)"
"IS917tz","0","100","321","1","1","4","","","50","3","4","3","4","4","90","My inability to make ends meet and also ensure that my children have the things that they need to help set them up for success is why I feel like I'm left behind.","1","3","1","6","1","1","2","4","1","1","3","7","7","4","7","7","6","4","2","2","3","4","1","2","","Wendy's","","Democratic Party","Republican Party","","man","White","","","","","","","","$0-$20,000","GED","Independent","","","","Closer to Democratic","Jill Stein (Green Party)"
"QD203mo","0","100","452","1","1","4","","","32","1","7","7","1","6","34","I feel left behind by my family, specifically my mom. I dont trust her and shes very hard to communicate with, and I feel like there was a lot of damage to our relationship after I had my child. She just was not there for me, barely helped, and was unempathetic to my situation. She was going through a hard time herself at the time, and I tried my best to understand that. But now shes doing much better and she is desperate to be friends even though she won't reckon with the ways I felt hurt. 
","6","1","6","2","1","1","1","6","1","1","4","3","7","7","7","7","7","1","1","1","1","4","1","3","","Raising Cane's","","Democratic Party","Republican Party",", if any,","woman","White","","","","","","","","$80,001-$100,000","MA","Independent","","","","Closer to Democratic","Kamala Harris (Democratic Party)"
"XK398tk","0","100","634","1","1","4","","","48","6","5","2","","4","14","Feeling left behind mean to me like not being up to date with the recent innovations and life balance, simply put, the feelings of not catching up. i feel i am a bit of everything and i do not feel left behind in any way.","6","3","3","2","3","1","1","1","4","2","5","5","3","2","4","3","5","5","3","3","4","3","3","2","","McDonalds","","Republican Party","Democratic Party",", if any,","woman","White","","","","","","","","$100,001-$120,000","PHD","Republican","","","Not very strong","","Donald Trump (Republican Party)"
"DO703rt","0","100","690","1","1","4","","","28","6","3","4","3","4","3","I feel behind because my peers are doing well financialy and are in stable jobs while I am still struggling to get a handle on things","3","4","1","6","5","4","4","4","5","5","6","3","3","5","6","4","4","3","2","2","3","3","2","3","","KFC","","Republican Party","Democratic Party",", if any,","man","White","","","","","","","","$20,001-$40,000","4yearColl","Republican","","","Not very strong","","Donald Trump (Republican Party)"
"VR318yq","0","100","447","1","1","4","","","58","7","1","1","1","1","0","The phrase feeling left behind is nothing more than a feeling someone may have if they see others with things they do not have without taking in to asking themselves did they work as hard, did they apply themselves, did they pass up opportunities they had because they wanted to be lazy, party,etc. were they determined?","7","1","5","5","3","","","","","","1","7","1","1","1","6","6","1","1","1","1","1","1","1","","Culver's","","Non-Partisan","Non-Partisan",", if any,","woman","White","","Black or African American","","","","","","$0-$20,000","GED","Independent","","","","Neither","Donald Trump (Republican Party)"
"YU161vn","0","100","440","1","1","4","","","33","7","1","1","5","1","0","To me someone that ""feels left behind"" would be someone that is comparing most aspects of his life to others and could believe that they are not doing too much progress in comparison. They believe that life is a race and they most feel close to last place. In my own life tho, I don't feel left behind, I am moving at my own pace and focus on myself rather than paying attention how everyone else is doing, I only care about my own goals and dreams and achieving them will take what it takes, the good thing is to enjoy the journey and process.","7","1","4","5","7","1","1","1","1","1","3","7","1","1","1","5","5","6","3","3","3","3","3","1","","Chipotle","","Republican Party","Democratic Party",", if any,","man","White","","","","","","","","$140,001-$160,000","4yearColl","Republican","","","Strong","","Donald Trump (Republican Party)"
"IU153ys","0","100","285","1","1","4","","","31","3","4","","","5","28","to me feeling left behind is not being in the same paths as other my age really, i feel like im left behind on the aspect of life and im not in the same place as everyone else","5","1","4","5","4","3","2","2","1","2","1","6","7","6","6","7","7","2","2","1","3","3","1","3","","mcdonalds","","Democratic Party","Republican Party",", if any,","woman","","","Black or African American","","","","","","$20,001-$40,000","GED","Democrat","","Not very strong","","","Kamala Harris (Democratic Party)"
"WE395gy","0","100","622","1","1","4","","","59","7","1","1","2","3","0","Overall, I do not feel left behind. Like with most people, the areas of my life where others had more success than me are due to me choosing to stay behind. Maybe I did not fully grasp it at the time, but I did make choices in my life that caused me to fall behind. That is a far cry from being left behind. I know that I fell behind in areas due to my choices. I chose not to go to college. I chose not to eat right, I chose not to save money. It would be great for me to just say ""society left me behind on owning a house"". But maybe I need to say ""I chose to stay behind.""  Disclosure: I do own a home, but those that don't CHOSE not to. ","7","1","6","2","4","5","1","1","7","3","3","2","1","1","1","3","3","5","3","3","4","3","3","2","","Chic fil A","You only ask about Republicans accepting results, etc. Why not ask about Democrats who still claim Trump and Musk used electronics to win the election?? ","Republican Party","Democratic Party",", if any,","man","White","","","","","","","","$80,001-$100,000","2yearColl","Republican","","","Strong","","Donald Trump (Republican Party)"
"JF344ub","0","100","259","1","1","4","","","35","5","4","4","4","4","50","I would have felt like I was left behind if I had been discriminated against in any way or treated poorly, but I haven't been treated that way. ","2","3","4","4","5","","","","","","4","3","4","7","5","5","5","4","2","2","2","3","2","3","","Wendys","","Non-Partisan","Non-Partisan","","woman","","Hispanic, Latino, or Spanish origin","","","","","","","$60,001-$80,000","GED","Independent","","","","Neither","Kamala Harris (Democratic Party)"
"YS645yr","0","100","349","1","1","4","Non-binary ","","36","4","3","3","5","5","75","I feel like being a marginalized person makes me less visible and when I am presenting myself I am always conspicuous and stand out like a sore thumb despite wearing expectable things and being neutral about everything. I feel like people leave me behind because theyre scared to relate and they want more things to feel connected by when they are engaged with me somehow. I think being transgender makes it really hard to give people a perspective they can personalize for themselves.","2","2","7","1","2","","","","","","5","5","5","5","4","2","6","6","3","3","4","4","3","4","","Arby's","None ","Non-Partisan","Non-Partisan","",NA,"White","","","","","","","","$40,001-$60,000","4yearColl","Independent","","","","Neither","Donald Trump (Republican Party)"
"BR905ew","0","100","244","1","1","4","","","30","1","5","4","5","5","69","I feel behind because I am 30 years old and cannot afford a house on my own. My parents bought a 2 story house when they were significantly younger than me. I do not go on vacations regularly or experience much outside of work due to budgeting my money.","3","2","1","3","4","","","","","","2","5","4","5","7","7","7","7","1","1","2","2","1","1","","Cava","","Non-Partisan","Non-Partisan","","woman","White","","","","","","","","$60,001-$80,000","4yearColl","Independent","","","","Neither","I did not vote"
"AM446ec","0","100","523","1","1","4","","","34","3","2","3","","4","28","For me the feeling of being left behind is being stuck at a job I don't particularly like because it is taxing on my body. Especially during the summer months. A particular example is how I felt last year before moving back in with my dad. I felt left behind by my grandparents, my mom was dying in the hospital and I did not have a place to stay. They did not care that much to help. Found family that was willing to take me in during that time. Another way I feel left behind in society I have yet to be able to purchase a house to secure my future. I am working on paying off a car after years of not having one. I feel left behind as well because I don't have a partner in life to share my goals, feelings and just emotions. To be there for each other. ","4","1","3","4","5","","","","","","5","5","3","4","5","5","5","4","2","3","3","3","2","1","","Burger King","","Non-Partisan","Non-Partisan",", if any,","man","White","","","","","","","","$0-$20,000","GED","Independent","","","","Neither","I did not vote"
"RN111vv","0","100","558","1","1","4","","","50","2","2","2","2","3","20","I guess people could all feel left behind in different ways, I feel it most when thinking about my own age. I just turned 50 and have been feeling like time was moving on without me. I don't feel like I am in any of the target demographics anymore, I am starting to not understand slang terms younger people use and I feel like some things are closed off to me now.","2","1","5","1","3","1","1","1","1","1","4","2","4","6","7","5","5","1","1","2","3","3","1","3","","Chick Fil A","","Democratic Party","Republican Party",", if any,","man","White","","","","","","","","$100,001-$120,000","2yearColl","Democrat","","Not very strong","","","Kamala Harris (Democratic Party)"
"JC920sd","0","100","855","1","1","4","","","52","1","6","7","2","7","20","Normally I would just say because I am a woman. Woman are still stereotyped as too emotional, not professional to be in high-ranking jobs, but now not ""right"" to be in the work place at all has come swinging back in with even greater force. Women are STILL statistically paid less than men in the same professions. And I know for a fact that discrimination in hiring still happens. But this is no longer a normal circumstance, not under this fascist, Christofacsist fake Xtian oligarchy. Me and anyone that is not one of them will all be left behind, in prisons and camps. Once they have eliminated the immigrants they don't like legal or not, the homeless, and LGBT, either by extermination or imprisonment, they will come for the rest of us. They are already have the plan in motion for the next phases now that they have Project 2025d the federal government by destroying and absorbing all power into the executive branch and packing the courts with that lapdog judges and DAs. Nextthey wil come after the Press and liberals even harder, labeling them as hate speech or terrorist driven, and begin arresting us, removing passports and IDs. They said they would, and you better believe it's coming","2","4","6","5","1","1","4","2","2","1","4","1","6","7","7","7","1","3","2","2","2","4","2","3","","Pickleman's","","Democratic Party","Republican Party",", if any,","woman","White","","","","","","","","$120,001-$140,000","4yearColl","Independent","","","","Closer to Democratic","Kamala Harris (Democratic Party)"
"IW128sz","0","100","496","1","1","4","","","51","3","5","4","3","5","0","I do not feel left behind at all. I know there are people that have more than me, but I feel I have gotten more than enough in life. I am happy everyday. I have a wonderful family. I like my job. We have little nice things and go on vacation every year. We have a lot more than a lot of people. I feel bad for them. We try to give back what we can. We do work hard for our life, and we enjoy it. ","4","1","4","4","4","2","1","2","2","2","4","5","5","5","4","4","3","5","3","3","3","4","3","3","","Burger King ","I have none","Democratic Party","Republican Party",", if any,","man","White","","","","","","","","$120,001-$140,000","4yearColl","Democrat","","Not very strong","","","Kamala Harris (Democratic Party)"
"TK689nu","0","100","657","1","1","4","","","79","2","5","4","3","5","10","It means not doing as well as others financially and socially.  I do not have a romantic partner, and I do not have enough money to cover my expenses.","4","1","2","2","4","1","1","1","1","1","4","5","5","7","5","2","2","6","2","2","4","3","3","4","","Dunkin Donuts","","Democratic Party","Republican Party",", if any,","man","","","Black or African American","","","","","","$0-$20,000","4yearColl","Democrat","","Strong","","","Kamala Harris (Democratic Party)"
"TU528ob","0","100","628","1","1","4","","","60","6","1","1","1","1","0","I feel left behind when comparing my life to other womens at my age. Most women at 60 have all their children either married or living on their own. I don't. I love my older kids and don't want them homeless on the street so I have no problem with them living with us. But I imagine what my life would be like if my husband and I were alone and having more money to travel and do things together. I feel left behind because it still feels like when they were in college.","3","1","1","2","4","1","1","2","2","2","3","4","2","2","6","6","6","2","2","2","2","3","2","2","","In-N-Out","No, thank you","Republican Party","Democratic Party",", if any,","woman","White","","","","","","","","$100,001-$120,000","2yearColl","Independent","","","","Closer to Republican","Donald Trump (Republican Party)"
"TA105la","0","100","895","1","1","4","","","52","1","7","7","1","7","17","To me, feeling left behind means my views not being supported or validated by the general population, or at least those who seem to have more power and status. I am agnostic, so I don't subscribe to the Christian religion which dominates American culture. I appreciate diverse religious views, I really do, but it seems like if you're not a Christian in this country you don't get as much of a voice. I feel offended by the amount of religion that interfered and guides so much legislation,m especially with this current administration. I feel like my own values and secular beliefs adon't count for much. As a white middle class woman, I am not going to sit here and say poor me...because there are so many people who are left behind way more than I feel. But it's still upsetting and disappointing.","1","4","6","5","1","1","1","1","1","1","4","4","6","7","7","7","4","1","1","1","3","4","3","3","","Starbucks because the coffee is delicious and the sandwiches taste permium.","","Democratic Party","Republican Party",", if any,","woman","White","","","","","","","","$140,001-$160,000","4yearColl","Democrat","","Strong","","","Kamala Harris (Democratic Party)"
"HY855nh","0","100","519","1","1","4","","","72","2","5","5","3","6","60","I feel left behind primarily financially. Everything keeps going up except my income. Also, I have limited knowledge of AI which is here and advancing quickly.","2","4","2","6","2","2","2","2","2","1","4","4","7","6","7","5","5","3","2","2","3","4","2","3","","Subway","","Democratic Party","Republican Party","","man","White","","","","","","","","$40,001-$60,000","4yearColl","Independent","","","","Closer to Democratic","Kamala Harris (Democratic Party)"
"MK233tu","0","100","873","1","1","4","","","25","3","5","5","4","4","66","I just always felt I am weird or different than other people. Always felt this way since I was in first grade. Socially, I just feel like I'm an awkward person, not belonging to this reality / planet. ","6","1","6","2","5","2","2","2","4","2","6","6","6","6","5","2","3","5","2","2","2","3","2","1","","Panera Bread","","Democratic Party","Republican Party","","woman","White","","","","","","","","$80,001-$100,000","GED","No preference","","","","Closer to Democratic","Donald Trump (Republican Party)"
"HT363bv","0","100","1018","1","1","4","","","43","1","4","6","4","7","21","I  believe there are systemic discriminatory practices that create an unfair and imbalanced society . It's not just a belief but a fact. The credit scoring system was designed to automatically give whites a higher credit score than black people. All of America's land was stolen from the native people and most of the wealthy corporations are because of stolen resources from underprivileged countries that were colonized and slave labor. More unfair and unequal systems compounded on top of that foundation makes life incredibly different for people who are a product the people who descend from colonizers and people who descend from the colonized and enslaved. 1% of the world population is hoarding natural resources and decide who gets into positions of power. Voting is an illusion because the elected officials are beholden to those corporations as well as the state of Israel that pays them to work for a foreign countries interest over the American citizens interest so they cannot be counted on to enact real change when they are working to keep the unfair system going. Money is a made up construct and when a society is designed to keep certain people in poverty it takes the idea of being ahead in life or left behind less of a responsibility or circumstance an individual put themselves in and more about the way this society categories people and the opportunities available to them based on how they were born. Taking all of this into consideration makes the concept of there being an idea of left behind or ahead a bit mythical ","1","5","4","1","4","","","","","","5","4","7","4","7","7","7","1","1","1","1","3","1","1","","Arby's ","","Non-Partisan","Non-Partisan",", if any,","woman","White","","Black or African American","","American Indian or Alaska Native","","","","$120,001-$140,000","4yearColl","Independent","","","","Neither","Kamala Harris (Democratic Party)"
"HW228bp","0","100","517","1","1","4","","","63","6","2","2","6","1","39","I feel left behind in the sense that this world is so different than the one I know or knew before. People are so disconnected now and are buried in their phones and computers. They don't deal in reality anymore but make friends with imaginary friends online who they have never met. So strange to me. What happened to living life and being a human and talking to your neighbor and fellow man. Strange times we live in. ","1","2","7","2","2","4","2","3","4","4","2","3","3","2","5","5","5","4","2","2","2","3","2","2","","In N Out","People be nice to one another!","Republican Party","Democratic Party",", if any,","woman","White","","","","","","","","$60,001-$80,000","2yearColl","Republican","","","Not very strong","","Donald Trump (Republican Party)"
"RG025wa","0","100","562","1","1","4","","","39","1","6","5","","","70","I feel left behind because I am on the autism spectrum and have struggled with being underemployed. I have also been laid off a few times so I've had issues with being in a lower income and not being able to save as much. Because of that I felt I haven't hit the same life milestones as my peers such as buying a house or condo, taking nice vacations, just getting to live life rather than only just survive.","4","1","1","1","4","1","1","1","2","2","5","3","7","7","6","4","6","4","3","3","3","4","3","3","","Wendy's","","Democratic Party","Republican Party","","woman","White","","","","","","","","$80,001-$100,000","MA","Democrat","","Strong","","","Kamala Harris (Democratic Party)"
"MA423or","0","100","785","1","1","4","","","56","2","5","5","1","6","80","I feel left behind because of my financial status and isolation. Even though I worked hard for many decades, got a good education, and earned a good degree, I was never paid enough because people in my field are significantly undervalued. I was never able to save much and what I did save was drained when I became disabled through medical negligence. I graduated college with honors, yet I now live in poverty, due to other people neglecting my health concerns. I am completely isolated from society and am stuck in a place that I feel I don't belong, while everyone around me has shirked any responsibility for my situation, while also expecting me to continue leading a responsible life as if I'm a normal-functioning person. My disabilities are ignored.","3","3","4","4","2","1","1","1","1","1","5","5","6","7","6","6","6","3","2","2","3","4","2","3","","Wendy's","none","Democratic Party","Republican Party","","woman","White","","","","","","","","$20,001-$40,000","4yearColl","Independent","","","","Closer to Democratic","Kamala Harris (Democratic Party)"
"QY410ow","0","100","652","1","1","4","","","41","6","3","4","4","5","35","feeling left behind means that one would have the innate feel that they are missing out and they are not in sync with what is going on presently","4","3","4","5","3","3","2","4","5","4","4","5","3","2","6","3","4","5","2","3","3","3","2","2","","starbucks","","Republican Party","Democratic Party",", if any,","man","White","","","","","","","","$160,001-$180,000","PHD","Republican","","","Strong","","Donald Trump (Republican Party)"
"YH076he","0","100","595","1","1","4","","","61","7","1","1","1","1","0","I don't feel left behind at all. The only people who feel that way are left=liberals, behind=asses :) If you have talent, think for yourself, you cannot feel left behind. If you have no talent, fell for the liberal scam like DEI and woke, then you are not just feeling left behind. You are behind.","7","1","7","7","4","1","1","1","1","1","1","1","1","1","1","7","7","4","1","1","2","1","1","1","","Burger King","","Republican Party","Democratic Party",", if any,","man","","","","Asian","","","","","$40,001-$60,000","2yearColl","Republican","","","Strong","","Donald Trump (Republican Party)"
"NI682pa","0","100","862","1","1","4","Non-binary","","26","1","4","6","1","6","22","I feel as though society does not value me or my contributions. The world isn't built for people like me to succeed and thrive. ","1","3","6","4","5","2","2","2","2","2","3","2","7","7","7","6","6","3","1","2","1","3","1","1","","Dairy Queen","","Democratic Party","Republican Party",", if any,",NA,"White","","","","","","","","$40,001-$60,000","4yearColl","Democrat","","Strong","","","Kamala Harris (Democratic Party)"
"TS698ab","0","100","686","1","1","4","","","67","2","6","6","1","6","66","I think as we age the feeling begins to come on. Children move on with their own lives, friends and family pass away. I also think there is an inherent bias against older people. The young start to see the old as invisible and not in the game. They tend to see through older people, to not consider them. They discount opinions and look for signs aging or dementia. I think it's also natural to review your life as you age and feel dissatisfied, and that coupled with decreased stamina contributes to the sense that you have been left behind. So I suppose it's a feeling that comes from within, and from the outside world as well. ","3","2","6","2","2","2","2","2","2","5","3","1","7","7","7","5","1","2","2","2","2","4","3","2","","Jack In The Box","none","Democratic Party","Republican Party","","man","White","","","","","","","","$20,001-$40,000","PHD","Democrat","","Strong","","","Kamala Harris (Democratic Party)"
"PJ014nl","0","100","525","1","1","4","","","59","6","1","2","3","2","20","Sometimes when my social group plans to do things that I either do not enjoy, or am not able to do for various reasons, I feel left behind. I feel sad because I am left out, or sometimes ignored, because I did not get to experience what they did.","6","1","3","6","4","2","1","2","2","4","3","5","3","1","3","4","4","5","3","4","3","3","3","2","","In-N- Out Burger","Good survey. Thank you.","Republican Party","Democratic Party",", if any,","woman","White","","","","","","","","$80,001-$100,000","2yearColl","Republican","","","Not very strong","","Donald Trump (Republican Party)"
"CU252tz","0","100","474","1","1","4","","","32","1","5","3","3","5","20","In my opinion, feeling left behind is feeling like your peers are ahead of you and you are not progressing and they are progressing and doing better and getting ahead in life and you are just staying in the same place to me that is what feeling left behind is. ","5","1","1","6","2","","","","","","4","5","6","6","7","6","7","1","2","1","2","3","1","2","","Raising Canes","None","Non-Partisan","Non-Partisan",", if any,","woman","","Hispanic, Latino, or Spanish origin","","","","","","","$20,001-$40,000","2yearColl","Independent","","","","Neither","I did not vote"
"SJ620bp","0","100","362","1","1","4","","","50","1","1","1","2","1","41","I mainly feel left behind because instead of enjoying empty nesting, I am taking care of others. I see photos of everyone partying and working great jobs. I meanwhile have to help care for my elderly parents, so I have to plan to even get a weekend to myself. Also, many are almost retired, and I have years to go.","5","4","3","6","3","1","2","2","2","4","3","4","5","5","5","5","5","2","1","1","3","3","1","2","","wendys","","Republican Party","Democratic Party",", if any,","woman","White","","","","","","","","$60,001-$80,000","MA","Independent","","","","Closer to Republican","Donald Trump (Republican Party)"
"IF897yj","0","100","460","1","1","4","","","30","5","2","2","2","1","90","I feel like I never adapted to a productive adult life. I don't have any strong social bonds outside of my immediate family. I find myself unable to make connections with people. I struggle with just basic functions and understanding, and at my point I'm old enough that instead of teaching and guiding me, people just decide I should know better and abandon me or leave me out. I feel like I'm at a point where I can't progress any further in life and things will only degrade from here.","2","1","6","1","1","1","1","1","1","1","7","6","7","3","7","7","6","3","3","3","3","3","1","3","","Arbys","","Republican Party","Democratic Party","","woman","White","","","","","","","","$0-$20,000","noHS","Republican","","","Not very strong","","I did not vote"
"AY506ri","0","100","736","1","1","4","","","40","3","2","1","4","1","50","I feel like I wasn't prepared for life outside of school. I did well in school, despite having severe social anxiety, yet I feel I didn't really learn anything to help me succeed in the working world. I feel like I don't ""belong"" in normal society where I'm suspected to have a job and work 9-5, 5 days a week. I feel like a person with my constitution would do better in the past, where I could just be a housewife or, if you go even further in the past, just help gather stuff for my tribe and weave baskets all day, as silly as that may sound. 

I'm not opposed to working, I just get so anxious around normal adult activities. ","4","1","4","2","2","","","","","","4","5","3","2","3","5","4","2","2","2","2","3","2","2","","Wendys","","Non-Partisan","Non-Partisan","","woman","White","","","","","","","","$0-$20,000","noHS","Independent","","","","Neither","Donald Trump (Republican Party)"
"PT564kb","0","100","375","1","1","4","","","24","2","7","7","1","7","100","Feeling left behind means that I am not getting the same support or resources as other Americans, and I feel that I have not achieved the same amount of financial freedom as other Americans at my age have. I have no insurance and still owe the IRS, so I feel that I have a lot of catching up to do in order to have the same financial freedom as other Americans. I also feel that I need to work harder at a higher paying role to not feel so left behind since alot of my shortcomings are related to my finances (such as my debt). ","2","4","2","2","2","1","1","6","1","1","5","1","7","7","7","7","7","1","1","1","2","4","2","1","","McDonalds","","Democratic Party","Republican Party","","woman","","","Black or African American","","","","","","$0-$20,000","GED","Independent","","","","Closer to Democratic","Kamala Harris (Democratic Party)"
"TT028zm","0","100","715","1","1","4","","","49","1","4","7","4","7","80","The majority of  resoiurces are being hoarded by an increasingly smaller group of people. I feel the majority of Americans have been ""left behind"" at this want. The cost of education is prohibitive. We force our young people to go into what c ould very easlily become a life time of debt just to obtain an education. Our healthcare system is barbaric and absurd. I don't think Kafka had the imagination to dream up the dystopiam levels of corruption and grees exhibited by the ruling class in todays America. we are preyed upon in every facewt of our lives. There is no decency in the ruling class. No morals. No ethics. No guiding principles. I just talke to someone who was charged $150 extra for the privilege of being in the room when their dog was put to sleep. Venture capitalists have bought up all the vet practices. When they buy something, quality goes down and cost goes up. It seems they have bought our entire country.","4","5","4","4","1","1","1","3","1","1","1","2","7","5","7","5","7","1","1","1","3","3","1","2","","Moes","Thanks for the opportunity to participate.","Democratic Party","Republican Party","","woman","White","","","","","","","","$80,001-$100,000","GED","Independent","","","","Closer to Democratic","Kamala Harris (Democratic Party)"
"YI996al","0","100","640","1","1","4","","","57","7","1","1","1","7","0","The only time I would feel left behind is when I am thinking about all the things I should have or could have done when I was younger. The fact that I have so much talent and potential that I look back and realize I could have fostered those talents at a younger age and became very successful in them.","7","1","2","5","4","3","5","5","4","7","1","1","1","1","4","7","6","1","1","1","1","1","1","1","","Chik fil A","I meant to mark 0 for the slider on progressive but accidentally hit it at 7! Meant to change it, but you may change that answer if you would like. Thank you!","Republican Party","Democratic Party",", if any,","woman","White","","","","","","","","$140,001-$160,000","GED","Republican","","","Strong","","Donald Trump (Republican Party)"
"QH644ue","0","100","867","1","1","4","","","58","1","5","5","5","5","41","When I think of being ""left behind"" I think of not having access to education and other things that most people feel they need to get ahead. While I had a good early education it was my choice not to pursue college, so I don't feel left behind specifically because I didn't go to college. I do however feel like if I had gone to college more opportunities for financial growth would have been available. So theoretically I'm left behind in that I don't have the material wealth that others have. Having said that, I'm not very interested in material wealth, so those feelings don't seem incredibly relevant to me.","6","1","2","1","4","1","2","1","1","1","4","5","7","7","7","7","7","1","1","1","1","4","1","2","","Carrabbas","none","Democratic Party","Republican Party",", if any,","woman","White","","","","","","","","$60,001-$80,000","GED","Democrat","","Strong","","","Kamala Harris (Democratic Party)"
"WF463nw","0","100","1058","1","1","4","","","48","1","5","","1","6","30","I feel a little bit left behind, but mostly because of my own doing and not because of any prejudice, discrimination, or lack of opportunities. I think my first mistake was back in my high school years and how I should have been more focused on getting better grades and going to college. My second mistake was working dead end jobs for so long after I graduated. I should have learned a trade or decided to try and go to college anyway. But years passed by and I just continued working minimum wage jobs, often thinking about doing something with my life, but never actually doing anything about it. ","7","1","1","4","3","1","1","1","1","1","5","4","7","7","7","6","4","2","2","2","3","4","2","3","","Wendy’s","","Democratic Party","Republican Party",", if any,","man","White","","","","","","","","$20,001-$40,000","GED","Independent","","","","Closer to Democratic","Kamala Harris (Democratic Party)"
"CS999ft","0","100","196","1","1","4","","","57","5","1","1","1","1","100","All of my friends and family are at extremely different points in their lives than I am. It just seems to me as though no matter what I've done, or continue to do, I'll just never be able to get anywhere near close to where everybody else is at.","4","1","4","4","1","1","1","1","1","1","1","1","7","4","7","7","7","1","1","1","2","3","1","1","","Arby's","No, thank you.","Republican Party","Democratic Party","","woman","White","","","","","","","","$0-$20,000","GED","Republican","","","Strong","","Donald Trump (Republican Party)"
"VR912fh","0","100","759","1","1","4","","","61","7","1","1","1","7","0","Feeling left behind is the overwhelming feeling that others around you or in your level are doing better than you in all aspects. Sometimes, people below you or those who came after you may get ahead while you remain stuck, for example, in the workplace. I was feeling behind when all my siblings had moved out and had meaningful careers while I was living at home and advancing my studies. I was dependent on someone and I had the constant urge to move out and be my own person.","7","1","1","2","1","1","1","1","1","1","7","1","1","1","5","5","5","3","2","2","3","3","2","2","","KFC","","Republican Party","Democratic Party",", if any,","woman","White","","","","","","","","$160,001-$180,000","PHD","Republican","","","Strong","","Donald Trump (Republican Party)"
"DL706hd","0","100","775","1","1","4","","","62","2","5","5","4","3","69","It means that I would be last on anyone's list to help, or save. I'd not be someone's first choice nor feel like I'm capable of being loved to the fullest. I'd feel abandoned.","2","4","3","2","2","3","1","2","5","5","6","5","5","5","5","6","6","2","2","2","2","3","2","2","","Burger king","Thanks","Democratic Party","Republican Party","","woman","White","","","","","","","","$60,001-$80,000","GED","Democrat","","Not very strong","","","Kamala Harris (Democratic Party)"
"BG478xb","0","100","1011","1","1","4","","","56","7","4","1","2","1","10","I see being 'left behind' as more of a personal refection than anything else. If a person doesn't take available opportunities to educate themselves, work hard, live a moral and virtuous life, and create a future for themselves they may very well feel left behind in life and suffer the negative consequences of those poor choices. I think a great way to combat that self-perception is to begin to immediately address those problems as soon as possible no matter a person's age. An improved life in whatever measure is better than no improvement at all.","7","1","2","1","5","2","6","2","2","2","2","6","1","1","5","5","5","3","2","2","3","3","2","1","","KFC","","Republican Party","Democratic Party",", if any,","man","White","","","","","","","","$40,001-$60,000","GED","Other party","Independent conservative that votes Republican for lack of sufficient choice","","","Closer to Republican","Donald Trump (Republican Party)"
"YD507fd","0","100","1126","1","1","4","","","31","5","","4","","","21","There can be several meanings to that phrase for me. One of them could mean being left behind in comparison to the accomplishments of people my age. An example being potentially feeling left behind in a career sense or maybe something like not owning a house while somebody else does. For a while I did felt left behind because I was kind of going through life without a direction. It took a while for me to really find my footing and establish myself. However, right now I dont see myself as a person who is left behind.","5","1","3","3","6","1","3","2","4","4","5","6","4","2","3","4","4","4","2","2","3","3","2","3","","little ceasars","","Republican Party","Democratic Party",", if any,","man","","Hispanic, Latino, or Spanish origin","","","","","","","$60,001-$80,000","2yearColl","Republican","","","Not very strong","","Donald Trump (Republican Party)"
"FP221xz","0","100","369","1","1","4","","","41","2","4","3","2","3","20","I feel that this means not understanding what is going on currently in terms of culture and social change for the most part, and being stuck in your older ways. There probably is an economic component as well, where some people might feel that they are stuck in a job or area that is floundering while other career paths or areas prosper more. I'm in a stable nursing job and feel quite OK economically speaking, and feel only a bit left behind in terms of culture since I'm in my 40's and definitely don't really know what people in their 20's and below are into.","6","2","6","6","4","2","1","1","1","1","4","6","5","4","5","4","3","3","2","3","3","4","2","3","","Chipotle","I feel it is somewhat natural to be left behind culturally as one ages, and I accept it without much complaint. I realize this is partially due to myself, since if I really wanted to keep up with trends I probably could, but just don't feel like it is a good use of my time.","Democratic Party","Republican Party",", if any,","man","White","","","","","","","","$100,001-$120,000","4yearColl","Independent","","","","Closer to Democratic","Kamala Harris (Democratic Party)"
"XE987ty","0","100","710","1","1","4","","","42","1","6","6","1","6","75","I was born in a working class family. I was not given everything from birth. I've had to work for everything and I still struggle to make ends meet every day. I have no healthcare because I can't afford it. Prices increase daily it seems like and pay stays the same. My job isn't great but I've had worse. I almost had my student loans forgiven until a bunch of nepobabies took over. I'm trying to dig myself out of debt but with costs of everything going up so much it's not possible. Rich people are taking everything and screwing over the working class.","1","5","1","6","1","4","2","2","2","4","3","4","7","7","7","6","5","2","2","2","2","4","2","2","","Taco Bell","","Democratic Party","Republican Party","","man","White","","","","","","","","$20,001-$40,000","4yearColl","Independent","","","","Closer to Democratic","Kamala Harris (Democratic Party)"
"KW879mg","0","100","447","1","1","4","","","67","5","1","2","","1","26","Feeling left behind personally means I feel left out from family matters and certain financial situations. Its a feeling of being hopeless and distraught at the same time. I think everyone has their own definition. I always feel left behind when these matters arise however.","4","1","4","4","3","3","5","3","2","2","2","2","4","2","7","7","6","3","2","2","3","3","2","2","","Wendy's","","Republican Party","Democratic Party",", if any,","woman","","","","Asian","","","","","$40,001-$60,000","2yearColl","Republican","","","Not very strong","","Donald Trump (Republican Party)"
"WR468pv","0","100","1185","1","1","4","","","63","1","7","6","3","5","60","I feel that way partly because of my age (63). I feel that people don't look at us as relevant in today's society. And I also feel left behind and scared at what Trump may do with our Social Security. Life is so different with this man at the helm now. I feel doom and gloom every day watching the news.","2","5","1","6","1","7","1","2","2","2","7","7","7","7","7","7","6","5","2","2","3","4","2","3","","McDonalds","Life is very different these days if you live in the US. I never thought in my wildest dreams that our own President would send out the military against our own people. The only reason crime is down, and immigration numbers are down, is because everyone is scared to death of him and ICE! His stupid tariffs are costing us all more money, but he doesn't care. He honestly doesn't really care if he follows through on his promises or not. He is a bully, a fascist and a terrible person in general. From the time we are children to the time we teach our own children, we learn that it is wrong to lie, but we allow Trump to lie to us every single day. I feel sorriest for the journalists that try to ask him questions, just for him to tell them what pieces of shit he thinks they are and their organization. And God help us all if another round of Covid comes through because with that idiot RFK Jr at the helm, we are all going to die. Life sucks now. Glad I didn't vote for the moron.","Democratic Party","Republican Party","","woman","White","","","","","","","","$80,001-$100,000","GED","Democrat","","Strong","","","Kamala Harris (Democratic Party)"
"WN170fi","0","100","325","1","1","4","","","59","1","7","7","3","6","65","Being left behind for me means suffering under the extreme wealth inequality that most Americans have to deal with. It si increasingly hard for the majority of Americans to afford a home or go to college. And saving for retirement, with the uncertainties of Social Security, makes it fell like the American Dream has passed us by.","1","5","1","5","2","1","1","1","1","1","2","1","7","7","7","6","5","4","1","1","2","4","1","3","","Chipotle","","Democratic Party","Republican Party","","man","White","","","","","","","","$40,001-$60,000","2yearColl","Democrat","","Strong","","","Kamala Harris (Democratic Party)"
"KD013fo","0","100","488","1","1","4","","","55","2","6","7","1","6","12","I fell it means that as we are growing up we become aware of some expectations life has to offer and what we believe we will achieve and who we will be with. Be left behind is the feeling that we have not accomplished or been able to live the imagined lifestyle we thought was going to be a natural outcome of our life choices. ","7","2","2","2","2","2","2","2","1","2","6","3","5","7","7","3","3","6","3","3","2","4","3","3","","Carl's Jr.","I do not.","Democratic Party","Republican Party",", if any,","man","White","","","","","","","","$20,001-$40,000","GED","Democrat","","Strong","","","Kamala Harris (Democratic Party)"
"TA375id","0","100","659","1","1","4","","","49","1","7","7","1","7","10","Feeling left behind is like being forgotten or falling beneath the cracks, neglected etc.  I dont feel that very often.","1","4","5","3","4","1","1","2","2","1","5","5","5","7","6","5","7","2","2","2","3","4","3","3","","Chipotle ","","Democratic Party","Republican Party",", if any,","man","","Hispanic, Latino, or Spanish origin","Black or African American","","","","","","$80,001-$100,000","GED","Democrat","","Strong","","","Kamala Harris (Democratic Party)"
"EE414ia","0","100","486","1","1","4","","","94","7","3","1","3","2","20","I am 94 years old and sometimes feel left behind because people feel I won't be around much longer, so my opinions are mostly worthless.They think I am out of step with the times and my values are not modern nor useful.","7","1","5","4","2","3","2","2","2","4","5","4","3","1","3","2","2","5","3","2","3","3","2","3","","Taco Bell","'==","Republican Party","Democratic Party",", if any,","woman","White","","","","","","","","$40,001-$60,000","4yearColl","Republican","","","Not very strong","","Donald Trump (Republican Party)"
"GP061si","0","100","500","1","1","4","","","60","1","7","5","4","4","61","To me, being left behind means falling thru the cracks.  In many ways, although I have many benefits of being a white male, I was left behind.  My mom was a single mom, drug user, uneducated.  She had siblings living nearby, but they were not any more responsible than her.  My sister and I grew up bouncing around foster homes, auntie's homes, and when she was not in jail, lived with mom.  No one ever really paid attention to how we were doing in school or if we were eating, where we were sleeping for the night, etc.  The system passed out punishment when we shoplifted, but did nothing to nurture good habits or reward good behavior.","4","3","4","1","1","2","2","2","3","2","1","7","5","7","6","6","5","4","3","2","3","3","2","3","","Rubio's Fish Tacos","none","Democratic Party","Republican Party","","man","White","","","","","","","","$120,001-$140,000","4yearColl","Democrat","","Not very strong","","","Kamala Harris (Democratic Party)"
"CA003hz","0","100","401","1","1","4","","","51","7","3","3","2","1","20","The idea of being left behind, in my case, refers to the fact that this is the sense I have when I look at those around me and realize that they are getting ahead, making achievements, or having an opportunity that I have not attained. I occasionally experience this in my life when I look at my peers in life who are progressing in their professions, becoming financially stable, or achieving other personal objectives such as owning a house or doing extensive traveling as I strive to meet the same targets. It may also be emotional such as falling behind socially or in the skills of others in my network. I tend to relate this feeling to the comparisons with other people, observation of the expectations of the whole society or some additional hindrances that hamper my own development.","4","2","2","4","3","1","1","1","2","1","5","2","5","2","1","4","5","5","3","4","3","2","2","2","","veggie grill","no","Republican Party","Democratic Party",", if any,","woman","White","","","","","","","","$80,001-$100,000","PHD","Republican","","","Strong","","Donald Trump (Republican Party)"
"FZ397qe","0","100","1023","1","1","4","","","19","6","6","5","6","6","15","To me, “feeling left behind” means being excluded, overlooked, or unable to keep up with others in important areas of life. I sometimes feel left behind when I see peers advancing faster in their careers, achieving milestones like owning homes, or building stable financial security while I’m still working through challenges. Technology can also make me feel left behind, because it evolves so quickly that I don’t always adapt as fast as others. Socially, I sometimes feel left behind when friends move away, start families, or change lifestyles, leaving me feeling disconnected. These feelings usually come from comparing my progress to others and recognizing gaps in resources, opportunities, or support. It’s not constant, but at times it does make me question whether I’m truly keeping pace with where I want to be.","2","3","1","6","1","1","1","1","1","1","5","3","2","6","7","7","6","3","4","4","4","3","2","3","","KFC","NO","Republican Party","Democratic Party",", if any,","man","","","Black or African American","","","","","","$20,001-$40,000","4yearColl","Republican","","","Strong","","Donald Trump (Republican Party)"
"NU471vz","0","100","345","1","1","4","","","52","3","2","1","5","1","0","left behind means that you somehow didn't succeed in what you set out to accomplish for yourself. I came to US as a teenager, graduated from college, am very successful in my career choice and generally am very happy with what i managed to accomplish in life. The only thing i regret is not getting an accent coach when i was younger because while i'm extremely fluent in English i do have an accent that can and does color some people's perception of me. ","7","1","7","6","6","1","1","1","1","6","5","5","1","3","2","6","2","2","2","2","3","3","2","1","","I don't eat fast food, so none","","Republican Party","Democratic Party",", if any,","woman","White","","","","","","","","Over $200,000","4yearColl","Independent","","","","Closer to Republican","Donald Trump (Republican Party)"
"BS535hb","0","100","19","1","1","5","","","","","","","","","","","","","","","","","","","","","","","","","","","","","","","","","","","","","","","","","","","","","","","","","","","","","","","","",""
"IS906ba","0","100","251","1","1","4","","","49","7","2","1","5","1","27","There are some things that I always wanted out of life that I'm probably not going to get. Things that seem really easy for other people. However, I'm still happy and things could be a lot worse.","7","1","6","2","5","2","2","2","2","2","4","5","2","1","3","4","4","5","3","3","4","3","2","2","","Torchys Tacos","","Republican Party","Democratic Party",", if any,","woman","White","","","","","","","","$40,001-$60,000","4yearColl","Republican","","","Strong","","Donald Trump (Republican Party)"
"SQ964dp","0","100","407","1","1","4","","","42","4","4","2","3","5","31","To me, I understand it as being left behind in terms of career progression, personal relationships like family, financial stability and social trends.","6","2","3","4","6","1","1","1","1","1","4","7","6","5","2","2","2","6","3","3","4","4","3","3","","McDonalds","","Republican Party","Democratic Party",", if any,","woman","White","","","","","","","","$100,001-$120,000","4yearColl","Republican","","","Not very strong","","Donald Trump (Republican Party)"
"HU026cu","0","100","383","1","1","4","","","51","6","2","1","2","3","12","My kids are growing up and not needing me anymore.  It makes me feel left behind in that I have to find a new way to spend my time and a knew purpose in life.  I feel like who I was is no longer true.","7","1","6","7","3","1","1","1","1","1","5","5","3","3","5","5","5","4","2","2","3","3","2","3","","Chickfila","no comments","Republican Party","Democratic Party",", if any,","woman","White","","","","","","","","$100,001-$120,000","4yearColl","Republican","","","Not very strong","","Donald Trump (Republican Party)"
"QK970xr","0","100","1084","1","1","4","","","37","6","1","1","5","1","100","I feel left behind because through all the various society trends that have happened in my life, I was never one of the ones that people accepted. I couldn't wait to grow up and be an adult so it wouldn't matter and I could just hide in my little corner, but by then my health is so bad I can't even do that. I am a caucasian appearing, white, straight, Christian. I vaguely remember the first time my personality was ascribed to as being ""nerdy"" when really I was obsessive. I've been seen as cool at times, but even that is fake. Honestly what is left behind most in me is what I identify with most which is objective truth. Times and seasons come and go but the truth of the moment is always the truth, and I find since I cling to it, I am always in some way shape or form left behind. I am in a current situation where out of no where my anxiety got so bad that I can't really do anything. I can't see a doctor to find out what it is. I need a doctors analysis before I can get ""disability"". Without income, I can't try to attempt to heal myself. So, every door is closed. Every single one. I can't even talk to anyone on the phone. One person tried to talk to me, but she was married, from another continent, and ultimately her mind could not even cope with the suffering I was experiencing so she ascribed ill-intent rather than understanding the objective truth of the matter. So, now I am without no one, no money, no one understands. I am completely, objectively, left behind. No one is more left behind than me, maybe other than a dead person. It sounds so far fetched what I am saying that most would think it's a lie. Even I think it's a lie, just because the truth is so painful. Because everyone is so busy wearing victimhood as a fashion statement to get attention, real victims are unseen, uncared about, etc. The world is exhausted with caring. And that's fine. I just desire the truth to be known, regardless. It's not me that's left behind really, it's the truth, and I think I have diagnosed the culprit of my illness in that. The body keeps score, they say, and I cannot visualize/imagine myself being healthy in a world that feels like an atmosphere of lies. It is like an invisible toxic wasteland that only reflections of lies and evil can coexist with. So maybe I am not sick at all, maybe reality is sick and I am like a fish in poisoned water trying to figure out why I am not well. I'm utterly left behind as a truth lover in a society where lies are God.","1","3","4","4","1","7","4","5","1","4","1","1","1","1","4","7","7","1","1","1","1","1","1","1","","Chick-fil-a","","Republican Party","Democratic Party","","man","White","","","","","Middle Eastern or North African","","","$40,001-$60,000","GED","Republican","","","Strong","","I did not vote"
"GK945xg","0","100","299","1","1","4","","","46","4","5","4","5","5","80","I have been left behind because of financial instability. Even as a person who did not finish college, I should have more opportunities than I do. Being left behind, to me, means that I am not offered the opportunities that others in my peer group have been.","3","3","2","4","3","1","2","4","3","2","4","5","5","5","7","6","6","2","2","2","2","3","2","2","","Raising Cane's","","Democratic Party","Republican Party","","woman","","","","","","","","","$20,001-$40,000","GED","Independent","","","","Closer to Democratic","Jill Stein (Green Party)"
"GP371uf","0","100","397","1","1","4","","","37","4","5","1","5","4","35","Both due to choices I have made, such as being a stay at home parent, or choices out of my control, like suffering from chronic health conditions, I at times feel further behind because my life looks different than my peers. However, I am comparing situations often without having all of the details. As a society we elevate certain lifestyles over others, but the reality is most of us are trying our best and doing what we have to. Does my life look like I imagined it would at 37. It doesn't but that does not mean I have been left behind. I just means my life is different. ","3","3","4","7","4","","","","","","4","4","1","5","7","7","5","3","2","2","2","3","1","1","","Chick fil a","","Non-Partisan","Non-Partisan",", if any,","woman","White","","","","","","","","$60,001-$80,000","4yearColl","Independent","","","","Neither","Donald Trump (Republican Party)"
"VG516jp","0","100","321","1","1","4","","","49","1","6","6","2","7","90","because current policies and politics are being enacted that would do great harm to someone such as myself. The programs which would help me are being dismantled or are more difficult to get onto now","1","4","1","3","1","2","2","3","2","2","6","5","7","7","7","6","6","2","1","2","1","4","2","3","","Sonic","","Democratic Party","Republican Party","","man","White","Hispanic, Latino, or Spanish origin","","","","","","","$20,001-$40,000","GED","Democrat","","Strong","","","Kamala Harris (Democratic Party)"
"UH830fx","0","100","1358","1","1","4","","","43","6","2","6","4","3","20","I would say having that feeling that other people are moving ahead in life in terms of career, relationships, or growth, while personally I feel somehow stuck or moving slower. At a personal level, I view it where my peers have achieved milestones such as buying a house, travelling, among other things in life. Feeling left behind always comes as a result of comparison with friends. At that moment I feel my growth, healing or journey is always lagging behind..","2","2","2","5","5","1","2","4","1","4","5","2","6","2","5","4","4","5","2","2","3","3","2","2","","Taco Bell","None","Republican Party","Democratic Party",", if any,","man","","","Black or African American","","","","","","$40,001-$60,000","GED","Republican","","","Not very strong","","Donald Trump (Republican Party)"
"LA963yf","0","100","301","1","1","","","","61","5","3","1","4","2","28","Being set back because of something beyond your control like race, gender or even age.I feel a little left back when looking for a job as a 61 yr old man","2","2","3","2","3","2","2","2","2","2","2","5","3","5","5","6","6","2","2","2","4","4","2","2","","arby's","","Republican Party","Democratic Party",", if any,","man","White","","","","","","","","$40,001-$60,000","GED","Independent","","","","Closer to Republican","Cornel West (Independent)"
"AI993kq","0","100","539","1","1","4","","","54","1","6","","","","60","I am 54 and I was recently diagnosed auhd. I feel that had i had a diagnosis long ago my outcome would have been better or I would have had more support. ","2","4","4","2","2","4","4","4","6","1","4","1","7","7","7","7","6","1","2","1","1","4","1","2","","wendys","","Democratic Party","Republican Party","","woman","","Hispanic, Latino, or Spanish origin","","","","","","","$20,001-$40,000","MA","Democrat","","Not very strong","","","Kamala Harris (Democratic Party)"
"CH472sk","0","100","423","1","1","4","","","39","5","2","1","1","2","19","Struggling financially and living in poverty.  Drowning in debts and not being able to pay them and not making enough money to live comfortably ","6","2","3","3","4","1","1","4","1","1","4","4","1","2","5","5","5","4","3","3","3","3","2","1","","None","","Republican Party","Democratic Party",", if any,","man","","Hispanic, Latino, or Spanish origin","","","","","","","$100,001-$120,000","4yearColl","Republican","","","Not very strong","","Donald Trump (Republican Party)"
"KC770vj","0","100","400","1","1","4","","","44","1","1","","","","80","I feel left behind in the sense that other in life have it easier to make more money and move up the corporate ladder due to their race of being Caucasian. Other minorities are being held back due to systemic racism in America and it seem's to be getting worse by the day.","1","3","4","1","1","1","1","1","1","1","7","7","7","7","7","7","7","7","1","1","1","3","2","1","","In and Out Burger","","Democratic Party","Republican Party","","man","","","Black or African American","","","","","","$20,001-$40,000","2yearColl","Democrat","","Not very strong","","","Kamala Harris (Democratic Party)"
"GV585me","0","100","273","1","1","4","","","43","4","4","4","4","4","28","It means, have you been able to achieve what people of your age or education status have achieved in their lives","4","3","4","4","4","1","1","7","1","1","4","4","4","4","7","4","1","5","3","3","4","3","2","4","","macDonalds","no","Democratic Party","Republican Party",", if any,","man","","","Black or African American","","","","","","$140,001-$160,000","MA","Independent","","","","Closer to Democratic","Kamala Harris (Democratic Party)"
"PG330pq","0","100","595","1","1","4","","","46","5","1","2","7","2","51","So feeling left behind for me. It's pretty hard sometimes being stuck in a low end job where I'm basically scraping by to me. It means watching everyone else move ahead friends from school buying houses traveling or getting promotions while I'm still in the same right barely making rent. I feel left behind because it seems like I missed some boat you know maybe it's not having gone to college or not taking risk when I was younger and now the gap is just growing the paycheck barely covers bills and seeing others post about their fancy vacations or new cars on social media stings it's like they're living a life. I can't even dream of reaching plus the job itself doesn't offer much chance to move up so I'm stuck watching time pass while others build something better.","2","3","1","4","2","4","2","3","2","2","2","2","3","3","6","6","6","2","2","2","3","3","2","1","","in n out","","Republican Party","Democratic Party","","man","White","","","","","","","","$20,001-$40,000","GED","Independent","","","","Closer to Republican","I did not vote"
"PM697ft","0","100","276","1","1","4","","","44","1","1","1","1","1","90","As a professional writer I was making $250 an hour. Then AI happened and it ruined my career. America doesn't care. I was just a cog in the machine and I've been replaced.","1","3","1","6","1","","","","","","4","1","7","7","7","7","7","1","1","1","2","3","1","1","","Wendy's","","Non-Partisan","Non-Partisan","","man","White","","","","","","","","$0-$20,000","GED","No preference","","","","Neither","I did not vote"
"OC829jn","0","100","211","1","1","4","","","36","1","6","7","6","6","44","Left behind could mean that the people around you such as friends, family members and neighbors are progressing in life further than you. ","4","4","3","3","2","2","3","2","5","3","6","6","7","7","7","7","5","3","2","2","3","3","2","2","","subway","","Democratic Party","Republican Party",", if any,","woman","White","","","","","","","","$120,001-$140,000","MA","Democrat","","Strong","","","Kamala Harris (Democratic Party)"
"YD003an","0","100","762","1","1","4","","","36","4","4","4","","","14","I feel left behind in the sense that I do not communicate with anyone from grade-school while most of the other friends in the groups I was a part of have strong relationships with one another. I also feel left behind because people my age have kids that are much older than mine and they seem more financially stable. ","6","1","4","3","4","1","2","2","2","2","4","5","3","4","5","3","5","5","3","3","3","3","3","3","","In n Out","n/a","Republican Party","Democratic Party",", if any,","woman","","Hispanic, Latino, or Spanish origin","","Asian","","","","","$60,001-$80,000","4yearColl","Republican","","","Not very strong","","Donald Trump (Republican Party)"
"GN635zf","0","100","546","1","1","4","","","47","5","5","3","5","3","76","for me the above phrase means that whatever i want in life i cannot achieve because of some factors . this factors might be avoidable or unavoidable. this may be in factors such as career, marriage or relationship where my peers are advancing while am still stuck at a certain level, where i might be struggling or even no change at all.","5","4","5","5","3","6","5","3","6","4","3","6","6","3","5","3","3","5","3","4","4","4","3","3","","chicken","the study was good","Republican Party","Democratic Party","","woman","White","","","","","","","","$140,001-$160,000","4yearColl","Republican","","","Not very strong","","Donald Trump (Republican Party)"
"ZZ991ci","0","100","837","1","1","4","","","42","1","6","7","","7","20","Being ignored by people in power, who have the ability to help people that deserve a hand.  A lot of people are struggling these days because they have been left behind at the expense of the richest people in society","1","5","2","2","2","1","1","1","1","1","6","2","6","7","7","6","5","2","2","2","3","4","1","2","","Shake Shack","","Democratic Party","Republican Party",", if any,","man","","Hispanic, Latino, or Spanish origin","","Asian","","","","","$160,001-$180,000","MA","Democrat","","Strong","","","Kamala Harris (Democratic Party)"
"EL670hv","0","100","287","1","1","4","","","39","5","3","2","5","1","25","I feel like being left behind in this case means the government doesn't care about you and not helping you in any way through policy. This makes you feel like you are getting further behind in life.","2","4","2","2","3","4","1","1","1","1","2","5","2","3","5","6","6","5","2","2","3","4","2","2","","Raising Canes","","Republican Party","Democratic Party",", if any,","man","White","","","","","","","","$80,001-$100,000","4yearColl","Independent","","","","Closer to Republican","I did not vote"
"WU227xd","0","100","623","1","1","4","","","46","7","1","1","1","6","0","Feeling left behind means seeing others progress while feeling you are stuck, often due to comparism and external pressure. It can be discouraging but also motivating if the energy is chanelled possitively","7","5","6","7","5","5","1","4","7","6","6","7","7","1","7","6","7","7","4","3","3","4","3","4","","McDonald's","","Republican Party","Democratic Party",", if any,","woman","","","Black or African American","","","","","","$160,001-$180,000","MA","Republican","","","Strong","","Donald Trump (Republican Party)"
"CK578la","0","100","1914","1","1","4","","","47","","6","6","4","","21","There is so many ways you might feel left behind, like career progression, you might feel left behind if your peers are achieving promotions, higher salaries,or more prestigious role while you feel stagnant in your own career. You might also feel left behind if friends are getting married and starting a family.","4","2","6","4","4","3","4","3","3","3","5","5","5","6","5","3","3","5","3","3","3","3","3","3","","kfc","","Democratic Party","Republican Party",", if any,","man","","","Black or African American","","","","","","$120,001-$140,000","MA","Democrat","","Not very strong","","","Kamala Harris (Democratic Party)"
"IW155dx","0","100","728","1","1","4","","","33","1","7","5","5","6","70","To me it means being able to accomplish things in life. I feel like the generation I'm in keeps experiencing traumatic events and are somewhat behind in life.","2","4","2","5","1","1","1","1","1","1","6","3","7","7","6","5","4","4","2","2","3","4","2","3","","Taco Bell","None","Democratic Party","Republican Party","","woman","White","","","","","","","","$60,001-$80,000","GED","Independent","","","","Closer to Democratic","Kamala Harris (Democratic Party)"
"EU401qj","0","100","780","1","1","4","","","65","5","3","1","6","3","61","I made some bad choices early in my life-17 to be exact, that left a profound effect on the rest of my life. I was a very intelligent, involved student throughout school. However, due to family financial issues and my choices, life took a much different direction than what I had envisioned when I was younger. 

My mother committed suicide when I was just 13 and that was a major turning point for me. Between that and my choice to have sex at 17 which resulted in me getting pregnant, my dream of going in the navy and later studying oceanography vanished. It was 1977, RvW was a big thing then. My dad wanted me to have the abortion, my stepmom wanted me to have the baby and keep it. Nobody asked what I wanted, so I decided. I had the baby and put him up for adoption. 

So, I was left behind. I was not able to pursue my career choice, I had to settle and make the best of it. ","7","1","4","1","3","","","","","","3","4","1","4","5","7","6","2","2","2","2","2","2","2","","Pizza Hut","","Non-Partisan","Non-Partisan","","woman","White","","","","","","","","$20,001-$40,000","2yearColl","Independent","","","","Neither","I did not vote"
"AM783tw","0","100","605","1","1","4","","","40","7","7","1","7","1","90","I am not merely speaking for myself, but what most Americans face - stagnant wages, rising costs, economic uncertainty, a government that works to line the pockets of capitalists and oligarchs and to crush its opponents  ","1","5","1","4","1","","","","","","4","1","7","7","7","7","7","1","1","1","1","4","1","1","","Panera","","Non-Partisan","Non-Partisan","","man","","Hispanic, Latino, or Spanish origin","","","","","","","$80,001-$100,000","MA","Other party","Democratic socialist","","","Neither","Kamala Harris (Democratic Party)"
"MA816im","0","100","971","1","1","4","","","39","6","2","5","2","3","17","Feeling left behind to me would mean my family not including me when it comes to certain events. I want to be involved with all decisions and be included. ","2","1","2","2","2","4","1","1","2","7","7","4","6","2","3","3","3","3","3","3","3","3","3","3","","Canes","","Republican Party","Democratic Party",", if any,","woman","White","","","","","","","","$80,001-$100,000","2yearColl","Republican","","","Strong","","Donald Trump (Republican Party)"
"GB721ld","0","100","605","1","1","4","","","57","7","1","1","1","1","0","I think feeling left behind would mean that I feel disconnected from other people and the world around me overall.  I would feel isolated and alone if I felt left behind in my life.  If I feel left behind in my life, I would feel like I have no one to turn to in times of need.  ","7","1","7","7","4","1","4","1","4","1","4","7","1","1","1","4","1","4","3","3","4","4","3","3","","Panda Express","No comments.","Republican Party","Democratic Party",", if any,","woman","White","","","","","","","","$40,001-$60,000","GED","Republican","","","Strong","","Donald Trump (Republican Party)"
"FZ705zg","0","100","417","1","1","4","","","49","3","1","","","","94","Mainly it is about not being able to afford the things I used to or should be able to since I have a job. It's financially being left behind by inflation.","1","4","1","6","1","","","","","","4","6","6","2","6","7","7","1","1","1","1","2","1","1","","Burger King","","Non-Partisan","Non-Partisan","","man","White","","","","","","","","Prefer not to answer","GED","Independent","","","","Neither","I did not vote"
"YF301sz","0","100","510","1","1","4","","","51","4","6","3","","3","10","For me, feeling left behind means watching others and my peers move forward in their careers or personal lives while I feel stuck in the same place. But I now recognize that I am just being too critical of myself and learned to focus on my own progress.  ","2","1","3","3","4","2","2","2","3","1","4","4","6","5","5","5","4","3","2","1","2","3","2","2","","popeye's","","Democratic Party","Republican Party",", if any,","man","","","","Asian","","","","","Over $200,000","4yearColl","Democrat","","Not very strong","","","Kamala Harris (Democratic Party)"
"KK724gt","0","100","975","1","1","4","","","38","6","3","5","5","5","0","feeling left behind means seeing others reach a milestone in life while i feel stuck in the same place or slower in comparism ","6","3","6","6","5","6","5","5","7","6","7","7","1","1","7","6","7","7","3","3","1","3","1","2","","Chick-fil-A","no comments ","Republican Party","Democratic Party",", if any,","man","","","Black or African American","","","","","","$120,001-$140,000","PHD","Republican","","","Strong","","Donald Trump (Republican Party)"
"BA221pq","0","100","1974","1","1","4","","","68","5","2","2","2","3","3","Due to my African-American race and living in the USA the phrase ""left behind"" generally makes me think of the mental, physical and financial constraints that slavery gifted my people with. I personally have lived my life refusing to be a continued slave. Using the excuse of being held down or ""left behind""  by harboring the attitude that society owes me. Is making your own pity party.  That without a societal apology for our enslavement or financial blessing I can't achieve. Yes it would be nice to have reparations for the cruelty my race suffered. I feel one must make a choice to not be or feel ""left behind"". I made that choice and have never looked back. I educated myself and made a good life for myself. I overcame many obstacles but I pushed through. Left Behind will never be me or my children's life status.
","4","3","4","4","2","1","2","3","3","3","1","4","4","4","7","5","4","4","3","3","3","3","3","3","","Panda Express","☮️","Republican Party","Democratic Party",", if any,","woman","","","Black or African American","","","","","","$80,001-$100,000","4yearColl","Independent","","","","Closer to Republican","Donald Trump (Republican Party)"
"BN140jn","0","100","540","1","1","4","","","48","2","5","4","4","4","31","I sometimes feel left behind financially, because despite working hard, I struggle to build savings, pay off debt, or afford major life milestones.  Others around me are advancing - earning more, investing, or reaching financial goals - while I feel stuck just trying to stay afloat.  It's frustrating and discouraging to compare myself to peers who appear financially secure, especially when I've faced setbacks.  I sometimes feel ashamed, anxious about the future, and uncertain of whether I'll ever catch up.","2","2","1","6","2","1","1","3","1","1","4","6","6","7","6","7","6","1","1","1","2","3","1","2","","McDonalds","","Democratic Party","Republican Party",", if any,","woman","White","","","","","","","","$160,001-$180,000","PHD","Independent","","","","Closer to Democratic","Kamala Harris (Democratic Party)"
"HT726ky","0","100","941","1","1","4","","","35","1","6","6","3","6","20","I'd say rising costs, rapid change, and weak safety nets make it hard to keep pace despite effort.    ","2","3","3","6","4","2","4","5","3","4","5","5","7","7","5","5","4","2","2","2","3","3","2","3","","McDonald’s","","Democratic Party","Republican Party",", if any,","woman","","","Black or African American","","","","","","$40,001-$60,000","MA","Democrat","","Not very strong","","","Kamala Harris (Democratic Party)"
"TL153cy","0","100","1816","1","1","4","","","22","1","7","7","1","7","58","I feel t could mean many things. I could mean that your are far behind your peers in terms of success, like buying a house or getting married. Or for a child that could mean being behind academically ","4","3","5","6","5","1","1","2","2","2","3","4","6","7","6","6","5","3","2","2","3","4","2","2","","Wendys ","","Democratic Party","Republican Party","","woman","","","Black or African American","","","","","","$20,001-$40,000","GED","Democrat","","Strong","","","Kamala Harris (Democratic Party)"
"GD488jz","0","100","575","1","1","4","","","54","4","4","3","4","3","50","The main way I feel left behind is based on age.  I have extensive administrative experience but because of my age, it is difficult to find work in a corporate setting. Companies are more geared to hiring young people without experience who are willing to work for little pay so that they do have the cost associated with high quality experience. This has led me to do other work outside of the corporate structure.","2","3","4","6","2","","","","","","4","5","4","4","6","6","4","2","1","1","3","1","1","1","","Chick FIL A","","Non-Partisan","Non-Partisan","","woman","White","","","","","","","","Prefer not to answer","2yearColl","No preference","","","","Neither","I did not vote"
"ID267zs","0","100","2149","1","1","4","","","54","4","4","5","5","","61","I live in the UP of Michigan which is an extremely rural place we dont even have Doordash pr Uber, we only have a Burger King within a half hour drive I feel like Im left behind in eerything thats new and current. A social life, concerts, more schooling. Just the hustle and bustle of city life. Political protests standing up for things I believe in.","4","1","4","6","3","1","1","1","1","1","5","5","6","6","6","5","6","3","3","3","3","4","3","3","","Culvers","","Republican Party","Democratic Party","","woman","","Hispanic, Latino, or Spanish origin","","","","","","","$100,001-$120,000","GED","Republican","","","Strong","","Donald Trump (Republican Party)"
"JD089ot","0","100","398","1","1","4","","","30","1","3","5","1","5","70","I think that the social structure in the U.S allows for a wide variety of cracks to fall through. I've personally felt left behind in the sense that it has felt impossible to provide entirely for myself even as my income has increased. The requirements to gain that income (College, etc) place weights of debt around the shoulders of anyone without a family who can afford to pay for them. ","4","3","2","6","2","1","1","1","1","1","5","5","7","7","7","5","5","3","2","2","3","4","2","2","","Arbys ","","Democratic Party","Republican Party","","man","","","","","","","","","$20,001-$40,000","4yearColl","Democrat","","Not very strong","","","Kamala Harris (Democratic Party)"
"VP449hx","0","100","435","1","1","4","","","46","6","1","2","5","1","22","I would say left behind means you have no way of taking care of yourself and no one to help you including the government.  Possibly no living or food assistance and you are almost if not homeless.  I do not feel this way but i understand those who do.","6","3","2","3","7","2","2","2","2","2","3","2","1","1","4","4","5","4","3","2","3","3","2","1","","Popeyes","Thank you","Republican Party","Democratic Party",", if any,","man","White","","","","","","","","$140,001-$160,000","2yearColl","Republican","","","Strong","","Donald Trump (Republican Party)"
