"PID","Status","Progress","Duration..in.seconds.","Finished","consent","lebe_cont_1","elect_exp","elect_change","elect_econ","elect_cult","mob_1","mob_2","mob_3","mob_4","mob_5","mob_6","mob_7","mob_8","check_1","soccon_1","soccon_2","soccon_3","soccon_4","soccon_5","lonely_1","lonely_2","lonely_3","leftbehind_cooley_1","leftbehind_cooley_2","leftbehind_cooley_3","leftbehind_cooley_4","leftbehind_cooley_5","ideo","gender_.99_TEXT","race_8_TEXT","age","check_2","feedback","mds_self","mds_white","mds_black","mds_asian","mds_latino","gender","race_1","race_2","race_3","race_4","race_5","race_6","race_7","race_8","income","edu","party_gen","party_gen_5_TEXT","party_dem","party_rep","party_ind"
"UF787ej","0","100","167","1","1","30","3","4","5","3","2","5","2","5","6","6","2","2","5","3","3","5","5","3","2","2","2","","","","","","4","","","58","Blue","","70","75","50","80","45","man","White","","","","","","","","$100,001-$120,000","2yearColl","Independent","","","","Closer to Democratic"
"HP368nm","0","100","151","1","1","63","3","3","1","1","3","5","2","5","5","5","3","3","5","5","5","4","4","5","3","2","3","","","","","","2","","","52","blue","","44","81","29","56","32","man","White","","","","","","","","$40,001-$60,000","4yearColl","Democrat","","Strong","",""
"ZN591dg","0","100","134","1","1","64","2","2","1","1","3","5","3","5","5","5","3","3","5","3","3","2","6","2","1","1","2","","","","","","2","","","46","blue","","51","51","41","51","41","man","White","","","","","","","","$60,001-$80,000","MA","Democrat","","Strong","",""
"EQ966wd","0","100","135","1","1","10","2","5","5","6","1","7","2","7","6","7","1","1","5","1","1","1","6","1","1","1","1","","","","","","6","","","28","Red","","70","70","55","65","60","man","White","","","","","","","","$120,001-$140,000","2yearColl","Republican","","","Not very strong",""
"WZ250as","0","100","224","1","1","50","4","4","4","3","2","6","2","6","6","6","2","2","5","3","3","4","5","4","1","1","1","","","","","","3","","","49","coral","","75","80","75","78","71","woman","White","","","","","","","","$40,001-$60,000","2yearColl","Democrat","","Not very strong","",""
"DA526cb","0","100","165","1","1","80","3","1","1","1","4","3","4","3","4","3","5","4","5","5","5","4","6","4","2","2","2","","","","","","1","","","40","Green","","50","72","35","44","26","woman","White","","","","","","","","$40,001-$60,000","MA","Democrat","","Strong","",""
"SA647iw","0","100","121","1","1","82","4","4","5","6","4","6","4","4","4","6","4","4","4","4","4","4","6","6","2","2","1","","","","","","6","","","34","Green","","91","44","43","29","30","man","","Hispanic, Latino, or Spanish origin","Black or African American","","","","","","$80,001-$100,000","GED","Republican","","","Strong",""
"EZ569ty","0","100","196","1","1","60","5","4","5","2","2","3","1","6","4","6","3","5","5","4","1","3","5","3","1","1","2","","","","","","2","","","27","purple","Thank you!","40","90","25","60","15","woman","","Hispanic, Latino, or Spanish origin","","","","Middle Eastern or North African","","","$100,001-$120,000","4yearColl","Democrat","","Not very strong","",""
"GO536wu","0","100","255","1","1","19","5","1","4","7","2","6","2","6","6","6","2","2","5","1","1","2","6","2","1","1","1","","","","","","6","","","37","pink","","84","50","50","50","50","woman","White","","","","","","","","$140,001-$160,000","2yearColl","Republican","","","Strong",""
"VB449cu","0","100","139","1","1","66","2","2","2","5","4","4","4","4","4","4","4","4","5","4","4","5","6","5","2","2","2","","","","","","4","","","40","green","","61","73","59","71","53","man","White","","","","","","","","$80,001-$100,000","GED","Independent","","","","Neither"
"KV988ej","0","100","215","1","1","78","4","5","6","7","5","6","4","6","5","6","6","5","5","6","3","3","6","5","1","1","1","","","","","","4","","","31","Red","","23","40","73","47","58","man","","","Black or African American","","","","","","$60,001-$80,000","2yearColl","Republican","","","Not very strong",""
"RE198wy","0","100","202","1","1","61","6","3","6","6","3","5","2","5","5","5","3","2","5","2","2","2","5","5","1","1","1","","","","","","7","","","49","blue","","0","0","0","0","0","woman","White","","","","","","","","$80,001-$100,000","GED","Republican","","","Strong",""
"DY239rb","0","100","171","1","1","33","4","3","5","4","3","4","4","4","3","3","5","2","5","3","5","4","6","3","1","1","1","","","","","","4","","","25","blue","","74","91","67","74","67","man","","","","Asian","","","","","$120,001-$140,000","MA","Independent","","","","Neither"
"FG697ko","0","100","236","1","1","70","5","3","2","1","2","5","2","6","5","5","2","2","5","6","6","4","3","5","1","1","1","","","","","","2","","","38","brown","","37","76","31","34","27","man","White","","","","","","","","$20,001-$40,000","2yearColl","Democrat","","Not very strong","",""
"PT918gw","0","100","209","1","1","23","2","5","6","7","3","2","3","5","5","2","5","6","5","2","1","1","5","2","2","1","1","","","","","","7","","","74","blue","Thank you","40","80","31","60","28","woman","White","","","","","","","","$40,001-$60,000","GED","Republican","","","Strong",""
"DK073go","0","100","154","1","1","25","6","6","2","1","6","2","6","2","2","2","6","6","5","7","6","6","2","5","1","1","1","","","","","","4","","","42","blue","","30","100","40","50","40","man","","","","Asian","","","","","$20,001-$40,000","2yearColl","Independent","","","","Neither"
"CE780gb","0","100","193","1","1","40","3","1","1","1","3","5","3","6","5","5","2","3","5","3","3","3","5","3","1","1","1","","","","","","1","","","26","Purple","","68","70","32","44","38","man","White","","","","","","","","$80,001-$100,000","GED","Democrat","","Strong","",""
"IQ939bi","0","100","199","1","1","5","2","7","7","7","2","6","2","6","6","6","2","2","5","1","1","1","7","2","1","1","1","","","","","","6","","","51","red","","20","20","20","20","20","man","White","","","","","","","","$80,001-$100,000","4yearColl","Republican","","","Not very strong",""
"VY000lx","0","100","191","1","1","77","2","2","5","5","4","2","4","2","3","2","4","4","5","6","7","6","4","6","2","2","3","","","","","","5","","","44","Grey","","4","21","64","51","59","man","White","","","","","","","","$0-$20,000","2yearColl","Independent","","","","Closer to Republican"
"UV330ax","0","100","140","1","1","66","6","5","2","1","6","3","5","4","4","3","5","5","5","5","6","6","4","5","3","2","3","","","","","","2","","","34","Yellow","","35","84","37","50","11","woman","","","Black or African American","","","","","","$20,001-$40,000","4yearColl","Democrat","","Not very strong","",""
"VO555vu","0","100","146","1","1","8","3","3","6","2","2","6","7","6","6","6","2","3","5","2","1","1","6","2","1","1","1","","","","","","4","","","30","Orange","","85","85","55","80","40","man","White","","","","","","","","Over $200,000","4yearColl","Independent","","","","Neither"
"GJ029sn","0","100","210","1","1","9","1","4","5","4","2","5","2","6","6","6","2","3","5","4","2","3","5","4","2","1","1","","","","","","4","","","54","Blue","","70","65","58","62","50","woman","White","","","","","","","","Prefer not to answer","GED","Republican","","","Not very strong",""
"RU379fk","0","100","144","1","1","35","5","5","4","4","3","4","5","4","5","3","4","4","5","5","4","5","6","5","2","2","2","","","","","","4","","","28","Blue","","70","70","50","60","55","man","White","","","","","","","","$140,001-$160,000","4yearColl","No preference","","","","Closer to Republican"
"EM719ho","0","100","164","1","1","48","3","4","4","4","2","5","2","6","5","6","2","2","5","2","2","6","5","6","1","1","1","","","","","","4","","","47","Pink","none","63","82","32","73","42","woman","White","","","","","","","","$100,001-$120,000","2yearColl","Republican","","","Not very strong",""
"LG801qn","0","100","129","1","1","100","4","3","3","2","6","1","6","2","1","1","7","6","5","6","6","7","4","6","2","3","3","","","","","","3","","","53","blue","","20","80","51","56","39","man","White","","","","","","","","$20,001-$40,000","GED","Independent","","","","Closer to Democratic"
"LO280go","0","100","144","1","1","94","4","3","1","2","5","1","4","1","1","1","5","6","5","1","1","1","4","1","1","1","1","","","","","","3","","","64","green","","34","65","26","28","30","woman","White","","","","","","","","$20,001-$40,000","2yearColl","Independent","","","","Closer to Democratic"
"LT754wf","0","100","238","1","1","75","5","5","3","4","3","4","3","4","4","4","3","3","5","5","5","5","5","4","2","2","2","","","","","","4","","","32","Green","","45","97","39","48","40","woman","White","","","","","","","","$60,001-$80,000","GED","Independent","","","","Neither"
"AY468dn","0","100","207","1","1","40","4","3","4","6","2","5","5","4","6","4","2","2","5","3","2","3","5","4","1","2","2","","","","","","5","","","29","blue","","55","53","40","60","45","man","White","","","","","","","","Prefer not to answer","4yearColl","Independent","","","","Neither"
"NR719fq","0","100","130","1","1","71","5","2","1","1","2","4","2","4","4","5","2","2","5","2","2","3","5","2","2","2","2","","","","","","2","","","38","blue","","48","56","42","54","43","woman","White","","","","","","","","$80,001-$100,000","4yearColl","Democrat","","Strong","",""
"WO222zn","0","100","178","1","1","100","7","5","3","4","4","5","4","5","5","4","4","4","5","7","7","7","1","7","3","3","3","","","","","","4","","","36","red","","21","57","30","16","27","man","White","","","","","","","","$0-$20,000","noHS","Independent","","","","Neither"
"PN675ov","0","100","205","1","1","0","4","4","7","7","2","6","2","6","6","6","2","2","5","5","5","5","5","5","1","1","2","","","","","","7","","","37","blue","Have a great day!","55","72","48","68","44","man","White","","","","","","","","$60,001-$80,000","GED","Republican","","","Strong",""
"YG410ig","0","100","165","1","1","62","7","1","7","1","7","5","5","6","4","5","6","5","5","6","5","5","5","5","2","2","2","","","","","","2","","","31","orange","","48","88","24","72","39","woman","White","","","","","","","","$40,001-$60,000","4yearColl","Democrat","","Strong","",""
"CZ152yc","0","100","245","1","1","17","6","5","5","5","5","3","3","5","5","5","3","5","5","2","3","2","5","2","1","1","1","","","","","","4","","","37","BLUE","great study","80","90","29","47","8","man","White","","","","","","","","$160,001-$180,000","MA","Independent","","","","Closer to Republican"
"DG372qb","0","100","190","1","1","18","4","2","1","1","6","2","6","2","2","2","6","6","5","2","3","3","5","2","3","1","3","","","","","","2","","","50","Blue","","43","70","35","60","39","woman","White","","","","","","","","$60,001-$80,000","4yearColl","Democrat","","Not very strong","",""
"EX215za","0","100","238","1","1","55","5","6","1","1","4","5","3","5","5","4","3","3","5","3","3","3","5","3","1","2","1","","","","","","1","","","32","blue","","50","100","50","60","50","woman","","","","","American Indian or Alaska Native","","","","$40,001-$60,000","GED","Democrat","","Strong","",""
"AI309ub","0","100","296","1","1","8","2","5","6","7","2","6","2","6","6","6","2","1","5","2","2","2","6","1","2","1","1","","","","","","6","","","40","Blue","","50","68","40","56","44","man","","Hispanic, Latino, or Spanish origin","","","","","","","$40,001-$60,000","GED","Republican","","","Strong",""
"WP927hq","0","100","236","1","1","77","3","1","1","1","5","2","6","1","2","4","6","5","5","5","6","7","1","6","1","2","2","","","","","","4","","","42","Purple","","0","100","0","80","43","woman","","","Black or African American","","","","","","$80,001-$100,000","4yearColl","Democrat","","Strong","",""
"DR284ih","0","100","169","1","1","62","2","5","3","4","5","2","5","2","2","2","5","5","5","6","6","5","3","5","3","3","3","","","","","","5","","","34","Purple","","59","79","30","68","42","woman","White","","","","","","","","$40,001-$60,000","GED","Republican","","","Not very strong",""
"EP685du","0","100","119","1","1","8","3","6","7","5","3","5","3","5","5","5","3","3","5","2","2","2","6","2","2","2","2","","","","","","5","","","44","Red","","87","54","36","64","43","man","White","","","","","","","","$80,001-$100,000","4yearColl","Independent","","","","Closer to Republican"
"SX914ja","0","100","303","1","1","35","3","6","7","4","3","5","2","6","5","5","2","3","5","2","2","2","5","3","1","1","1","","","","","","4","","","50","pink","No further comments, thanks.","75","81","61","73","45","woman","","","","Asian","","","","","$160,001-$180,000","4yearColl","Independent","","","","Neither"
"QW797wf","0","100","203","1","1","64","4","5","3","2","5","3","5","3","3","3","5","5","5","5","5","5","3","3","2","3","2","","","","","","3","","","43","blue","","4","38","36","57","38","woman","White","","","","","","","","$40,001-$60,000","GED","Republican","","","Not very strong",""
"YP902rf","0","100","221","1","1","30","4","3","2","2","3","2","2","2","2","2","4","4","5","1","1","1","7","1","1","1","1","","","","","","3","","","61","blue","","30","51","40","45","45","man","White","","","","","","","","$20,001-$40,000","GED","Independent","","","","Closer to Democratic"
"CS773mm","0","100","156","1","1","16","4","4","1","1","1","5","1","6","5","6","3","2","5","3","5","2","3","3","2","2","2","","","","","","1","","","34","purple","","55","96","72","80","66","woman","White","","","","","","","","$0-$20,000","GED","Democrat","","Strong","",""
"WU998ts","0","100","185","1","1","33","2","4","1","1","3","2","3","4","4","5","3","3","5","5","4","5","4","5","1","2","2","","","","","","2","","","37","Orange","","57","86","31","85","26","woman","White","","","","","","","","$120,001-$140,000","MA","Independent","","","","Closer to Democratic"
"PR625fy","0","100","248","1","1","60","5","6","4","5","3","4","2","4","3","5","3","3","5","4","3","5","6","5","1","2","1","","","","","","6","","","71","blue","","40","58","48","70","33","woman","White","","","","","","","","$20,001-$40,000","GED","Independent","","","","Neither"
"IB089wu","0","100","232","1","1","70","4","6","3","7","6","1","1","6","6","6","1","1","5","3","3","3","6","5","2","2","2","","","","","","7","","","38","Blue","","32","75","75","91","62","man","White","","","","","","","","$20,001-$40,000","GED","Republican","","","Strong",""
"HV428bz","0","100","230","1","1","75","2","6","6","4","4","4","3","4","4","4","3","3","5","7","6","6","4","6","3","1","3","","","","","","4","","","53","purple","","50","75","70","73","60","man","White","","","","","","","","$60,001-$80,000","4yearColl","No preference","","","","Neither"
"XS788os","0","100","178","1","1","46","6","7","5","6","3","5","3","5","5","5","3","3","5","2","3","3","6","2","1","2","2","","","","","","5","","","21","blue","","21","76","45","34","18","woman","White","","","","","","","","$80,001-$100,000","GED","Republican","","","Not very strong",""
"VU515ds","0","100","164","1","1","60","6","4","3","2","2","6","2","6","6","5","2","4","5","6","6","5","5","6","2","2","3","","","","","","2","","","36","Red","","60","90","20","60","30","woman","","","","Asian","","","","","$40,001-$60,000","4yearColl","Democrat","","Not very strong","",""
"VC782yc","0","100","339","1","1","28","4","2","2","2","4","5","3","5","5","5","3","3","5","5","4","2","5","4","2","2","3","","","","","","2","","","27","green","","38","88","38","43","36","woman","","","Black or African American","","","","","","$40,001-$60,000","4yearColl","Democrat","","Not very strong","",""
"KN441ir","0","100","158","1","1","30","4","5","4","4","3","5","4","5","5","5","3","3","5","3","3","3","5","3","2","1","2","","","","","","4","","","42","Pink","","60","59","51","51","48","woman","White","","","","","","","","$120,001-$140,000","2yearColl","Republican","","","Not very strong",""
"BM420ec","0","100","196","1","1","81","4","7","4","3","1","7","1","7","7","7","1","1","5","6","7","6","2","7","3","2","3","","","","","","3","","","54","Red","","22","26","19","24","20","man","White","","","","","","","","$20,001-$40,000","GED","Independent","","","","Neither"
"QT890rt","0","100","246","1","1","6","1","6","6","7","4","4","4","4","4","4","4","4","5","2","1","3","6","1","1","1","1","","","","","","4","","","60","blue","","1","30","27","42","36","man","White","","","","","","","","$60,001-$80,000","GED","Republican","","","Not very strong",""
"QC522ca","0","100","164","1","1","8","4","4","6","7","1","7","1","7","7","6","1","1","5","1","1","1","7","1","1","1","1","","","","","","6","","","28","pink","","60","65","57","65","57","woman","White","","","","","","","","$60,001-$80,000","2yearColl","Republican","","","Strong",""
"IU754km","0","100","396","1","1","91","5","3","1","1","5","2","5","2","2","2","5","5","5","5","5","6","2","6","2","3","3","","","","","","1","","","33","orange","","20","70","25","60","30","man","White","","","","","","","","$0-$20,000","GED","Democrat","","Strong","",""
"MJ192ff","0","100","355","1","1","50","4","4","5","7","3","5","4","5","5","4","4","5","5","4","2","2","6","2","1","1","1","","","","","","7","","","59","pink","","10","20","40","15","15","woman","White","","","","","","","","$20,001-$40,000","2yearColl","Republican","","","Strong",""
"XC618mk","0","100","235","1","1","2","2","3","2","2","2","5","1","5","6","5","2","2","5","2","1","1","6","3","2","2","2","","","","","","2","","","59","blue","","74","90","63","68","56","man","White","","","","","","","","$60,001-$80,000","4yearColl","Independent","","","","Closer to Democratic"
"JO402ue","0","100","147","1","1","45","4","1","6","5","2","5","2","6","6","5","2","1","5","5","4","5","3","5","1","2","2","","","","","","4","","","31","pink","","62","87","14","68","20","woman","","","","Asian","","","","","$80,001-$100,000","MA","Independent","","","","Closer to Democratic"
"JQ745dp","0","100","196","1","1","80","4","6","3","1","3","4","4","4","4","4","3","3","5","5","4","4","3","7","1","2","1","","","","","","4","","","41","black","","20","90","20","0","0","man","White","","","","","","","","$40,001-$60,000","GED","Independent","","","","Neither"
"PQ460ce","0","100","170","1","1","81","3","1","1","1","6","2","3","5","5","3","5","5","5","6","6","7","2","7","3","3","3","","","","","","1","nonbinary","","30","purple","","55","70","31","60","20",NA,"White","","","","","","","","$20,001-$40,000","GED","Democrat","","Strong","",""
"ZM406wl","0","100","190","1","1","0","4","4","7","6","1","7","1","7","7","7","1","1","5","1","1","1","7","1","1","1","1","","","","","","6","","","44","red","","50","50","50","50","50","man","White","","","","","","","","Over $200,000","MA","Republican","","","Strong",""
"KT336qx","0","100","296","1","1","60","6","3","1","1","6","3","3","5","3","5","2","6","5","6","6","3","5","3","2","2","2","","","","","","2","","","32","Pink","","45","75","30","60","45","woman","White","","","","","","","","$40,001-$60,000","2yearColl","Democrat","","Not very strong","",""
"GX175ss","0","100","276","1","1","5","2","2","3","2","5","2","4","2","2","2","5","5","5","2","3","2","6","2","1","1","1","","","","","","2","","","54","red","","70","95","60","70","65","man","","","","Asian","","","","","Over $200,000","2yearColl","Independent","","","","Closer to Democratic"
"WJ340qg","0","100","227","1","1","2","5","4","1","7","2","5","3","5","7","6","2","3","5","1","1","1","7","1","1","1","1","","","","","","7","","","50","red","","91","99","80","87","84","woman","White","","","","","","","","$100,001-$120,000","GED","Republican","","","Strong",""
"VD765op","0","100","304","1","1","0","4","3","6","7","2","6","2","6","6","7","1","1","5","1","1","1","6","1","2","1","1","","","","","","6","","","55","pink","","80","0","60","70","59","woman","White","","","","","","","","Over $200,000","4yearColl","Republican","","","Strong",""
"BJ665ig","0","100","146","1","1","7","3","7","7","7","2","6","2","6","6","6","2","2","5","2","2","2","6","2","1","1","1","","","","","","7","","","55","blue","","60","80","42","71","50","man","White","","","","","","","","$80,001-$100,000","GED","Republican","","","Strong",""
"KY241rc","0","100","277","1","1","70","4","5","5","5","4","2","4","2","3","3","5","5","5","6","4","5","5","5","3","2","2","","","","","","5","","","38","Blue","","20","65","55","55","40","man","White","","","Asian","","","","","Prefer not to answer","2yearColl","Republican","","","Not very strong",""
"MG035ww","0","100","305","1","1","100","5","2","1","1","4","1","4","2","2","2","5","6","5","7","7","7","2","6","3","3","3","","","","","","1","","","31","Dark blue","Good luck with your research","26","80","29","82","18","woman","White","","","","","","","","$60,001-$80,000","GED","Democrat","","Not very strong","",""
"AX932af","0","100","211","1","1","43","5","3","2","2","4","2","6","3","2","2","5","6","5","6","7","7","4","7","1","2","2","","","","","","2","","","41","green","","49","80","18","40","18","woman","White","","","","","","","","$40,001-$60,000","4yearColl","Independent","","","","Closer to Democratic"
"RT395mr","0","100","304","1","1","58","4","3","3","2","3","5","3","5","5","5","3","3","5","3","3","3","5","5","2","2","2","","","","","","4","","","38","blue","","48","62","43","55","30","woman","White","Hispanic, Latino, or Spanish origin","","","","","","","$100,001-$120,000","4yearColl","Republican","","","Not very strong",""
"IP725ms","0","100","244","1","1","82","4","4","1","2","3","5","3","5","5","5","3","3","5","6","6","6","4","6","3","2","3","","","","","","2","","","40","Green","","83","91","5","15","7","man","White","","","","","","","","$0-$20,000","GED","Independent","","","","Closer to Democratic"
"KC838pf","0","100","200","1","1","30","5","5","5","2","2","5","2","5","5","5","2","2","5","2","2","2","6","2","2","2","2","","","","","","3","","","25","Blue","","85","90","60","70","51","woman","White","","","","","","","","$60,001-$80,000","4yearColl","Democrat","","Not very strong","",""
"RM040xj","0","100","273","1","1","73","3","5","2","2","3","2","2","3","2","4","3","6","5","6","5","5","6","5","2","2","2","","","","","","2","","","54","red","","46","70","45","65","60","man","White","","","","","","","","$20,001-$40,000","4yearColl","Independent","","","","Closer to Democratic"
"GX594vm","0","100","270","1","1","22","6","4","2","2","2","5","3","5","3","5","3","3","5","3","2","3","5","3","2","1","2","","","","","","2","","","22","green","","73","93","46","70","30","woman","White","","","","","","","","Over $200,000","4yearColl","Independent","","","","Closer to Democratic"
"QT804cm","0","100","241","1","1","25","5","4","6","7","1","7","1","7","6","6","1","1","5","1","2","1","6","1","2","1","1","","","","","","6","","","50","black","","76","68","59","67","63","man","White","","","","","","","","$80,001-$100,000","4yearColl","Republican","","","Not very strong",""
"WV446xa","0","100","165","1","1","20","6","6","3","2","2","5","2","2","5","6","2","2","5","1","1","2","6","1","1","1","1","","","","","","3","","","46","Red","","80","80","60","70","50","man","White","","","","","","","","$140,001-$160,000","4yearColl","Independent","","","","Closer to Democratic"
"SR544xv","0","100","187","1","1","19","2","3","4","7","1","7","1","7","7","6","1","1","5","1","1","3","6","4","1","1","1","","","","","","5","","","54","blue","","46","49","52","47","18","woman","White","","","","","","","","$80,001-$100,000","2yearColl","Republican","","","Strong",""
"NN619pv","0","100","234","1","1","0","3","5","7","6","2","6","2","6","6","6","2","2","5","3","2","2","5","3","1","1","1","","","","","","6","","","63","Blue","","2","3","4","5","6","man","White","","","","","","","","$100,001-$120,000","4yearColl","Republican","","","Not very strong",""
"PD182mt","0","100","393","1","1","0","6","7","3","7","3","6","3","6","6","6","3","3","5","1","1","1","6","1","1","1","1","","","","","","6","","","52","Blue","","80","95","75","85","80","woman","","","Black or African American","","","","","","$80,001-$100,000","MA","Republican","","","Not very strong",""
"JI284lm","0","100","291","1","1","100","2","1","1","1","5","1","3","2","3","3","6","6","5","5","6","6","3","6","3","3","3","","","","","","2","","","51","Purple","","1","75","25","50","24","man","White","","","","","","","","$20,001-$40,000","4yearColl","Democrat","","Strong","",""
"EX858dq","0","100","137","1","1","27","2","2","5","5","1","1","3","5","5","5","1","1","5","7","7","7","1","7","2","2","2","","","","","","5","","","32","Blue","","40","60","50","70","50","man","White","","","","","","","","$20,001-$40,000","GED","Republican","","","Strong",""
"FX822kj","0","100","267","1","1","100","1","1","1","1","4","3","4","4","4","4","4","5","5","7","7","7","2","4","3","1","3","","","","","","1","","","52","red","","0","100","0","0","0","man","White","","","","","","","","$0-$20,000","GED","Democrat","","Strong","",""
"VA574qh","0","100","161","1","1","0","4","4","5","2","2","5","4","6","5","2","3","2","5","2","2","2","6","3","1","1","1","","","","","","2","","","30","Blue","","80","60","35","50","40","man","White","","","","","","","","$100,001-$120,000","4yearColl","Democrat","","Strong","",""
"HA417sx","0","100","205","1","1","22","4","4","2","2","3","5","3","5","5","4","5","3","5","2","2","2","6","2","1","1","1","","","","","","2","","","73","Yellow ","","82","97","21","68","32","woman","White","","","","","","","","$40,001-$60,000","MA","Democrat","","Strong","",""
"HF390dt","0","100","303","1","1","35","6","7","3","7","6","3","5","3","3","4","6","5","5","2","2","2","6","2","1","1","1","","","","","","6","","","72","red","","48","95","72","66","69","woman","White","Hispanic, Latino, or Spanish origin","","","","","","","$40,001-$60,000","GED","Republican","","","Strong",""
"VT274zm","0","100","206","1","1","80","4","1","1","1","3","2","3","3","3","4","4","4","5","6","6","5","3","6","2","3","3","","","","","","1","","","51","Purple ","","31","47","29","33","32","woman","White","","","","","","","","$20,001-$40,000","4yearColl","Democrat","","Strong","",""
"LP179st","0","100","242","1","1","83","6","5","6","5","6","5","4","6","5","6","5","5","5","1","1","2","6","2","1","1","1","","","","","","2","","","27","White","None","78","78","29","36","41","woman","White","","","","","","","","$80,001-$100,000","4yearColl","Democrat","","Strong","",""
"AH114zq","0","100","190","1","1","0","4","4","4","3","4","3","3","3","3","5","4","6","5","2","2","2","6","2","1","2","1","","","","","","4","","","25","purple","","85","80","65","70","60","woman","White","","","","","","","","$0-$20,000","4yearColl","Republican","","","Not very strong",""
"LR232pn","0","100","233","1","1","40","5","6","6","2","2","5","2","3","3","5","3","3","5","2","3","2","5","2","1","1","1","","","","","","4","","","42","Green","Nothing further","60","50","50","50","50","man","White","","","","","Middle Eastern or North African","","","$80,001-$100,000","2yearColl","Independent","","","","Closer to Democratic"
"DE695tb","0","100","314","1","1","60","4","5","3","3","3","5","2","5","5","3","2","3","5","2","2","2","5","2","1","2","1","","","","","","4","","Mixed","49","Green","","75","70","58","64","54","man","","","","","","","","Other (please specify)","Over $200,000","PHD","Independent","","","","Neither"
"AW064kz","0","100","202","1","1","24","4","7","5","4","2","7","1","7","7","7","1","1","5","5","5","5","5","5","2","2","2","","","","","","4","","","36","Don’t have one ","N/a","50","50","50","50","50","woman","White","Hispanic, Latino, or Spanish origin","Black or African American","","American Indian or Alaska Native","Middle Eastern or North African","","","$180,001-$200,000","PHD","Independent","","","","Neither"
"BV804kx","0","100","259","1","1","90","4","5","3","2","5","2","5","2","3","3","5","5","5","6","5","5","4","6","3","2","3","","","","","","3","","","41","Blue","","60","85","30","70","50","man","White","","","","","","","","$60,001-$80,000","2yearColl","Independent","","","","Closer to Democratic"
"FJ293oy","0","100","232","1","1","82","4","3","2","1","2","3","1","5","3","5","3","3","5","4","3","3","5","5","3","1","2","","","","","","2","","","63","purple","","36","73","38","62","32","woman","White","","","","","","","","$40,001-$60,000","2yearColl","Democrat","","Strong","",""
"QI910hv","0","100","324","1","1","55","5","4","3","5","3","5","3","5","5","5","2","2","5","2","2","2","6","2","2","1","2","","","","","","5","","","67","yellow","","50","80","50","50","50","man","White","","","","","","","","$20,001-$40,000","GED","Independent","","","","Closer to Republican"
"DB464qa","0","100","344","1","1","0","4","4","2","4","2","3","2","5","3","4","2","3","5","7","5","7","4","7","2","1","3","","","","","","4","","","41","green","","70","50","40","90","25","woman","White","","","","","","","","$40,001-$60,000","MA","Democrat","","Not very strong","",""
"AH386zq","0","100","134","1","1","100","5","2","1","1","6","3","4","3","3","4","5","7","5","7","7","7","1","7","3","3","3","","","","","","1","","","37","Orange","","0","72","38","70","25","woman","White","Hispanic, Latino, or Spanish origin","","","","","","","$0-$20,000","GED","Democrat","","Not very strong","",""
"TD240gg","0","100","307","1","1","20","6","5","1","1","2","5","2","5","5","5","2","2","5","2","2","2","5","2","1","1","1","","","","","","1","","","44","red",NA,"30","70","30","80","40","man","","","Black or African American","","","","","","$20,001-$40,000","2yearColl","Democrat","","Strong","",""
"AT486qa","0","100","194","1","1","7","5","6","4","4","4","4","3","5","4","4","4","4","5","3","3","3","6","3","2","2","2","","","","","","4","","","64","blue","","80","51","39","85","45","woman","White","","","","","","","","$60,001-$80,000","MA","Democrat","","Not very strong","",""
"BZ638xh","0","100","202","1","1","39","5","4","4","4","2","5","2","6","5","5","2","2","5","2","2","2","5","2","1","1","1","","","","","","3","","","42","green","
","64","74","59","70","62","woman","White","","","","","","","","$80,001-$100,000","4yearColl","Independent","","","","Closer to Democratic"
"QY976nf","0","100","188","1","1","5","4","6","6","6","2","6","2","6","5","6","2","2","5","2","2","2","2","2","1","1","1","","","","","","6","","","50","Blue","","100","97","47","65","73","man","White","","","","","","","","Over $200,000","MA","Republican","","","Not very strong",""
"WZ955wu","0","100","209","1","1","15","1","6","5","7","3","5","3","4","5","5","3","3","5","2","2","2","6","2","2","2","1","","","","","","6","","","37","blue","","82","88","24","49","15","woman","White","","","","","","","","$80,001-$100,000","4yearColl","Republican","","","Not very strong",""
"PQ904bn","0","100","179","1","1","100","3","4","1","1","6","2","5","1","2","2","6","5","5","7","7","7","2","7","3","3","3","","","","","","1","","","31","red","","5","73","39","57","23","woman","","Hispanic, Latino, or Spanish origin","","","","","","","Prefer not to answer","GED","Democrat","","Not very strong","",""
"WK077fj","0","100","226","1","1","100","7","1","7","7","1","7","1","7","7","7","1","1","5","7","7","1","7","1","3","3","3","","","","","","4","","","23","Black","","75","80","0","100","75","man","","","","Asian","","","","","$20,001-$40,000","GED","Independent","","","","Neither"
"AD963vm","0","100","427","1","1","89","4","5","3","3","2","4","3","4","3","5","4","5","5","5","5","5","4","5","3","2","3","","","","","","3","","","34","green","","65","77","51","70","40","woman","","","Black or African American","","","","","","$0-$20,000","2yearColl","Independent","","","","Neither"
"NJ712iu","0","100","223","1","1","10","1","5","7","7","1","7","4","7","7","7","1","1","5","1","1","1","7","4","1","1","1","","","","","","7","","","47","Blue","","67","70","46","82","61","man","White","","","","","","","","$100,001-$120,000","4yearColl","Republican","","","Strong",""
"HJ265tb","0","100","276","1","1","40","5","4","1","1","4","2","3","4","2","3","5","4","5","3","3","4","5","5","2","2","2","","","","","","1","","","36","Green","","67","76","24","50","29","man","White","","","","","","","","$180,001-$200,000","4yearColl","Democrat","","Strong","",""
"NU428gz","0","100","512","1","1","23","5","6","4","2","3","5","3","5","5","5","3","3","5","3","3","3","5","5","2","2","2","","","","","","2","","","66","red","none","56","97","42","71","44","woman","","","Black or African American","","","","","","$80,001-$100,000","4yearColl","Democrat","","Strong","",""
"ZP132vz","0","100","192","1","1","20","4","4","6","3","2","5","2","5","5","6","2","2","5","6","6","6","2","6","3","3","3","","","","","","4","","","41","Blue","","70","50","35","50","20","woman","White","","","","","","","","$20,001-$40,000","4yearColl","Independent","","","","Closer to Democratic"
"DF457sj","0","100","110","1","1","24","4","2","2","1","3","5","3","5","4","5","3","3","5","2","2","2","5","2","1","2","1","","","","","","1","","","44","blue","none","77","79","20","69","34","woman","White","","","Asian","","","","","Over $200,000","MA","Democrat","","Strong","",""
"ZM397mz","0","100","199","1","1","37","4","4","1","1","3","5","3","5","5","5","3","3","5","2","2","2","6","2","1","2","2","","","","","","2","","","41","purple","everything was clear and went well","74","74","33","68","32","woman","","","","Asian","","","","","$80,001-$100,000","4yearColl","Democrat","","Strong","",""
"FC139kt","0","100","215","1","1","25","6","5","4","2","3","5","3","5","4","5","3","2","5","2","2","1","6","2","3","2","1","","","","","","2","","","26","green","","86","91","73","84","71","man","","","","Asian","","","","","$80,001-$100,000","MA","Democrat","","Strong","",""
"FK682cd","0","100","192","1","1","42","3","3","1","1","5","1","5","2","3","3","7","6","5","3","3","2","5","3","1","1","1","","","","","","2","","","52","orange","","51","75","22","22","4","woman","White","","","","","","","","$80,001-$100,000","2yearColl","Independent","","","","Closer to Democratic"
"CG329ix","0","100","208","1","1","43","4","3","1","1","2","5","2","6","5","6","2","3","5","3","3","2","6","2","1","2","2","","","","","","2","","","37","Orange","","59","96","16","25","4","woman","White","Hispanic, Latino, or Spanish origin","","","","","","","$80,001-$100,000","MA","Democrat","","Not very strong","",""
"JD214dw","0","100","457","1","1","10","3","2","2","6","6","6","6","5","5","6","6","6","5","2","1","2","6","1","2","1","1","","","","","","4","","","47","Blue","","70","90","25","85","50","man","White","","","","","","","","$60,001-$80,000","2yearColl","Republican","","","Strong",""
"WQ178qg","0","100","133","1","1","38","1","2","5","6","2","6","2","6","6","6","1","1","5","2","3","1","6","1","1","2","2","","","","","","6","","","34","Blue","","69","68","86","54","45","man","White","","","","","","","","$140,001-$160,000","4yearColl","Republican","","","Strong",""
"HX108jf","0","100","221","1","1","60","4","4","1","1","2","5","1","5","4","5","2","2","5","5","5","5","3","5","3","3","3","","","","","","3","","","46","teal","","60","61","31","63","31","woman","White","","","","","","","","$60,001-$80,000","MA","Independent","","","","Closer to Democratic"
"IM905lc","0","100","252","1","1","60","5","6","3","2","3","5","3","5","5","5","3","3","5","2","3","3","6","2","1","1","1","","","","","","3","","","19","Purple","","60","70","40","58","35","man","White","","","","","","","","$40,001-$60,000","GED","Independent","","","","Closer to Democratic"
"UY485yr","0","100","289","1","1","17","4","1","1","1","2","6","1","6","6","6","2","2","5","2","2","2","6","2","1","1","1","","","","","","2","","","63","burgundy","","81","81","38","28","46","man","White","","","","","","","","$100,001-$120,000","4yearColl","Democrat","","Strong","",""
"RR203pw","0","100","196","1","1","70","5","5","2","2","3","4","2","4","4","5","3","3","5","4","5","2","4","3","2","1","1","","","","","","2","","","56","Green","None.","35","76","25","79","32","woman","White","","","","","","","","$20,001-$40,000","2yearColl","Democrat","","Strong","",""
"YS873pd","0","100","543","1","1","33","3","3","2","7","4","6","2","6","4","5","2","2","5","2","2","2","6","2","1","1","1","","","","","","6","","","47","blue","thank you , i enjoyed the survey","85","90","84","53","40","man","White","","","","","","","","$100,001-$120,000","GED","Republican","","","Strong",""
"MZ249qa","0","100","448","1","1","40","3","7","7","7","2","7","2","7","7","6","1","1","5","3","4","3","6","5","3","1","2","","","","","","7","","","69","blue","","40","50","50","50","50","woman","White","","","","","","","","$40,001-$60,000","2yearColl","Republican","","","Strong",""
"XN077wg","0","100","185","1","1","40","4","7","5","6","1","7","2","7","6","6","1","1","5","4","3","3","6","3","2","2","2","","","","","","6","","","37","red","","39","46","36","67","33","man","White","","","","","","","","$60,001-$80,000","GED","Republican","","","Not very strong",""
"CG152ak","0","100","206","1","1","70","3","3","1","1","5","3","5","3","4","3","5","6","5","3","3","3","5","5","2","2","2","","","","","","2","","","41","Blue","","40","70","26","31","24","woman","White","","","","","","","","$40,001-$60,000","4yearColl","Democrat","","Not very strong","",""
"SG571me","0","100","338","1","1","31","5","1","1","1","5","3","2","3","3","3","3","5","5","2","5","3","5","5","1","2","2","","","","","","2","","","63","blue","I'm not sure what that favorite color thing was there...
These are such hard questions to answer.
Best of luck with your research!","50","86","30","65","32","woman","White","","","","","","","","$100,001-$120,000","4yearColl","Democrat","","Strong","",""
"CN037oa","0","100","255","1","1","29","5","5","6","2","6","5","7","5","6","6","6","3","5","2","2","2","7","1","1","2","1","","","","","","2","","","42","Blue","","75","75","63","41","25","man","White","","","","","","","","$40,001-$60,000","4yearColl","Republican","","","Strong",""
"CJ286ws","0","100","333","1","1","61","2","3","3","2","5","2","5","3","3","4","5","5","5","4","5","3","5","5","1","2","2","","","","","","2","","","54","Blue","","16","91","9","27","37","woman","","","Black or African American","","","","","","$40,001-$60,000","MA","Democrat","","Not very strong","",""
"ZU985vu","0","100","249","1","1","36","4","3","3","2","1","4","2","6","5","5","3","2","5","5","6","6","3","4","3","2","2","","","","","","2","","","35","orange","","56","67","25","58","40","man","White","","","","","","","","$40,001-$60,000","4yearColl","Democrat","","Not very strong","",""
"JG577qi","0","100","278","1","1","90","5","2","1","2","3","5","5","5","5","5","3","3","5","6","7","6","2","6","3","3","3","","","","","","2","","","44","Blue","","30","90","50","60","25","man","White","","","","","","","","$20,001-$40,000","2yearColl","Democrat","","Strong","",""
"YY134wz","0","100","209","1","1","45","5","3","1","1","3","5","3","3","5","5","2","3","5","5","3","5","6","5","2","2","2","","","","","","1","","","26","Green","","84","88","40","55","29","woman","White","","","","","","","","$60,001-$80,000","4yearColl","Democrat","","Strong","",""
"HM988bk","0","100","188","1","1","90","7","4","1","1","3","5","3","5","5","5","3","3","5","6","6","6","2","6","3","3","3","","","","","","1","","","38","blue","","25","100","25","76","21","woman","","","Black or African American","","","","","","$60,001-$80,000","4yearColl","Democrat","","Strong","",""
"PL063hs","0","100","425","1","1","75","4","6","1","1","4","3","5","3","3","3","5","5","5","5","5","5","4","5","1","2","2","","","","","","2","","","58","blue","","50","100","30","25","5","man","White","","","","","","","","$60,001-$80,000","GED","Democrat","","Strong","",""
"UQ780hj","0","100","173","1","1","13","5","5","2","1","2","6","2","6","6","6","2","2","5","2","2","2","6","2","1","1","2","","","","","","2","","","72","Blue","","45","53","91","63","78","man","White","","","","","","","","$80,001-$100,000","4yearColl","Democrat","","Strong","",""
"SK346zg","0","100","469","1","1","5","1","2","4","1","1","7","1","7","7","7","1","1","5","1","1","1","7","1","1","1","1","","","","","","4","","","54","purple","","15","100","50","100","10","woman","","","Black or African American","","","","","","$40,001-$60,000","2yearColl","Independent","","","","Neither"
"QV695jv","0","100","316","1","1","0","3","1","4","1","6","3","5","2","2","4","6","6","5","3","2","2","6","2","1","1","1","","","","","","3","","","56","green","","70","97","36","75","12","man","White","","","","","","","","$20,001-$40,000","2yearColl","Democrat","","Strong","",""
"DB333qs","0","100","230","1","1","82","6","3","1","1","2","3","1","6","3","6","2","2","5","7","6","6","2","7","1","2","3","","","","","","1","","","51","blue","","30","41","15","45","11","woman","White","","","","","","","","$40,001-$60,000","PHD","Democrat","","Strong","",""
"CO505bv","0","100","389","1","1","22","2","1","2","2","5","3","2","4","4","6","3","4","5","3","2","2","5","5","1","1","1","","","","","","2","","","50","blue","","76","84","36","74","34","man","White","","","","","","","","$140,001-$160,000","4yearColl","Democrat","","Strong","",""
"AO824wg","0","100","297","1","1","21","6","7","7","7","3","5","2","5","5","5","3","3","5","1","1","1","7","2","1","2","1","","","","","","5","","","59","blue","","65","72","62","57","62","woman","White","","","","","","","","$20,001-$40,000","4yearColl","Republican","","","Not very strong",""
"QV915lj","0","100","144","1","1","36","5","4","5","5","5","4","4","5","5","4","5","5","5","1","1","1","6","1","1","1","1","","","","","","6","","","25","Blue","","81","81","69","75","67","man","White","","","","","","","","$60,001-$80,000","4yearColl","Republican","","","Not very strong",""
"VQ769rr","0","100","543","1","1","55","2","3","5","7","2","5","2","5","5","5","2","2","5","2","2","3","6","3","3","2","2","","","","","","7","","","71","burgundy","No comments","61","65","58","63","57","woman","White","","","","","","","","$20,001-$40,000","2yearColl","Republican","","","Strong",""
"CB288bp","0","100","199","1","1","38","7","4","1","2","5","3","5","3","3","3","5","5","5","2","2","2","5","2","2","2","2","","","","","","2","","","56","blue","","41","95","19","29","22","woman","White","","","","","","","","$60,001-$80,000","GED","Democrat","","Strong","",""
"LU167ub","0","100","474","1","1","90","1","1","1","1","3","5","3","5","5","5","3","3","5","7","7","7","2","6","2","2","2","","","","","","1","","","33","green","None","30","100","30","55","45","man","White","Hispanic, Latino, or Spanish origin","","","","","","","$0-$20,000","4yearColl","Democrat","","Strong","",""
"LQ786wi","0","100","168","1","1","10","5","4","2","2","2","2","3","3","5","2","4","6","5","1","2","1","7","1","1","2","1","","","","","","2","","","36","Red","","80","80","35","55","35","man","White","","","","","","","","$100,001-$120,000","MA","Independent","","","","Closer to Democratic"
"TT021oi","0","100","193","1","1","0","6","7","4","7","6","4","4","5","4","4","4","5","5","2","2","2","6","2","2","1","1","","","","","","4","","","36","Navy Blue","Thank you for allowing me to participate in this study.","0","0","0","0","0","woman","","","Black or African American","","","","","","$80,001-$100,000","4yearColl","Democrat","","Not very strong","",""
"TE654zx","0","100","633","1","1","32","3","4","4","5","3","5","3","5","5","4","3","3","5","2","4","3","6","3","2","2","2","","","","","","5","","","31","Orange","","50","70","44","54","31","woman","White","","","","","","","","$100,001-$120,000","4yearColl","Independent","","","","Neither"
"PE118jr","0","100","210","1","1","5","1","5","4","1","2","5","2","5","5","6","2","2","5","2","2","2","6","2","1","1","1","","","","","","2","","","39","blue","","80","84","20","51","60","man","White","","","","","","","","$120,001-$140,000","GED","Democrat","","Not very strong","",""
"LL690qv","0","100","725","1","1","6","5","6","3","2","1","2","1","6","2","6","1","1","5","3","2","1","7","2","2","2","3","","","","","","2","","","64","blue","","83","78","38","66","59","man","White","","","","American Indian or Alaska Native","","","","$80,001-$100,000","MA","Independent","","","","Closer to Democratic"
"CD259so","0","100","243","1","1","34","3","5","5","5","2","5","3","6","6","5","6","2","5","2","2","1","6","1","1","2","1","","","","","","3","","","43","Aqua","","51","77","42","58","40","woman","White","","","","","","","","$40,001-$60,000","2yearColl","Democrat","","Not very strong","",""
"BW762tt","0","100","211","1","1","5","1","7","7","7","1","7","1","7","4","7","1","1","5","2","2","1","6","1","1","1","1","","","","","","6","","","61","Blue","","81","84","60","87","83","man","White","","","","","","","","$80,001-$100,000","2yearColl","Republican","","","Strong",""
"DS458ra","0","100","243","1","1","68","1","2","3","5","2","5","2","5","5","6","2","4","5","6","4","2","5","5","1","1","3","","","","","","4","","","24","purple","","32","82","17","77","23","man","White","","","","","","","","$120,001-$140,000","4yearColl","Independent","","","","Neither"
"VV323sf","0","100","216","1","1","52","6","2","1","1","3","2","4","3","1","3","5","5","5","6","3","4","5","5","1","2","2","","","","","","1","","","26","green","","44","100","15","58","19","woman","","","","Asian","","","","","$40,001-$60,000","4yearColl","Democrat","","Not very strong","",""
"LJ399fx","0","100","152","1","1","10","4","2","1","1","2","5","2","5","5","5","2","2","5","2","2","2","6","2","1","1","1","","","","","","1","","","44","blue","","78","70","43","61","50","man","White","","","","","","","","$160,001-$180,000","MA","Democrat","","Not very strong","",""
"TY687yb","0","100","133","1","1","25","4","5","2","2","2","6","2","7","5","5","1","2","5","2","1","1","6","2","1","1","1","","","","","","2","","","28","yellow","","63","68","53","74","53","woman","White","","","","","","","","$40,001-$60,000","4yearColl","Democrat","","Not very strong","",""
"HN479rq","0","100","220","1","1","70","4","2","2","7","3","5","3","5","5","5","3","3","5","6","6","6","3","6","2","2","2","","","","","","7","","","36","Blue","","57","75","44","66","30","woman","White","","","","","","","","$60,001-$80,000","GED","Republican","","","Strong",""
"KU828wx","0","100","257","1","1","5","5","5","1","1","3","4","3","5","5","5","3","3","5","5","2","3","6","2","1","2","1","","","","","","2","","","31","Red","","40","65","30","65","35","man","","Hispanic, Latino, or Spanish origin","","","","","","","$140,001-$160,000","GED","Democrat","","Strong","",""
"LZ586kh","0","100","203","1","1","33","2","3","4","4","4","4","4","4","3","5","5","4","5","5","4","5","4","5","2","2","2","","","","","","5","","","33","Pink","","58","67","56","73","62","woman","White","","","","","","","","$60,001-$80,000","4yearColl","Republican","","","Strong",""
"KW051jy","0","100","584","1","1","45","3","6","2","2","5","2","5","2","2","2","6","6","5","2","3","2","6","2","2","2","1","","","","","","3","","","71","Blue","","80","90","65","70","65","woman","White","","","","","","","","$40,001-$60,000","MA","Democrat","","Strong","",""
"PI373tl","0","100","224","1","1","68","4","5","3","3","4","3","5","3","3","4","5","5","5","3","3","4","6","5","2","1","3","","","","","","4","","","36","blue","N/A","66","82","33","70","48","man","","Hispanic, Latino, or Spanish origin","","","","","","","$80,001-$100,000","4yearColl","Independent","","","","Neither"
"AC610po","0","100","214","1","1","4","7","7","7","7","5","5","6","6","7","7","6","6","5","4","1","3","2","3","3","1","2","","","","","","7","","","53","white","","0","0","0","0","0","man","White","","","","","","","","$140,001-$160,000","4yearColl","Republican","","","Strong",""
"GW859gs","0","100","232","1","1","60","5","6","1","1","2","6","2","6","6","6","2","2","5","2","3","2","5","3","1","1","1","","","","","","2","","","57","red","","40","93","30","66","30","woman","White","","","","","","","","$0-$20,000","GED","Democrat","","Strong","",""
"SJ781za","0","100","174","1","1","61","2","3","7","1","2","6","2","6","6","4","2","4","5","5","5","5","5","5","3","2","2","","","","","","1","","","46","Red","","54","97","39","45","48","man","White","","","","","","","","$20,001-$40,000","GED","Democrat","","Strong","",""
"FT084wd","0","100","173","1","1","61","4","3","1","2","4","3","4","3","3","3","5","5","5","5","5","5","5","5","2","2","2","","","","","","3","","","35","Green","","80","100","34","86","15","woman","White","","","","","","","","$40,001-$60,000","2yearColl","No preference","","","","Neither"
"CO398xg","0","100","202","1","1","22","6","5","7","7","2","6","2","6","5","6","6","2","5","2","2","2","6","2","1","1","1","","","","","","7","","","36","Blue","","78","24","68","51","38","man","White","Hispanic, Latino, or Spanish origin","","","","","","","$160,001-$180,000","PHD","Republican","","","Strong",""
"OG240ii","0","100","186","1","1","46","6","1","1","1","7","1","4","1","1","1","6","6","5","1","1","1","7","1","1","1","1","","","","","","1","","","62","lavender","gender and sexuality matter as much as ethnicity","24","62","1","12","37","woman","White","","","","","","","","$0-$20,000","4yearColl","Democrat","","Strong","",""
"XE304na","0","100","141","1","1","35","5","5","3","2","3","5","3","4","4","2","3","3","5","3","3","3","6","5","1","2","2","","","","","","2","","","53","blue","no additional comments","70","55","25","65","25","man","White","","","","","","","","$80,001-$100,000","4yearColl","Democrat","","Strong","",""
"TV370zu","0","100","532","1","1","11","4","4","3","3","3","5","3","5","3","5","3","3","5","4","4","4","5","3","2","1","2","","","","","","3","","","56","Purple ","","60","61","39","42","36","man","","","Black or African American","","","","","","$0-$20,000","2yearColl","Democrat","","Not very strong","",""
"DC657xz","0","100","199","1","1","6","1","1","6","1","1","6","2","6","6","6","1","1","5","1","1","6","6","1","1","1","1","","","","","","7","","","58","red","","73","70","63","51","40","woman","White","","","","","","","","$60,001-$80,000","GED","Republican","","","Strong",""
"WN337rv","0","100","200","1","1","77","2","7","4","6","4","5","4","5","3","4","4","3","5","5","6","5","3","6","2","2","2","","","","","","6","","","52","blue","","49","64","41","62","47","man","White","","","","","","","","$140,001-$160,000","2yearColl","Republican","","","Not very strong",""
"RV647vb","0","100","496","1","1","88","2","1","1","4","6","3","5","2","2","3","5","6","5","6","6","6","2","7","3","3","3","","","","","","4","","","44","blue","","10","68","55","95","55","man","","Hispanic, Latino, or Spanish origin","","","","","","","$20,001-$40,000","GED","Democrat","","Not very strong","",""
"KN548tc","0","100","179","1","1","91","2","1","2","1","7","1","7","1","1","1","7","7","5","6","7","6","2","7","2","3","3","","","","","","2","","","36","green","","30","70","60","80","10","man","White","","","","","","","","$0-$20,000","GED","Independent","","","","Closer to Democratic"
"ML149jh","0","100","326","1","1","85","5","5","1","2","5","4","2","3","4","6","3","5","5","7","7","5","2","6","3","2","3","","","","","","3","","","39","Purple","","35","77","41","68","48","man","White","","","","","","","","$0-$20,000","4yearColl","Democrat","","Not very strong","",""
"JJ028uq","0","100","159","1","1","6","4","5","1","1","3","5","3","5","4","4","3","3","5","1","1","1","7","1","1","1","1","","","","","","2","","","55","Purple","","60","63","30","50","31","woman","White","","","","","","","","$140,001-$160,000","4yearColl","Democrat","","Strong","",""
"IR979mo","0","100","231","1","1","19","5","5","3","1","2","3","1","5","5","5","2","2","5","3","2","3","6","2","2","1","2","","","","","","1","","","58","purple","","59","81","48","45","53","man","White","","","","","","","","$0-$20,000","4yearColl","Democrat","","Strong","",""
"BO006io","0","100","563","1","1","0","1","2","2","1","2","6","2","6","6","5","2","2","5","2","2","2","6","2","1","1","1","","","","","","2","","","25","Navy Blue","N/A","80","100","70","85","59","man","","","","Asian","","","","","$140,001-$160,000","4yearColl","Democrat","","Strong","",""
"VO600sg","0","100","167","1","1","0","4","1","1","1","3","3","1","3","3","3","1","3","5","3","3","5","5","5","1","1","1","","","","","","1","","","44","pink","","59","100","19","82","30","woman","White","","","","","","","","$100,001-$120,000","4yearColl","Democrat","","Strong","",""
"NW921um","0","100","181","1","1","75","1","6","1","1","3","3","5","3","2","3","5","5","5","6","6","6","6","6","2","2","3","","","","","","1","","","26","Black","","75","100","60","80","60","woman","White","","","","","","","","$0-$20,000","GED","Democrat","","Strong","",""
"WD860jb","0","100","213","1","1","61","5","2","2","1","3","4","3","4","5","5","4","2","5","4","1","5","5","5","1","2","2","","","","","","2","","","59","pink","n/a","86","86","33","71","56","woman","White","","","","","","","","$180,001-$200,000","4yearColl","Democrat","","Strong","",""
"JC509ar","0","100","546","1","1","50","5","5","4","4","2","6","3","6","5","5","3","3","5","2","4","2","6","2","1","1","1","","","","","","4","","","71","Blue","","90","80","30","85","52","man","White","","","","","","","","$60,001-$80,000","PHD","Independent","","","","Closer to Democratic"
"ZR853ah","0","100","386","1","1","56","5","4","2","2","4","5","4","4","3","5","4","5","5","4","2","2","6","5","1","2","2","","","","","","3","","","27","Blue","","30","68","32","40","29","man","White","","","","","","","","$60,001-$80,000","GED","Independent","","","","Closer to Democratic"
"ER133uz","0","100","206","1","1","75","5","6","1","1","2","6","2","5","5","5","2","3","5","5","5","4","6","5","2","2","2","","","","","","2","","","35","Red","","50","95","45","83","42","woman","White","","","","","","","","$60,001-$80,000","GED","Democrat","","Strong","",""
"SY946gs","0","100","244","1","1","41","5","5","3","3","3","2","3","2","2","5","3","3","5","7","6","6","3","6","2","2","3","","","","","","6","","","38","purple","","17","75","31","70","58","man","White","","","","","","","","$60,001-$80,000","GED","Republican","","","Not very strong",""
"CR498iq","0","100","417","1","1","44","4","5","3","3","3","5","3","5","5","5","3","3","5","5","4","5","5","5","2","2","2","","","","","","3","","","49","blue","n/a","69","82","40","56","41","man","White","","","","","","","","$60,001-$80,000","4yearColl","Democrat","","Not very strong","",""
"XJ137dg","0","100","327","1","1","75","4","2","2","1","5","4","4","4","4","5","6","5","5","6","6","5","5","6","3","3","3","","","","","","2","","","59","black","","70","95","65","80","55","woman","","","Black or African American","","","","","","$60,001-$80,000","PHD","Democrat","","Not very strong","",""
"PP208tz","0","100","148","1","1","100","3","2","1","1","5","2","5","2","2","2","5","5","5","6","6","6","3","6","3","3","3","","","","","","2","","","33","purple","","5","60","35","55","30","man","","","","Asian","","","","","$0-$20,000","GED","Democrat","","Strong","",""
"TE836qa","0","100","354","1","1","0","4","5","4","2","4","5","3","4","6","5","4","3","5","3","2","2","5","2","2","1","2","","","","","","2","","","51","pink","","57","68","49","60","51","woman","","","Black or African American","","","","","","$120,001-$140,000","4yearColl","Democrat","","Strong","",""
"YL898kb","0","100","299","1","1","80","4","5","3","1","5","3","5","3","4","4","5","5","5","6","6","6","5","6","2","2","3","","","","","","4","","","28","pink","","40","80","20","25","10","woman","White","","","","","","","","$60,001-$80,000","GED","Independent","","","","Neither"
"OW249ys","0","100","248","1","1","100","1","1","1","1","5","3","5","2","3","3","5","5","5","7","7","7","1","7","3","3","3","","","","","","1","","","44","Purple","","81","95","50","66","25","woman","White","","","","","","","","$0-$20,000","4yearColl","Independent","","","","Closer to Democratic"
"ZQ430mg","0","100","129","1","1","57","6","3","1","1","2","5","2","6","5","5","3","5","5","2","3","3","6","3","2","2","2","","","","","","1","","","39","blue","","66","73","37","71","44","man","White","","","","","","","","$60,001-$80,000","4yearColl","Democrat","","Strong","",""
"QO509yn","0","100","184","1","1","20","3","3","5","4","3","5","3","5","4","4","3","3","5","2","2","2","6","2","1","1","1","","","","","","4","","","52","orange","","76","84","63","68","64","man","White","","","","","","","","$120,001-$140,000","4yearColl","Independent","","","","Neither"
"ST275ni","0","100","258","1","1","0","5","7","7","7","2","6","2","6","2","6","1","2","5","2","2","2","7","2","1","1","1","","","","","","6","","","65","Red","","0","80","78","80","79","man","White","","","","","","","","$40,001-$60,000","GED","Republican","","","Strong",""
"HL157kp","0","100","276","1","1","91","3","2","2","1","5","1","5","2","3","3","5","5","5","7","7","7","1","7","3","3","3","","","","","","1","","","25","red","","70","90","6","7","9","woman","White","","","","","","","","$0-$20,000","2yearColl","Democrat","","Not very strong","",""
"DL306pn","0","100","234","1","1","10","4","4","5","5","3","6","3","6","5","5","3","3","5","2","2","2","6","2","1","1","1","","","","","","6","","","60","blue","","83","75","71","81","73","man","White","","","","","","","","$180,001-$200,000","4yearColl","Independent","","","","Closer to Republican"
"JR914wr","0","100","658","1","1","60","5","5","4","4","2","5","2","6","5","5","2","3","5","6","5","5","5","4","2","3","3","","","","","","5","","","26","Blue","","50","65","30","70","50","woman","White","Hispanic, Latino, or Spanish origin","","","","","","","$20,001-$40,000","2yearColl","Republican","","","Not very strong",""
"RI383zq","0","100","155","1","1","25","3","3","3","4","1","6","2","7","6","6","1","1","5","2","2","2","6","2","1","1","1","","","","","","4","","","20","Green","","67","82","30","67","42","man","","","","Asian","","","","","$60,001-$80,000","GED","Independent","","","","Neither"
"LK519ho","0","100","257","1","1","30","5","2","3","1","1","7","1","7","7","7","1","1","5","1","1","1","7","1","1","1","1","","","","","","3","","","50","black","","70","80","51","44","18","man","White","","","","","","","","Over $200,000","2yearColl","Democrat","","Not very strong","",""
"OV902iz","0","100","134","1","1","16","1","6","7","5","2","5","2","5","5","5","2","3","5","1","1","1","6","1","1","1","1","","","","","","4","","","36","blue","","84","85","70","80","73","man","White","","","","","","","","$20,001-$40,000","4yearColl","Independent","","","","Neither"
"QZ807bz","0","100","139","1","1","70","3","1","1","1","2","6","2","6","6","6","2","2","5","6","6","6","5","6","1","2","2","","","","","","1","","","34","Black","","45","70","30","50","35","man","White","","","","","","","","$40,001-$60,000","4yearColl","Democrat","","Strong","",""
"KM612pi","0","100","286","1","1","75","4","4","1","7","4","2","2","2","2","2","6","6","5","6","6","6","2","6","3","2","2","","","","","","6","","","41","Orange","n/a","62","64","100","17","42","man","White","","","","","","","","$120,001-$140,000","MA","Republican","","","Strong",""
"CS941ol","0","100","136","1","1","38","5","7","3","4","6","6","2","6","2","6","2","2","3","5","5","5","2","6","2","2","2","","","","","","4","","","30","blue","","54","77","51","85","47","woman","","","Black or African American","","","","","","$100,001-$120,000","4yearColl","Democrat","","Not very strong","",""
"RK657ci","0","100","416","1","1","89","3","5","2","1","5","3","5","2","2","3","6","6","5","6","6","7","3","6","3","3","3","","","","","","2","","","25","Blue","","29","100","35","83","49","man","","","Black or African American","","","","","","$120,001-$140,000","4yearColl","Democrat","","Strong","",""
"SL448gk","0","100","243","1","1","100","4","1","1","2","3","1","5","3","2","1","6","6","5","7","7","7","1","7","3","3","3","","","","","","1","","","44","purple","","27","50","50","50","50","man","White","","","","","","","","$40,001-$60,000","noHS","Independent","","","","Closer to Democratic"
"AV195zl","0","100","237","1","1","31","3","3","1","1","3","6","3","5","5","6","3","4","5","5","4","5","5","5","1","2","2","","","","","","3","","","38","blue","","61","75","29","66","34","woman","","","Black or African American","","","","","","$180,001-$200,000","2yearColl","Democrat","","Not very strong","",""
"FX370tf","0","100","458","1","1","15","6","6","4","5","4","5","3","4","6","5","3","3","5","4","4","3","5","3","1","2","1","","","","","","5","","","48","blue","","70","90","50","70","45","man","","","","Asian","","","","","$80,001-$100,000","2yearColl","Democrat","","Not very strong","",""
"IS522pq","0","100","190","1","1","45","4","2","2","1","3","5","3","4","4","4","3","4","5","5","5","5","3","5","2","2","2","","","","","","2","","","46","blue","","0","63","45","61","50","woman","White","","","","","","","","$120,001-$140,000","2yearColl","Democrat","","Strong","",""
"MR488mk","0","100","276","1","1","65","3","1","1","1","5","3","5","3","3","4","5","5","5","5","5","4","5","5","2","2","2","","","","","","1","","","47","blue","","25","70","40","75","30","man","White","","","","","","","","$20,001-$40,000","GED","Democrat","","Strong","",""
"DP553fv","0","100","150","1","1","27","4","6","4","6","3","4","3","5","4","4","3","3","5","4","3","3","5","3","2","2","2","","","","","","5","","","26","blue","","60","66","45","63","39","woman","White","","","","","","","","$40,001-$60,000","4yearColl","Republican","","","Not very strong",""
"HL979qm","0","100","436","1","1","75","4","4","4","3","2","6","2","6","6","5","3","2","5","3","2","2","6","2","2","1","1","","","","","","4","","","33","Red","","40","90","70","70","20","woman","White","","","","","","","","$20,001-$40,000","GED","Independent","","","","Closer to Democratic"
"CP437it","0","100","267","1","1","61","5","4","4","5","3","5","3","5","5","5","4","3","5","4","4","4","5","3","2","2","1","","","","","","5","","","39","red","","30","60","55","56","54","man","White","","","","","","","","$20,001-$40,000","noHS","Independent","","","","Closer to Republican"
"NM349nw","0","100","212","1","1","10","4","5","7","7","2","5","2","5","5","5","2","3","5","3","3","2","5","2","1","1","2","","","","","","6","","","69","Orange","","70","73","62","73","56","man","White","","","","","","","","$40,001-$60,000","GED","Republican","","","Strong",""
"NN221wh","0","100","274","1","1","100","7","7","6","6","6","7","7","7","6","6","7","7","5","7","7","7","6","6","1","2","1","","","","","","7","","","47","black","good","0","0","0","0","0","man","White","","","","","","","","$80,001-$100,000","MA","Republican","","","Strong",""
"GZ754ji","0","100","171","1","1","33","4","5","2","2","3","5","3","5","5","5","3","3","5","6","3","3","4","5","3","3","3","","","","","","3","","","29","blue","","56","89","49","67","53",NA,"","","","Asian","","","","","Prefer not to answer",NA,"Democrat","","Not very strong","",""
"JG148xo","0","100","239","1","1","80","4","4","2","1","3","2","3","5","3","5","3","3","5","6","5","2","6","3","2","2","2","","","","","","1","","","29","green","","50","87","40","60","31","woman","White","","","","","","","","$40,001-$60,000","GED","Democrat","","Strong","",""
"KG688di","0","100","220","1","1","45","4","4","2","1","2","5","1","5","5","5","3","2","5","1","1","1","6","1","1","1","1","","","","","","3","","","47","black","","38","100","23","62","11","woman","","","Black or African American","","","","","","$140,001-$160,000","MA","Democrat","","Strong","",""
"RE667vp","0","100","316","1","1","50","4","7","7","1","3","5","3","5","5","3","5","5","5","5","6","6","6","6","3","2","2","","","","","","4","","","42","pink","","1","100","10","90","80","woman","","","Black or African American","","","","","","$0-$20,000","GED","Independent","","","","Closer to Democratic"
"TP234pg","0","100","352","1","1","0","1","7","1","7","1","6","1","5","6","5","1","1","5","2","1","5","5","1","1","1","1","","","","","","4","","","61","blue","","52","100","57","30","43","woman","","","Black or African American","","","","","","$60,001-$80,000","GED","Democrat","","Strong","",""
"GJ735ki","0","100","166","1","1","63","2","1","1","1","3","5","3","5","5","5","4","4","5","2","2","2","6","2","1","2","2","","","","","","1","","","21","purple","","34","46","30","40","35","man","White","","","","","","","","$60,001-$80,000","2yearColl","Democrat","","Strong","",""
"QH870bm","0","100","316","1","1","20","5","7","7","1","7","5","5","2","2","3","5","5","5","1","1","1","7","1","1","1","1","","","","","","4","","","37","Red","n/a","30","50","30","80","20","woman","White","","","","","","","","$20,001-$40,000","GED","Independent","","","","Neither"
"SJ402pc","0","100","181","1","1","74","4","2","1","1","3","5","3","5","5","5","3","2","5","5","4","5","3","4","2","3","2","","","","","","1","","","38","Yellow","","32","75","24","55","21","man","","","","Asian","","","","","$100,001-$120,000","4yearColl","Democrat","","Not very strong","",""
"FY442uz","0","100","884","1","1","71","4","5","3","6","4","5","4","3","3","4","3","4","5","5","4","3","5","4","2","2","1","","","","","","3","","","26","Black","None","17","49","22","73","39","man","","","","Asian","","","","","$0-$20,000","GED","Democrat","","Not very strong","",""
"QC741hp","0","100","214","1","1","0","1","7","1","1","1","7","1","7","7","7","1","1","5","1","1","1","7","1","1","1","1","","","","","","1","","","53","black","","100","100","100","100","100","man","","Hispanic, Latino, or Spanish origin","","","","","","","$40,001-$60,000","GED","Democrat","","Strong","",""
"VG313gm","0","100","174","1","1","55","3","5","2","1","2","5","2","5","5","5","2","2","5","5","5","5","3","5","2","2","2","","","","","","2","","","70","Turquoise","","54","100","36","22","37","woman","White","","","","","","","","$20,001-$40,000","GED","Democrat","","Not very strong","",""
"CF106kd","0","100","175","1","1","100","4","2","1","1","5","3","5","3","3","3","5","5","5","6","6","6","2","6","3","3","3","","","","","","2","","","30","blue","","31","100","49","37","26","woman","","","","Asian","","","","","$60,001-$80,000","4yearColl","Democrat","","Not very strong","",""
"WH482ac","0","100","286","1","1","0","4","5","1","1","3","5","3","5","7","6","3","3","5","5","5","5","4","5","3","2","3","","","","","","1","","","26","Blue","","46","93","35","39","39","woman","White","","","","","","","","$40,001-$60,000","GED","Democrat","","Strong","",""
"ID197ew","0","100","156","1","1","83","2","5","1","1","2","4","1","3","3","5","1","1","5","7","7","7","5","7","3","3","3","","","","","","3","","","64","Purple","","12","90","68","53","36","woman","","","Black or African American","","American Indian or Alaska Native","","","","$20,001-$40,000","2yearColl","Democrat","","Not very strong","",""
"QG665kt","0","100","388","1","1","0","3","5","7","6","3","6","3","6","5","6","3","3","5","3","3","2","6","2","1","1","1","","","","","","6","","","66","Green","","87","95","55","92","80","man","","","","Asian","","","","","$60,001-$80,000","2yearColl","Republican","","","Not very strong",""
"AA034jl","0","100","313","1","1","55","4","5","1","1","3","1","3","5","2","5","3","3","5","3","5","3","5","3","2","2","2","","","","","","1","Non-binary ","","50","Purple ","","59","100","14","29","0",NA,"White","","","","","","","","$20,001-$40,000","MA","Democrat","","Strong","",""
"FS727io","0","100","283","1","1","60","5","3","2","1","1","7","1","7","7","7","1","1","5","5","5","3","5","2","3","2","2","","","","","","3","","","48","Blue","","65","0","34","69","33","woman","","","Black or African American","","","","","","$0-$20,000","MA","Independent","","","","Closer to Democratic"
"ZH798wa","0","100","212","1","1","86","4","2","2","2","5","3","6","3","2","2","6","7","5","6","7","6","3","6","2","3","2","","","","","","2","","","52","purple","","32","51","63","79","36","woman","White","","","","","","","","$60,001-$80,000","4yearColl","Democrat","","Not very strong","",""
"AS557px","0","100","581","1","1","40","7","6","2","7","3","6","3","5","5","5","2","2","5","3","3","2","2","5","1","2","1","","","","","","7","","","78","Red","Thank you","34","55","21","39","48","woman","White","","","","","","","","$20,001-$40,000","GED","Republican","","","Not very strong",""
"CO343cp","0","100","217","1","1","70","3","5","6","5","3","3","3","3","5","5","3","3","5","6","6","5","3","5","3","3","3","","","","","","6","","","54","Pink","","30","75","67","90","50","woman","White","","","","","","","","$120,001-$140,000","4yearColl","Republican","","","Not very strong",""
"LU270wx","0","100","213","1","1","22","4","6","6","2","3","3","4","4","3","5","3","3","5","2","1","2","5","2","1","1","1","","","","","","3","","","70","blue","thanks","62","75","45","67","53","man","White","","","","","","","","$80,001-$100,000","4yearColl","Democrat","","Strong","",""
"LT874rc","0","100","281","1","1","57","5","5","3","4","2","6","2","6","6","5","3","2","5","4","2","2","5","2","1","1","1","","","","","","4","","","44","Black ","","53","57","48","43","40","woman","White","","","","","","","","$60,001-$80,000","GED","Independent","","","","Closer to Republican"
"JU013it","0","100","134","1","1","51","5","3","1","1","5","3","4","3","3","3","5","5","5","5","4","5","5","5","1","1","1","","","","","","1","","","22","Green","","58","76","20","46","20",NA,"","","","Asian","","","","","$0-$20,000","4yearColl","Democrat","","Not very strong","",""
"SG569yq","0","100","176","1","1","32","4","5","3","1","3","5","3","5","6","5","2","3","5","3","4","3","6","4","2","2","2","","","","","","1","","","27","Purple","","75","100","30","50","38","woman","White","","","","","","","","$80,001-$100,000","4yearColl","Democrat","","Strong","",""
"PD633mq","0","100","275","1","1","19","2","6","1","2","2","6","2","6","6","6","2","2","5","5","5","3","5","3","3","2","3","","","","","","2","","","62","black","","80","85","50","90","60","man","White","","","","","","","","$60,001-$80,000","4yearColl","Democrat","","Strong","",""
"EE388ao","0","100","226","1","1","39","5","2","1","2","1","3","1","7","6","7","1","1","5","1","4","2","6","1","1","1","1","","","","","","2","","","68","Green","","40","80","38","34","30","man","White","","","","","","","","$20,001-$40,000","4yearColl","Democrat","","Strong","",""
"AM861op","0","100","220","1","1","41","4","5","1","4","3","4","3","4","4","4","4","3","5","2","2","2","7","2","1","1","1","","","","","","3","","","38","Blue ","","18","9","42","23","20","woman","White","","","","","","","","$100,001-$120,000","GED","Democrat","","Strong","",""
"RH266ol","0","100","178","1","1","37","4","5","3","5","3","4","3","4","4","4","3","3","5","6","5","5","5","5","2","2","2","","","","","","4","","","41","blue","","64","71","45","76","51","woman","White","","","","","","","","$160,001-$180,000","2yearColl","Independent","","","","Closer to Republican"
"FA867py","0","100","231","1","1","5","3","6","6","5","2","6","2","6","5","4","3","2","5","1","1","1","6","1","1","1","1","","","","","","4","","","72","Yellow","","64","68","49","63","45","woman","White","","","","","","","","$40,001-$60,000","GED","Independent","","","","Neither"
"YZ547zp","0","100","233","1","1","30","4","6","3","6","3","5","3","5","5","5","2","2","5","2","3","2","6","2","1","2","1","","","","","","4","","","45","Blue","","55","70","41","57","15","man","White","","","","","","","","$80,001-$100,000","4yearColl","Republican","","","Not very strong",""
"UL765dn","0","100","264","1","1","33","3","6","3","7","2","6","1","7","7","6","3","2","5","2","2","3","5","1","1","2","2","","","","","","5","","","42","Gray","No comments ","66","85","70","80","49","man","","","","","","","Native Hawaiian or Other Pacific Islander","","$40,001-$60,000","GED","Republican","","","Not very strong",""
"CX641iw","0","100","636","1","1","40","5","5","2","1","2","6","2","6","6","6","2","2","5","2","2","2","5","2","2","2","2","","","","","","4","","","38","Green","","4","90","5","60","11","man","","","Black or African American","","","","","","$40,001-$60,000","4yearColl","Independent","","","","Neither"
"PM020ar","0","100","300","1","1","75","4","2","1","1","3","4","3","4","4","4","4","4","5","6","7","6","2","6","2","2","3","","","","","","1","","","40","purple","","50","80","29","55","43","woman","White","","","","","","","","$40,001-$60,000","4yearColl","Independent","","","","Closer to Democratic"
"DI752fl","0","100","175","1","1","9","7","6","2","2","3","4","2","4","4","4","3","3","5","2","2","2","6","2","1","1","1","","","","","","2","","","32","Red","","90","80","30","70","40","man","White","","","Asian","","","","","$180,001-$200,000","MA","Democrat","","Strong","",""
"ZT408ux","0","100","229","1","1","51","4","7","6","7","2","5","3","5","5","4","3","2","5","2","2","2","6","1","1","1","1","","","","","","7","","","72","blue","no comment","0","0","0","0","0","woman","White","","","","","","","","$20,001-$40,000","GED","Republican","","","Strong",""
"NJ171jr","0","100","844","1","1","39","4","1","1","1","1","7","1","7","5","7","1","1","5","1","1","1","7","5","1","1","1","","","","","","2","","","35","Green","","75","100","45","80","45","man","White","","","","","","","","$60,001-$80,000","GED","Democrat","","Not very strong","",""
"CZ490lp","0","100","271","1","1","80","3","5","4","2","2","5","2","5","5","5","2","2","3","6","7","6","5","7","3","3","3","","","","","","3","","","36","Teal","","60","100","40","50","20","woman","White","","","","","","","","$20,001-$40,000","2yearColl","Independent","","","","Neither"
"GL646jc","0","100","206","1","1","70","5","4","6","7","2","6","2","6","6","5","2","1","5","6","6","5","3","5","3","2","3","","","","","","6","","","23","Pink","I do not have any additional comments.","90","90","70","95","88","woman","White","","","","","","","","$80,001-$100,000","4yearColl","Republican","","","Strong",""
"OM266mc","0","100","184","1","1","65","1","4","3","1","2","7","1","7","4","5","1","1","5","6","7","5","4","7","2","1","3","","","","","","4","","","26","Pink","","10","100","30","80","45","woman","","","Black or African American","","","","","","Prefer not to answer","GED","Independent","","","","Neither"
"YR301ux","0","100","206","1","1","65","4","4","4","1","4","5","6","7","5","4","4","5","6","5","5","7","6","4","3","2","2","","","","","","4","","","34","Red","","80","48","62","33","13","woman","","","Black or African American","","","","","","$20,001-$40,000","GED","Democrat","","Strong","",""
"OA505nw","0","100","573","1","1","9","1","7","1","1","1","7","1","7","7","7","1","1","5","1","1","1","7","1","1","1","1","","","","","","2","","","25","My favorite color is black.","","18","91","24","28","37","man","","","Black or African American","","","","","","$80,001-$100,000","4yearColl","Democrat","","Strong","",""
"TZ033kn","0","100","229","1","1","8","3","3","4","6","4","4","4","5","4","4","4","3","5","4","3","3","4","4","2","1","2","","","","","","5","","","38","Purple","Thank you for the opportunity to participate in your study.","40","78","59","50","55","man","White","","","","","","","","$0-$20,000","GED","Independent","","","","Neither"
"TA798ne","0","100","456","1","1","0","5","4","5","2","1","7","1","7","7","6","1","1","5","2","1","1","7","1","1","1","1","","","","","","3","","","28","Black","","64","67","41","68","45","man","","","Black or African American","","","","","","$80,001-$100,000","4yearColl","Democrat","","Not very strong","",""
"BO054gd","0","100","231","1","1","40","3","5","2","2","3","3","2","5","4","5","3","3","5","3","3","3","3","4","1","1","2","","","","","","3","","","41","Red","None.","40","64","40","71","39","man","White","","","Asian","","","","","$100,001-$120,000","GED","Democrat","","Not very strong","",""
"OE683ru","0","100","157","1","1","72","4","5","6","5","5","6","5","5","6","5","4","6","5","4","5","5","6","5","2","2","1","","","","","","2","","","29","BLUE","","0","3","0","0","0","woman","White","","","","","","","","$20,001-$40,000","MA","Republican","","","Strong",""
"DN491fz","0","100","259","1","1","0","1","3","7","6","3","5","3","5","5","5","3","3","5","2","1","1","6","1","1","1","1","","","","","","5","","","60","red","","58","64","55","60","50","man","White","","","","","","","","$60,001-$80,000","GED","Independent","","","","Closer to Republican"
"NC959lk","0","100","458","1","1","39","3","3","5","6","4","5","4","4","5","4","4","4","5","4","4","4","4","4","2","2","2","","","","","","6","","","54","blue","","20","95","21","74","52","man","","","Black or African American","","","","","","$0-$20,000","4yearColl","Republican","","","Not very strong",""
"RL180ws","0","100","225","1","1","68","6","5","5","6","5","6","5","6","5","5","5","5","5","2","3","3","3","3","1","1","1","","","","","","2","","","31","blue","","61","61","57","82","57","woman","White","","","","","","","","$20,001-$40,000","2yearColl","Democrat","","Strong","",""
"UZ354vo","0","100","152","1","1","66","3","3","3","3","2","6","2","6","6","6","2","2","5","6","6","6","3","6","3","3","3","","","","","","4","","","37","blue","","58","65","40","50","50","man","White","","","","","","","","$100,001-$120,000","4yearColl","No preference","","","","Neither"
"OO398bx","0","100","173","1","1","22","7","7","4","1","2","4","3","2","4","4","4","2","5","3","3","4","5","4","1","2","2","","","","","","2","","","55","green","","49","83","7","61","9","woman","White","","","","","","","","$80,001-$100,000","2yearColl","Democrat","","Strong","",""
"XC508ar","0","100","236","1","1","61","4","5","2","2","4","4","3","4","4","4","3","5","5","2","2","2","6","2","1","2","1","","","","","","2","","","25","green","","59","92","58","71","52","woman","","Hispanic, Latino, or Spanish origin","","","","","","","$80,001-$100,000","4yearColl","Democrat","","Strong","",""
"FE573ts","0","100","271","1","1","19","6","5","3","3","1","6","2","6","5","7","1","2","5","1","1","1","7","2","1","1","1","","","","","","2","","","63","bl","","91","99","83","93","83","woman","White","","","","","","","","$40,001-$60,000","PHD","Democrat","","Not very strong","",""
"NP112xj","0","100","305","1","1","59","2","4","4","5","2","5","2","6","6","5","2","3","5","5","5","4","5","5","2","2","2","","","","","","5","","","29","Blue","","50","50","50","50","50","man","White","","","","","","","","$120,001-$140,000","GED","Republican","","","Strong",""
"SQ755zd","0","100","374","1","1","10","6","4","1","5","1","5","1","6","6","6","1","1","5","2","1","1","7","1","2","2","2","","","","","","3","","","57","purple","thank you","60","90","26","85","41","woman","White","","","","","","","","$80,001-$100,000","4yearColl","Democrat","","Strong","",""
"MR693az","0","100","134","1","1","66","2","4","6","6","3","5","3","5","5","5","3","3","5","5","5","5","3","5","2","2","2","","","","","","6","","","45","Blue","","67","81","31","89","40","man","White","","","","","","","","$140,001-$160,000","4yearColl","Independent","","","","Neither"
"FA237mv","0","100","316","1","1","80","3","3","2","1","3","4","3","5","4","5","3","3","5","6","6","6","4","6","3","2","3","","","","","","1","","","38","Purple","","30","55","35","50","35","man","White","","","","","","","","$20,001-$40,000","GED","Democrat","","Strong","",""
"OV256yx","0","100","374","1","1","41","5","4","4","3","2","5","3","5","5","5","2","2","5","6","6","5","4","5","2","2","2","","","","","","3","","","47","Blue","","29","85","32","38","36","woman","","","Black or African American","","","","","","$40,001-$60,000","4yearColl","Democrat","","Not very strong","",""
"EJ858mr","0","100","212","1","1","40","6","4","1","1","4","4","4","4","4","5","4","4","5","5","6","5","4","6","2","2","2","","","","","","2","","","24","Blue","","55","76","74","77","71","man","","","","Asian","","","","","$60,001-$80,000","GED","Democrat","","Not very strong","",""
"EX128kr","0","100","539","1","1","37","4","4","2","3","2","6","2","7","7","7","1","2","5","3","5","2","5","3","1","1","1","","","","","","3","","","54","blue","","17","73","73","73","66","woman","White","","","","","","","","$20,001-$40,000","GED","Democrat","","Strong","",""
"BN882nq","0","100","225","1","1","61","6","2","1","1","2","1","1","6","2","5","1","2","5","4","4","5","6","5","1","1","2","","","","","","1","","","64","blue","","70","99","63","84","53","woman","","","Black or African American","","","","","","$160,001-$180,000","MA","Democrat","","Strong","",""
"VU251fm","0","100","244","1","1","29","4","6","3","2","4","3","3","4","3","5","4","4","5","4","5","3","6","4","2","2","2","","","","","","4","","","56","blue","","58","88","52","55","44","woman","White","","","","","","","","$60,001-$80,000","GED","Independent","","","","Closer to Democratic"
"KZ479wd","0","100","193","1","1","19","3","3","3","1","4","3","3","5","3","4","3","2","5","3","2","2","5","2","1","1","1","","","","","","2","","","32","black","","81","75","25","63","33","woman","White","","","","","","","","Over $200,000","4yearColl","Democrat","","Strong","",""
"AB945bw","0","100","268","1","1","70","5","5","4","3","2","6","2","6","6","6","2","2","5","5","5","4","4","3","1","1","1","","","","","","4","","","28","Green","","40","80","40","50","40","man","","","","Asian","","","","","$60,001-$80,000","4yearColl","Democrat","","Not very strong","",""
"PK130cr","0","100","244","1","1","40","2","3","5","6","3","6","2","6","5","6","2","2","5","3","3","2","6","3","2","2","2","","","","","","6","","","64","pink","","50","80","41","65","32","woman","White","","","","","","","","$80,001-$100,000","GED","Republican","","","Not very strong",""
"HN826cw","0","100","243","1","1","67","4","6","2","6","3","5","3","6","5","5","4","4","5","2","4","3","6","3","1","1","2","","","","","","5","","","48","blue","","65","78","45","76","39","man","White","","","","","","","","$80,001-$100,000","4yearColl","Republican","","","Not very strong",""
"CJ672un","0","100","225","1","1","75","5","4","1","1","1","7","1","7","7","7","1","1","5","7","6","6","5","7","2","2","2","","","","","","1","","","31","Blue","","60","100","25","40","15","man","White","","","","","","","","$0-$20,000","GED","Democrat","","Strong","",""
"PQ399hu","0","100","305","1","1","85","5","6","1","1","3","3","2","6","5","3","3","3","5","5","6","5","5","6","2","2","2","","","","","","1","Nonbinary","","24","right now I love the color of blackberries","","45","80","33","38","30",NA,"White","","","","","","","","$40,001-$60,000","4yearColl","No preference","","","","Neither"
"FS025in","0","100","219","1","1","74","2","3","4","4","3","3","3","5","5","3","3","3","5","3","5","5","5","3","2","1","1","","","","","","5","","","47","black","","46","56","50","65","48","woman","White","","","","","","","","$20,001-$40,000","GED","Republican","","","Not very strong",""
"RG160lx","0","100","119","1","1","13","4","2","1","1","2","5","2","5","5","4","3","2","5","5","3","4","5","4","1","1","2","","","","","","2","","","33","Green","","80","78","34","71","28","man","","","","Asian","","","","","Over $200,000","PHD","Democrat","","Strong","",""
"MC489as","0","100","237","1","1","70","2","3","1","1","5","1","4","4","2","4","4","5","5","5","4","6","2","6","3","3","3","","","","","","2","","","43","pink","no","50","90","3","21","3","woman","White","","","","","","","","$80,001-$100,000","GED","Independent","","","","Neither"
"ZB237gn","0","100","194","1","1","60","5","5","3","4","3","5","3","5","5","4","3","5","5","3","5","5","5","5","2","2","2","","","","","","5","","","42","blue","","71","69","32","65","65","man","White","","","","","","","","$100,001-$120,000","PHD","Independent","","","","Neither"
"LN271lj","0","100","265","1","1","36","4","2","1","2","2","7","1","7","6","6","1","2","5","2","1","2","6","5","3","2","2","","","","","","2","","","38","red","","58","98","40","77","36","woman","","","Black or African American","","","","","","$80,001-$100,000","4yearColl","Democrat","","Not very strong","",""
"TS410vi","0","100","300","1","1","40","4","5","7","6","2","6","2","6","6","6","2","2","5","5","4","5","4","5","2","2","2","","","","","","6","","","40","blue","","50","60","40","67","45","man","White","","","","","","","","$80,001-$100,000","GED","Republican","","","Not very strong",""
"WJ754ad","0","100","256","1","1","60","4","2","3","1","4","3","4","3","3","5","5","5","5","5","4","5","6","4","2","2","2","","","","","","2","","","70","blue","","50","65","45","50","45","woman","White","","","","","","","","$40,001-$60,000","2yearColl","Democrat","","Not very strong","",""
"KX436ee","0","100","167","1","1","8","3","3","3","3","3","5","3","5","6","5","3","3","5","2","1","3","6","2","1","1","1","","","","","","2","","","29","green","","78","80","75","77","74","man","White","","","","","","","","$20,001-$40,000","PHD","Democrat","","Strong","",""
"WS092gf","0","100","213","1","1","65","1","6","7","7","5","3","5","3","3","3","5","5","5","6","4","5","5","6","2","2","2","","","","","","7","","","51","Blue","","30","71","50","70","50","man","White","","","","","","","","$40,001-$60,000","GED","Republican","","","Strong",""
"EL317py","0","100","208","1","1","90","5","5","5","2","2","5","3","6","5","5","3","3","5","5","7","5","2","6","2","2","2","","","","","","4","","","30","Green","","40","90","60","80","20","woman","White","","","","","","","","$60,001-$80,000","2yearColl","Independent","","","","Neither"
"KN367ny","0","100","465","1","1","76","2","3","3","3","3","5","3","5","5","5","2","3","5","6","5","3","3","6","3","3","3","","","","","","4","","","59","green","","30","80","45","49","15","woman","White","","","","","","","","$20,001-$40,000","GED","Independent","","","","Closer to Republican"
"AE478un","0","100","420","1","1","25","5","6","3","2","3","5","4","5","5","4","3","3","5","2","2","2","6","2","1","2","1","","","","","","3","","","27","blue","","70","80","65","75","65","woman","White","","","","","","","","$80,001-$100,000","MA","Democrat","","Not very strong","",""
"KH515sc","0","100","227","1","1","35","4","2","7","7","2","6","2","6","6","6","2","2","5","5","5","5","5","6","2","2","2","","","","","","7","","","44","Green","Thank you!","58","60","80","90","30","woman","White","","","","","","","","$120,001-$140,000","4yearColl","Republican","","","Strong",""
"BF272pj","0","100","165","1","1","90","4","5","1","1","5","3","5","3","3","3","5","5","5","7","7","7","1","7","3","3","3","","","","","","2","","","39","green","","18","90","30","79","10","woman","White","","","","","","","","$20,001-$40,000","GED","Independent","","","","Closer to Democratic"
"AA876ir","0","100","230","1","1","34","4","3","4","6","4","4","2","6","5","4","4","5","5","4","5","3","5","4","2","1","1","","","","","","6","","","31","Black","","67","97","44","82","47","woman","White","Hispanic, Latino, or Spanish origin","","","","","","","$100,001-$120,000","4yearColl","Republican","","","Strong",""
"UF281ri","0","100","272","1","1","60","3","4","3","4","3","5","3","5","4","4","3","3","5","3","2","2","6","2","2","2","2","","","","","","4","","","36","green","","69","78","35","70","46","man","","","","Asian","","","","","Prefer not to answer",NA,"Independent","","","","Closer to Democratic"
"GT580ln","0","100","275","1","1","50","4","6","2","1","3","5","3","5","5","5","2","3","5","5","5","2","5","2","2","1","2","","","","","","2","","","33","green","","45","55","35","40","25","man","White","","","","","","","","$40,001-$60,000","GED","Democrat","","Strong","",""
"QL908ck","0","100","219","1","1","55","4","1","1","1","2","4","5","4","4","3","4","5","5","4","3","3","4","3","3","2","2","","","","","","2","","","38","green","","78","82","58","70","40","woman","White","","","","","","","","$120,001-$140,000","PHD","Democrat","","Strong","",""
"JK443uy","0","100","199","1","1","0","1","2","1","1","3","4","3","4","4","3","3","3","5","4","1","1","4","3","1","1","2","","","","","","1","","","42","blue","","52","63","48","54","52","man","White","","","","","","","","$80,001-$100,000","4yearColl","Democrat","","Strong","",""
"NI831hm","0","100","201","1","1","22","6","5","2","6","3","6","2","6","5","5","2","2","5","2","1","2","5","2","1","1","2","","","","","","5","","","48","black","thank you","33","53","8","28","30","man","","Hispanic, Latino, or Spanish origin","","","","","","","$20,001-$40,000","GED","Independent","","","","Closer to Democratic"
"MK875ox","0","100","775","1","1","16","5","4","2","4","6","6","5","4","5","5","4","5","3","3","5","4","5","4","1","1","2","","","","","","2","","","36","Pink","","46","62","44","46","42","woman","","","","Asian","","","","","$20,001-$40,000","4yearColl","Democrat","","Strong","",""
"HU232ot","0","100","302","1","1","81","2","1","1","1","6","2","5","2","2","2","6","6","5","6","7","5","2","6","2","3","3","","","","","","1","","","47","green","","7","81","10","75","25",NA,"White","","","","","","","","$0-$20,000","GED","Democrat","","Strong","",""
"SH500wf","0","100","399","1","1","60","7","5","1","2","4","4","3","5","5","5","3","3","5","5","3","5","6","5","3","2","2","","","","","","3","","","33","Blue","","47","85","25","95","32","man","","","Black or African American","","","","","","$40,001-$60,000","GED","Democrat","","Strong","",""
"TW686be","0","100","264","1","1","7","5","3","3","3","5","3","4","4","3","5","3","3","5","2","2","4","5","5","2","1","2","","","","","","4","","","57","Yellow","","0","0","0","0","0","man","White","","","","","","","","$80,001-$100,000","2yearColl","Independent","","","","Closer to Democratic"
"II863yl","0","100","484","1","1","65","1","5","6","6","2","5","2","5","5","5","3","5","5","2","2","4","6","2","2","2","1","","","","","","6","","","47","Gray","","50","53","46","76","22","woman","White","","","","","","","","$60,001-$80,000","2yearColl","Republican","","","Strong",""
"RT504xx","0","100","317","1","1","40","4","4","3","2","3","2","2","5","1","2","3","3","5","5","2","3","6","3","1","2","2","","","","","","2","","","58","turquoise","","51","80","44","66","24","woman","White","","","","","","","","$20,001-$40,000","4yearColl","Democrat","","Strong","",""
"TO376qt","0","100","178","1","1","79","7","3","2","2","3","5","3","5","5","5","3","3","5","6","6","6","3","6","3","2","3","","","","","","4","","","51","Blue grey","","14","0","48","42","37","woman","White","","","","","","","","$0-$20,000","GED","Democrat","","Not very strong","",""
"YD435yn","0","100","103","1","1","22","4","5","3","3","2","5","2","6","5","5","2","2","5","2","2","2","6","1","1","1","1","","","","","","3","","","35","black","","49","46","44","55","43","man","White","","","","","","","","$40,001-$60,000","GED","Democrat","","Strong","",""
"UH601hj","0","100","186","1","1","30","3","5","2","5","3","5","4","5","5","5","3","3","5","3","2","2","5","2","1","2","1","","","","","","5","","","30","Blue","","75","80","60","70","40","man","White","","","","","","","","$80,001-$100,000","4yearColl","Republican","","","Not very strong",""
"MQ111jh","0","100","544","1","1","3","4","5","5","7","1","7","1","7","7","7","1","1","5","5","4","6","6","5","2","1","2","","","","","","6","","","42","black","Thank you so much for having me for this study","79","90","76","87","78","man","","","","Asian","","","","","$40,001-$60,000","GED","Republican","","","Strong",""
"GY198vi","0","100","534","1","1","40","7","7","7","7","2","6","2","6","5","5","2","3","5","1","1","1","6","1","1","1","1","","","","","","6","","","41","Black","","100","100","80","90","85","man","White","","","","","","","","$60,001-$80,000","4yearColl","Republican","","","Strong",""
"JF277yr","0","100","451","1","1","63","3","7","4","7","5","6","3","6","5","4","5","5","5","6","6","6","6","6","1","1","2","","","","","","6","","","27","maroon","N/A","40","80","52","67","32","woman","White","","","","","","","","$80,001-$100,000","2yearColl","Republican","","","Strong",""
"CR669nm","0","100","716","1","1","20","4","3","6","5","3","7","3","7","6","6","3","6","5","3","3","6","6","4","2","2","2","","","","","","4","","","24","blue","no","48","93","21","51","42","man","White","","","","","","","","$40,001-$60,000","4yearColl","Republican","","","Not very strong",""
"WN486xy","0","100","259","1","1","1","7","7","7","7","1","3","7","6","4","6","2","7","5","2","2","1","6","1","2","1","2","","","","","","6","","","69","Blue","nice","0","0","0","0","0","man","White","","","","","","","","$40,001-$60,000","4yearColl","Republican","","","Strong",""
"WM601mr","0","100","337","1","1","52","3","6","5","7","4","4","2","4","3","5","2","4","5","4","5","5","4","6","2","2","2","","","","","","6","","","68","blue","","42","82","42","82","55","man","White","","","","","","","","$40,001-$60,000","MA","Independent","","","","Neither"
"WA248ss","0","100","277","1","1","8","5","7","1","1","3","6","3","5","5","5","3","3","5","2","2","2","6","2","1","2","1","","","","","","2","","","44","black","thank you for the study!","74","82","72","69","70","man","","","Black or African American","","","","","","$160,001-$180,000","MA","Democrat","","Strong","",""
"GM112zb","0","100","116","1","1","11","4","6","7","7","2","5","2","5","4","6","2","3","5","1","2","2","6","2","1","1","1","","","","","","6","","","34","green","","0","0","0","0","0","man","White","","","","","","","","$100,001-$120,000","GED","Independent","","","","Closer to Republican"
"UV494un","0","100","92","1","1","37","4","5","5","6","4","5","4","5","6","4","4","3","5","4","3","2","5","4","1","2","2","","","","","","5","","","34","Blue","","0","0","73","56","67","man","White","","","","","","","","$60,001-$80,000","4yearColl","Independent","","","","Neither"
"SD772uh","0","100","244","1","1","30","5","3","2","2","3","5","3","5","5","5","2","3","5","2","2","2","6","2","2","2","2","","","","","","1","","","61","Purple","","70","90","0","80","41","woman","White","","","","","","","","Prefer not to answer","MA","Democrat","","Strong","",""
"IX230nz","0","100","624","1","1","81","5","3","1","1","6","2","6","2","3","2","6","6","5","6","6","5","3","6","3","3","3","","","","","","1","","","28","Purple","","8","89","3","3","2","woman","White","","","","","","","","$20,001-$40,000","GED","Democrat","","Strong","",""
"EU320km","0","100","163","1","1","62","4","4","4","4","5","6","4","4","4","4","5","4","4","1","1","1","6","1","1","2","2","","","","","","4","","","37","purple","","10","10","41","11","10","woman","White","","","","","","","","$80,001-$100,000","GED","Republican","","","Not very strong",""
"HP981lp","0","100","390","1","1","26","1","3","1","5","2","7","3","6","6","6","2","3","5","2","2","2","7","2","1","2","1","","","","","","6","","","34","White","Thank you for consideration","85","97","70","75","79","woman","White","","","","","","","","$40,001-$60,000","4yearColl","Republican","","","Not very strong",""
"LR990zw","0","100","361","1","1","9","4","2","4","5","2","6","2","7","5","6","2","2","7","3","1","4","6","4","1","1","2","","","","","","4","","","48","blue","","80","80","30","80","51","woman","White","","","","","","","","$120,001-$140,000","4yearColl","Independent","","","","Neither"
"ZB982st","0","100","211","1","1","40","6","3","3","1","2","6","2","6","6","6","2","2","5","2","2","2","6","2","1","1","1","","","","","","4","","","63","None","Engaging experience. Thank you so much. ","65","0","0","32","26","woman","White","","","","","","","","$120,001-$140,000","MA","Democrat","","Strong","",""
"QP873nx","0","100","256","1","1","45","3","2","5","4","2","5","2","5","6","6","3","3","5","4","4","3","5","3","1","1","1","","","","","","4","","","61","blue","","60","50","25","75","40","woman","White","","","","","","","","Over $200,000","GED","Independent","","","","Closer to Republican"
"ZH449kn","0","100","201","1","1","58","2","5","3","4","2","6","2","6","4","6","2","2","5","4","4","3","6","3","2","2","2","","","","","","3","","","32","Green","","62","75","28","69","38","woman","White","","","","","","","","$140,001-$160,000","4yearColl","Independent","","","","Closer to Democratic"
"GT109lq","0","100","432","1","1","50","2","2","1","1","3","1","3","4","3","2","4","3","5","7","7","6","4","6","3","3","3","","","","","","1","","","41","blue","","15","100","15","20","10","man","","","Black or African American","","","","","","$20,001-$40,000","GED","Democrat","","Strong","",""
"ID898mi","0","100","240","1","1","7","6","5","4","2","2","6","2","6","6","6","2","2","5","2","2","2","2","2","2","2","2","","","","","","4","","","68","blue","","57","88","22","43","38","woman","White","","","","","","","","$60,001-$80,000","4yearColl","Independent","","","","Neither"
"PL263gg","0","100","161","1","1","40","4","1","1","1","3","5","3","5","5","5","3","3","5","2","2","2","5","2","1","1","1","","","","","","2","","","60","Blue","","71","79","49","62","32","man","White","","","","","","","","$120,001-$140,000","4yearColl","Independent","","","","Closer to Democratic"
"IF361nt","0","100","578","1","1","30","6","7","6","7","6","6","6","6","6","6","2","2","5","2","2","2","6","2","1","1","1","","","","","","6","","","36","BLUE","","50","80","21","44","33","woman","White","","","","","","","","$100,001-$120,000","MA","Republican","","","Not very strong",""
"MU847wl","0","100","374","1","1","75","4","2","1","1","2","6","3","6","6","5","2","2","5","3","5","4","3","5","1","2","1","","","","","","2","","","37","blue","","32","59","29","47","34","man","White","","","","","","","","$20,001-$40,000","2yearColl","Democrat","","Strong","",""
"WB879ve","0","100","195","1","1","6","3","6","7","7","3","5","2","6","6","5","2","2","5","2","1","2","6","3","1","1","1","","","","","","7","","","74","Blue","I was at one time a liberal, but not any more.","48","53","43","62","41","man","White","","","","","","","","$60,001-$80,000","MA","Republican","","","Strong",""
"DH013dp","0","100","271","1","1","66","5","4","5","4","5","5","4","6","3","4","6","5","5","2","4","3","6","3","3","2","2","","","","","","7","","","29","Blue","None","72","85","57","61","48","man","White","","","","","","","","$20,001-$40,000","4yearColl","Republican","","","Strong",""
"IP811jt","0","100","234","1","1","75","3","3","3","1","3","5","3","5","5","5","3","2","5","5","5","3","5","5","2","2","3","","","","","","3","","","41","Green","","74","100","55","65","70","man","","Hispanic, Latino, or Spanish origin","Black or African American","","","","","","$80,001-$100,000","GED","Independent","","","","Closer to Democratic"
"ZH345ms","0","100","249","1","1","25","6","6","2","1","5","2","5","2","2","2","5","5","5","2","2","2","5","2","1","1","1","","","","","","2","","","58","blue","","70","80","25","40","30","man","White","","","","","","","","$80,001-$100,000","2yearColl","Democrat","","Strong","",""
"MX911nk","0","100","163","1","1","100","3","1","1","1","5","3","5","3","3","3","5","5","5","7","6","7","2","5","2","3","3","","","","","","1","","","30","Green","","23","89","15","50","33","woman","White","","Black or African American","","American Indian or Alaska Native","","","","$20,001-$40,000","4yearColl","Democrat","","Strong","",""
"HL864xd","0","100","168","1","1","20","4","1","3","3","3","4","4","4","5","5","3","3","5","5","5","5","3","5","1","2","2","","","","","","4","","","28","purple","","60","50","20","0","18","woman","White","","","","","","","","$100,001-$120,000","4yearColl","Independent","","","","Closer to Democratic"
"VL059dh","0","100","199","1","1","39","5","5","5","5","5","5","6","6","5","5","6","4","5","2","2","2","6","6","1","1","2","","","","","","6","","","30","Blue","No comments","75","95","83","69","71","man","White","Hispanic, Latino, or Spanish origin","","","","","","","$80,001-$100,000","4yearColl","Republican","","","Strong",""
"TX245vm","0","100","154","1","1","80","4","4","5","6","3","5","3","5","5","5","3","3","5","7","6","5","1","5","3","3","3","","","","","","6","","","28","Green","Hope you have a wonderful day! :)","40","40","80","45","70","man","White","","","","","","","","$60,001-$80,000","4yearColl","Republican","","","Strong",""
"SL537vc","0","100","252","1","1","10","1","3","7","7","2","6","2","2","6","5","2","2","5","1","1","1","6","1","2","1","1","","","","","","6","","","45","Blue","","59","51","49","85","40","man","","","","Asian","","","","","$160,001-$180,000","4yearColl","Republican","","","Not very strong",""
"SI999di","0","100","166","1","1","55","3","3","3","4","1","6","2","6","6","6","1","2","5","2","2","2","6","2","2","2","2","","","","","","4","","","29","White","","50","75","30","75","45","man","","","","Asian","","","","","$40,001-$60,000","4yearColl","Independent","","","","Neither"
"SR521xm","0","100","727","1","1","16","4","7","4","5","2","6","2","6","7","6","3","6","5","5","4","4","4","4","2","2","2","","","","","","5","","","47","red","","94","98","65","96","76","woman","","","Black or African American","","","","","","$80,001-$100,000","2yearColl","Independent","","","","Closer to Republican"
"KD124rz","0","100","339","1","1","15","7","7","1","7","2","6","2","6","6","6","6","6","5","2","2","2","6","2","1","1","1","","","","","","2","","","71","RED","","100","100","62","48","61","woman","White","","","","","","","","$120,001-$140,000","PHD","Republican","","","Not very strong",""
"CH765dl","0","100","187","1","1","100","7","1","1","1","6","2","1","5","2","2","2","6","5","7","7","7","2","4","3","3","3","","","","","","1","","","23","Blue","","29","38","23","34","22","man","White","","","","","","","","$60,001-$80,000","4yearColl","Independent","","","","Closer to Democratic"
"EG735ja","0","100","1066","1","1","40","7","7","1","1","5","3","5","3","3","3","5","5","5","2","1","2","6","2","1","1","1","","","","","","2","","","53","BLUE","","60","90","50","30","15","woman","","","Black or African American","","","","","","$140,001-$160,000","4yearColl","Democrat","","Strong","",""
"KF793yu","0","100","193","1","1","27","3","3","4","3","2","6","2","6","5","5","5","3","5","5","4","5","5","5","2","2","2","","","","","","4","","","33","blue","no","55","52","52","52","52","man","White","","","","","","","","$60,001-$80,000","4yearColl","Independent","","","","Neither"
"XE676js","0","100","369","1","1","32","5","6","3","3","3","6","3","6","6","6","3","3","5","2","5","5","5","6","2","2","2","","","","","","3","","","47","Orange","","30","72","16","46","27","man","White","","","","","","","","$40,001-$60,000","4yearColl","Democrat","","Strong","",""
"QL722sk","0","100","224","1","1","0","5","4","2","1","2","4","1","5","4","6","2","1","5","1","1","1","7","1","1","1","1","","","","","","3","","","62","14285733","almost invisible text is not a good way to do an attention check","66","66","41","38","36","woman","White","","","","","","","","$20,001-$40,000","4yearColl","Independent","","","","Closer to Democratic"
"XQ301od","0","100","251","1","1","32","2","2","1","1","4","4","3","4","4","4","3","3","5","2","2","2","6","2","1","1","1","","","","","","4","","","47","turquoise","","75","75","68","89","21","woman","White","","","","","","","","$140,001-$160,000","4yearColl","Independent","","","","Closer to Democratic"
"RN170et","0","100","211","1","1","65","3","4","3","4","4","3","3","3","4","3","3","4","5","5","4","4","5","5","2","2","2","","","","","","3","","","45","blue","","65","75","60","75","60","man","White","","","","","","","","$60,001-$80,000","4yearColl","Independent","","","","Neither"
"SP484yf","0","100","335","1","1","11","6","6","2","6","2","6","2","6","6","6","2","2","5","2","2","2","6","2","1","1","1","","","","","","6","","","70","blue","none","85","84","50","41","43","woman","White","","","","","","","","$60,001-$80,000","MA","Republican","","","Strong",""
"BL052jo","0","100","168","1","1","61","1","3","3","5","5","2","5","2","2","3","5","5","5","6","6","5","4","5","1","2","1","","","","","","5","","","30","blue","","47","68","33","67","49","man","","","","Asian","","","","","$60,001-$80,000","4yearColl","Independent","","","","Closer to Republican"
"MT795fo","0","100","261","1","1","38","5","4","4","2","5","3","5","3","4","3","5","5","5","2","2","3","5","3","2","2","2","","","","","","4","","","46","purple","none","7","0","0","0","0","woman","White","","","","","","","","$60,001-$80,000","2yearColl","Democrat","","Strong","",""
"GE534cy","0","100","183","1","1","20","4","5","4","5","4","3","4","4","4","4","3","4","5","6","4","6","2","6","1","1","2","","","","","","6","","","52","Orange","","50","50","50","60","50","woman","White","","","","","","","","Over $200,000","4yearColl","Republican","","","Not very strong",""
"KE691dd","0","100","246","1","1","82","5","3","4","6","2","5","2","6","6","6","1","3","5","7","7","3","1","4","3","3","3","","","","","","5","","","32","Blue","none","40","72","13","88","60","woman","White","","","","","","","","$20,001-$40,000","GED","Independent","","","","Closer to Republican"
"WX680nt","0","100","311","1","1","5","5","4","1","1","5","4","5","3","3","3","4","6","5","4","4","2","6","4","1","2","1","","","","","","1","","","51","Purple","","28","85","25","57","8","woman","","","","","American Indian or Alaska Native","","","","$20,001-$40,000","GED","Democrat","","Strong","",""
"VI043tt","0","100","204","1","1","57","5","5","2","2","2","5","2","5","5","5","2","4","5","3","6","5","5","6","1","3","2","","","","","","2","","","48","Blue","","64","83","48","83","51","woman","White","","","","","","","","$100,001-$120,000","PHD","Democrat","","Strong","",""
"SC790od","0","100","338","1","1","25","6","6","2","7","2","7","2","6","6","6","2","2","5","2","2","2","6","3","1","1","1","","","","","","6","","","53","blue","","66","78","53","69","50","man","","","Black or African American","","","","","","$60,001-$80,000","MA","Republican","","","Strong",""
"KD515qi","0","100","158","1","1","51","2","4","6","5","1","5","2","5","5","5","4","1","5","5","2","3","5","2","2","1","2","","","","","","6","","","49","blue","Jesus died for our sins because He loves us.","52","54","52","52","55","woman","White","","","","","","","","$20,001-$40,000","4yearColl","Independent","","","","Neither"
"DP759xd","0","100","279","1","1","5","4","7","1","1","3","5","2","5","4","5","3","3","5","4","1","1","6","2","1","1","1","","","","","","2","","","48","Red","","71","90","45","50","40","woman","White","","","","","","","","$120,001-$140,000","4yearColl","Independent","","","","Closer to Democratic"
"HV531tr","0","100","283","1","1","26","2","3","6","7","3","6","3","6","5","6","3","2","5","3","2","2","6","2","1","1","1","","","","","","6","","","44","Blue","","60","81","48","72","57","man","White","","","","","","","","$160,001-$180,000","4yearColl","Republican","","","Not very strong",""
"LU569hs","0","100","201","1","1","17","6","5","6","6","3","7","3","6","6","6","2","4","5","2","1","3","6","3","1","1","1","","","","","","6","","","34","brown","N/A","100","89","80","71","59","woman","White","","","","","","","","$80,001-$100,000","PHD","Republican","","","Not very strong",""
"IW961et","0","100","524","1","1","69","5","6","1","2","3","5","2","5","5","6","2","3","5","5","4","4","6","4","1","1","1","","","","","","4","","","28","Blue","","65","86","58","73","64","man","White","","","","","","","","$40,001-$60,000","2yearColl","Independent","","","","Closer to Democratic"
"XC118re","0","100","185","1","1","60","4","1","1","1","2","4","1","4","4","1","2","1","5","5","7","5","5","6","1","2","2","","","","","","1","","","51","Purple","","70","95","32","64","7","woman","White","","","","","","","","$60,001-$80,000","4yearColl","Democrat","","Strong","",""
"PX675gt","0","100","259","1","1","15","3","6","7","5","1","6","1","6","6","5","1","1","5","1","1","1","6","1","1","1","1","","","","","","6","","","63","purple","n/a","54","89","71","62","43","woman","White","","","","","","","","$20,001-$40,000","MA","Republican","","","Strong",""
"IG896hy","0","100","379","1","1","59","1","5","5","5","5","5","2","5","5","5","3","2","5","5","4","5","4","5","2","2","2","","","","","","5","","","57","yellow","","73","78","29","86","13","woman","White","","","","","","","","$100,001-$120,000","PHD","Republican","","","Not very strong",""
"KA250qx","0","100","658","1","1","30","4","3","2","1","2","5","2","6","5","5","3","3","5","3","2","3","5","3","1","1","1","","","","","","2","","","39","Purple ","","66","71","41","62","43","woman","White","","","","","","","","$80,001-$100,000","GED","Democrat","","Strong","",""
"SY411nq","0","100","365","1","1","24","4","1","1","1","4","6","3","5","5","5","3","3","5","4","4","4","5","4","1","1","2","","","","","","2","","","47","Blue","","65","80","59","62","63","man","White","","","","","","","","$0-$20,000","GED","Democrat","","Strong","",""
"HR953hi","0","100","514","1","1","24","3","3","4","2","2","6","2","6","6","5","2","3","5","2","3","2","5","3","2","2","2","","","","","","5","","","36","Blue","","76","70","55","72","64","man","","","Black or African American","","","","","","$80,001-$100,000","4yearColl","Republican","","","Not very strong",""
"QF398tx","0","100","291","1","1","65","5","4","1","2","5","2","5","2","2","3","5","6","5","3","4","5","6","5","1","2","1","","","","","","2","","","56","purple","","70","85","15","40","12","woman","White","","","","","","","","$140,001-$160,000","4yearColl","Democrat","","Strong","",""
"KP715ij","0","100","125","1","1","27","4","6","5","5","4","5","4","5","5","4","5","4","5","4","5","3","4","5","1","2","2","","","","","","2","","","38","RED","","0","0","0","0","0","woman","White","","","","","","","","$20,001-$40,000","MA","Republican","","","Strong",""
"OC135rn","0","100","238","1","1","81","4","3","4","7","3","5","5","5","4","4","4","3","5","5","6","6","4","5","2","2","2","","","","","","7","","","29","orange","awesome job!","73","91","13","48","41","woman","White","","","","","","","","$40,001-$60,000","GED","Republican","","","Strong",""
"DC417me","0","100","389","1","1","7","4","5","2","1","3","4","2","5","3","4","3","4","5","1","1","2","7","3","2","1","1","","","","","","2","","","72","Peach","None at this time","82","86","72","70","64","woman","White","","","","","","","","$80,001-$100,000","MA","Democrat","","Strong","",""
"YQ897vi","0","100","290","1","1","62","5","3","4","5","2","5","3","5","6","5","3","4","5","6","4","5","3","5","1","1","2","","","","","","5","","","51","green","I have done 4 years college but no degree yet","46","50","53","63","42","woman","White","","","","","","","","$40,001-$60,000","GED","Independent","","","","Neither"
"XN412wk","0","100","278","1","1","100","6","1","1","1","6","1","6","1","1","3","6","6","5","3","6","5","4","7","2","2","2","","","","","","1","","","44","black","","30","85","15","20","18","man","White","","","","","","","","$0-$20,000","GED","Independent","","","","Closer to Democratic"
"IO848rz","0","100","279","1","1","70","5","3","1","1","5","3","5","3","3","3","5","5","5","5","5","5","4","5","2","2","2","","","","","","1","","","42","Black","","45","75","29","65","45","man","White","","","","","","","","$20,001-$40,000","GED","Independent","","","","Closer to Democratic"
"BM434wg","0","100","586","1","1","40","5","4","1","1","2","5","3","6","5","5","3","3","5","1","1","1","6","1","1","1","1","","","","","","1","","","24","Blue","","60","80","50","54","35","woman","","","Black or African American","","","","","","$100,001-$120,000","2yearColl","Democrat","","Strong","",""
"PU323fe","0","100","455","1","1","0","1","5","3","3","1","5","1","6","5","6","1","1","5","1","1","1","7","1","1","1","1","","","","","","2","","","82","blue","no comments","80","80","50","75","50","man","White","","","","","","","","$40,001-$60,000","MA","Democrat","","Strong","",""
"KI619ux","0","100","319","1","1","80","3","5","2","2","3","3","1","6","3","6","3","3","5","3","5","5","6","4","1","1","1","","","","","","2","","","36","turquoise","","35","90","25","75","30","man","White","","","","","","","","$0-$20,000","GED","Independent","","","","Closer to Democratic"
"IB763ti","0","100","229","1","1","80","4","6","2","1","4","4","4","4","4","4","4","4","5","6","6","6","3","6","3","3","3","","","","","","3","","","47","black","none","20","90","50","28","53","man","White","","","","","","","","$40,001-$60,000","4yearColl","Democrat","","Not very strong","",""
"LW778ko","0","100","185","1","1","82","3","2","4","7","2","5","2","5","5","5","2","2","5","5","5","5","6","3","3","3","3","","","","","","6","","","34","pink","","50","50","38","50","45","woman","White","","","Asian","","","","","$0-$20,000","GED","Independent","","","","Closer to Republican"
"WV056ml","0","100","219","1","1","30","4","6","7","1","4","6","4","6","5","7","2","3","5","5","4","3","5","3","1","2","2","","","","","","4","","","37","blue","","65","100","80","87","65","man","","","Black or African American","","","","","","$60,001-$80,000","2yearColl","Independent","","","","Neither"
"LF317fp","0","100","1028","1","1","69","3","2","3","2","2","7","2","7","7","7","3","2","5","7","6","7","2","7","1","1","1","","","","","","3","","","44","blue","","19","48","22","24","20","woman","White","","","","","","","","$0-$20,000","GED","Independent","","","","Closer to Democratic"
"JY194hc","0","100","322","1","1","20","2","2","7","5","2","6","1","6","6","6","1","2","5","2","2","2","6","2","1","1","1","","","","","","4","","","65","Red","","80","80","80","80","80","man","White","Hispanic, Latino, or Spanish origin","","","American Indian or Alaska Native","","","","$20,001-$40,000","4yearColl","Independent","","","","Neither"
"WH828ss","0","100","177","1","1","66","4","1","1","1","3","2","2","4","4","5","4","4","5","4","2","4","5","5","2","2","2","","","","","","1","","","41","green","","50","71","28","75","33","woman","White","","","","","","","","$60,001-$80,000","GED","Democrat","","Strong","",""
"EI256ow","0","100","336","1","1","25","2","6","6","6","3","5","3","5","5","5","3","3","5","5","3","4","5","4","1","2","1","","","","","","6","","","62","purple","All good","32","68","67","46","65","man","White","","","","","","","","$20,001-$40,000","GED","Independent","","","","Closer to Republican"
"QV787ly","0","100","212","1","1","20","5","5","5","7","6","6","6","6","5","6","5","6","5","1","2","2","7","2","1","1","1","","","","","","7","","","50","Blue","","89","83","26","40","35","man","White","","","","","","","","Over $200,000","MA","Republican","","","Strong",""
"YK940nv","0","100","257","1","1","30","3","3","2","1","1","5","2","5","5","5","1","3","5","1","1","1","7","1","1","1","1","","","","","","2","","","49","blue","","80","96","60","88","30","man","White","","","","American Indian or Alaska Native","","Native Hawaiian or Other Pacific Islander","","$20,001-$40,000","GED","Independent","","","","Closer to Democratic"
"HW396gv","0","100","88","1","1","79","5","6","4","5","3","5","5","6","4","4","4","3","5","3","4","3","4","2","2","1","2","","","","","","6","","","33","blue","","0","0","0","0","0","man","White","","","","","","","","$100,001-$120,000","MA","Republican","","","Not very strong",""
"MA942ly","0","100","567","1","1","60","2","4","5","2","5","5","5","6","5","5","3","5","5","5","5","5","5","6","2","2","2","","","","","","5","","","28","BLACK","","62","83","50","40","40","man","","","Black or African American","","","","","","$100,001-$120,000","4yearColl","Republican","","","Not very strong",""
"MZ598oe","0","100","281","1","1","30","6","5","1","1","2","3","2","2","3","4","5","5","5","7","6","7","1","6","3","1","3","","","","","","2","","","30","maroon","","10","61","20","40","22","man","","","Black or African American","","","","","","$40,001-$60,000","GED","Independent","","","","Closer to Democratic"
"DN851rk","0","100","157","1","1","80","4","5","2","2","3","5","3","5","5","5","3","2","5","6","6","6","2","6","3","3","3","","","","","","3","","","21","Purple/Indigo","","7","86","21","18","19","woman","White","","","","","","","","$20,001-$40,000","2yearColl","Independent","","","","Closer to Democratic"
"RZ845hh","0","100","282","1","1","20","3","3","3","3","2","6","2","6","6","6","2","2","5","1","3","2","7","2","1","1","1","","","","","","4","","","38","Blue","None","81","87","57","79","63","man","White","","","","","","","","$120,001-$140,000","4yearColl","Republican","","","Not very strong",""
"AE751gy","0","100","158","1","1","83","5","2","1","1","4","4","3","5","5","4","4","3","5","6","6","6","3","6","2","2","3","","","","","","1","nonbinary","","39","gray","","18","100","33","44","14",NA,"","","","Asian","","","","","$20,001-$40,000","2yearColl","Democrat","","Strong","",""
"IC939vy","0","100","343","1","1","20","6","3","4","7","1","7","1","7","7","7","1","1","5","3","2","5","6","5","2","2","2","","","","","","7","","","32","Black","","76","81","71","100","53","woman","White","","","","","","","","$20,001-$40,000","GED","Republican","","","Strong",""
"XE974gj","0","100","268","1","1","5","3","5","7","6","1","7","1","7","7","7","1","1","5","1","1","1","7","1","1","1","1","","","","","","5","","","36","Red","","83","85","60","90","75","man","White","","","","","","","","$60,001-$80,000","4yearColl","Republican","","","Not very strong",""
"NG337eq","0","100","402","1","1","30","3","4","4","4","3","6","3","5","5","6","2","2","5","5","5","3","6","5","1","1","2","","","","","","4","","","59","black","","73","95","76","80","70","man","White","","","","","","","","$100,001-$120,000","GED","Independent","","","","Neither"
"IB625xp","0","100","347","1","1","42","4","5","5","3","2","5","2","5","5","5","2","2","5","5","5","5","4","5","1","2","2","","","","","","4","","","50","aqua","","64","69","62","67","61","woman","White","","","","","","","","$60,001-$80,000","MA","Independent","","","","Neither"
"GX623kk","0","100","225","1","1","21","5","5","7","6","2","3","5","3","7","3","3","5","5","1","1","1","6","1","1","1","1","","","","","","6","","","47","pink","","30","30","20","29","18","woman","White","","","","","","","","$140,001-$160,000","GED","Republican","","","Strong",""
"RG700qd","0","100","162","1","1","98","5","4","1","2","6","2","6","2","2","2","6","6","5","4","2","5","3","5","1","1","1","","","","","","2","","","31","green","","8","88","18","42","21","man","White","","","","","","","","$60,001-$80,000","GED","Independent","","","","Closer to Democratic"
"UU937dq","0","100","252","1","1","77","7","4","2","1","5","1","5","3","3","1","5","2","5","6","6","7","2","6","3","3","3","","","","","","1","","","26","blue","","80","100","57","60","53","woman","White","Hispanic, Latino, or Spanish origin","","","","","","","$60,001-$80,000","2yearColl","Democrat","","Strong","",""
"EC307nv","0","100","326","1","1","62","4","4","2","1","3","2","2","5","2","3","3","3","5","3","5","3","6","3","2","2","2","","","","","","2","","","50","green","","49","62","40","50","42","man","White","","","","","","","","$20,001-$40,000","MA","Democrat","","Strong","",""
"MG898ft","0","100","183","1","1","71","4","7","4","3","5","5","2","5","5","5","5","5","5","5","5","5","4","5","2","2","2","","","","","","4","","","50","green","","61","62","61","62","62","woman","White","","","","","","","","$120,001-$140,000","2yearColl","Independent","","","","Closer to Democratic"
"PF606gy","0","100","373","1","1","22","1","1","7","7","5","5","4","3","3","4","5","3","5","3","3","3","5","4","2","2","2","","","","","","7","","","42","red","","70","65","39","96","50","man","White","","","","","","","","$20,001-$40,000","4yearColl","Republican","","","Strong",""
"DU156iu","0","100","562","1","1","22","7","6","3","6","5","7","5","6","5","5","7","6","5","1","2","2","6","1","1","1","1","","","","","","6","","","52","white","","75","80","79","77","75","woman","White","","","","","","","","$40,001-$60,000","4yearColl","Republican","","","Strong",""
"OU972mq","0","100","316","1","1","96","2","1","1","4","5","6","1","7","5","6","2","2","5","7","6","7","3","7","3","3","3","","","","","","3","","","64","purple","","32","40","50","77","25","woman","White","","","Asian","","","","","$0-$20,000","4yearColl","Independent","","","","Neither"
"ZM564jf","0","100","242","1","1","35","4","3","3","3","3","5","3","5","5","5","3","3","5","3","4","3","5","3","2","1","1","","","","","","4","","","44","blue","","70","75","40","60","30","man","","","","Asian","","","","","$140,001-$160,000","PHD","Independent","","","","Neither"
"DS442mh","0","100","274","1","1","66","6","3","3","5","3","5","3","5","4","4","2","4","5","3","3","2","6","2","1","1","2","","","","","","6","","","45","blue","","44","60","37","50","39","man","","","","Asian","","","","","$40,001-$60,000","GED","Democrat","","Strong","",""
"II576bg","0","100","346","1","1","10","4","5","2","6","2","6","2","7","6","7","1","2","5","2","2","2","7","2","2","2","3","","","","","","6","","","34","Black","No","86","95","40","71","56","woman","White","","","","","","","","$120,001-$140,000","GED","Democrat","","Strong","",""
"HL723rr","0","100","316","1","1","70","4","3","5","6","3","6","1","5","5","6","2","2","5","4","3","2","5","3","3","2","3","","","","","","6","","","44","blue","Great srurvey!","45","80","30","65","40","man","","","","Asian","","","","","$80,001-$100,000","GED","Republican","","","Not very strong",""
"SJ099fl","0","100","194","1","1","73","4","5","3","6","3","2","3","2","2","2","6","6","5","5","5","5","5","6","2","3","3","","","","","","5","","","24","Blue","","40","85","73","93","83","woman","White","","","","","Middle Eastern or North African","","","$40,001-$60,000","4yearColl","Republican","","","Not very strong",""
"ZD283zb","0","100","431","1","1","30","3","4","2","1","5","3","5","3","3","3","5","5","5","3","3","3","5","3","2","2","2","","","","","","2","","","36","blue","N/A","60","90","30","45","20","woman","White","","","","","","","","$80,001-$100,000","4yearColl","Independent","","","","Closer to Democratic"
"LY697zk","0","100","484","1","1","10","4","5","4","4","2","5","1","5","5","6","2","2","5","2","2","2","6","2","1","1","1","","","","","","4","","","57","Blue","","70","81","60","77","43","woman","","","Black or African American","","","","","","$140,001-$160,000","PHD","Independent","","","","Neither"
"UX054oo","0","100","257","1","1","0","5","5","1","1","5","2","5","2","2","3","5","5","5","1","1","2","6","2","1","1","1","","","","","","2","","","74","Green","","93","93","63","92","79","woman","White","","","","","","","","$120,001-$140,000","MA","Democrat","","Strong","",""
"OM059fd","0","100","314","1","1","60","2","5","3","2","5","3","5","3","3","3","5","5","5","5","5","5","3","5","1","2","2","","","","","","4","","","60","green","none thank you","11","85","62","75","24","woman","White","","","","","","","","$20,001-$40,000","GED","Independent","","","","Neither"
"VK660ri","0","100","415","1","1","30","4","1","1","1","2","5","1","6","6","6","2","2","5","5","5","5","4","6","3","3","2","","","","","","1","","","28","green","","45","100","25","70","50","man","","Hispanic, Latino, or Spanish origin","","","","","","","$40,001-$60,000","4yearColl","Democrat","","Strong","",""
"XT742gd","0","100","222","1","1","72","6","6","2","5","4","3","5","3","3","5","4","5","5","5","3","4","5","5","1","2","2","","","","","","4","","","60","green","none","55","80","60","70","60","man","White","","","","","","","","$20,001-$40,000","4yearColl","Democrat","","Strong","",""
"WZ785at","0","100","639","1","1","10","5","5","2","3","5","3","3","3","2","3","5","5","5","3","2","2","5","3","2","1","1","","","","","","4","","","53","Blue","Nothing comes to mind.","23","65","18","33","28","man","White","","","","","","","","$20,001-$40,000","GED","Independent","","","","Closer to Democratic"
"GV031mg","0","100","798","1","1","50","4","4","5","1","2","6","2","6","6","6","2","2","5","1","1","1","7","1","1","1","1","","","","","","6","","","24","Black","None","38","100","23","22","44","man","White","","","","","","","","$20,001-$40,000","2yearColl","Republican","","","Strong",""
"EA967dj","0","100","1000","1","1","60","2","5","1","2","2","3","3","5","3","5","2","3","5","2","2","3","6","2","1","1","1","","","","","","2","","","48","turquoise","","21","69","22","7","10","woman","","","Black or African American","","","","","","$80,001-$100,000","4yearColl","Democrat","","Strong","",""
"TB187qx","0","100","304","1","1","50","4","3","1","1","5","4","5","4","4","4","4","5","5","5","2","5","6","5","1","1","1","","","","","","2","","","48","Green","","80","80","30","75","50","woman","White","","","","","","","","Over $200,000","MA","Democrat","","Strong","",""
"EA666up","0","100","339","1","1","85","5","3","3","4","2","5","3","6","5","7","2","2","5","7","5","7","6","7","3","3","3","","","","","","5","","","50","Black","","16","84","62","76","50","woman","White","","","","","","","","$0-$20,000","GED","Republican","","","Not very strong",""
"QY045va","0","100","285","1","1","75","5","4","1","1","3","3","2","6","2","4","3","3","5","5","5","6","5","6","2","2","2","","","","","","2","","","31","Pink","Currently I am lower on that scale in terms of ranking due to being unemployed, in debt, a woman, etc. Some of this may change ","25","90","30","70","55","woman","White","","","","","","","","$0-$20,000","4yearColl","Independent","","","","Closer to Democratic"
"HX047wx","0","100","510","1","1","60","4","5","3","2","2","5","2","6","6","6","2","2","5","4","4","3","5","3","2","2","2","","","","","","3","","","36","Red","","50","60","40","50","40","man","White","","","","","","","","$40,001-$60,000","GED","Democrat","","Not very strong","",""
"PO034cs","0","100","419","1","1","17","2","3","4","7","3","6","3","6","6","6","3","3","5","2","2","2","6","2","1","1","1","","","","","","6","","Mixed race","54","Blue","None","69","82","18","55","63","man","","","","","","","","Other (please specify)","$80,001-$100,000","4yearColl","Republican","","","Strong",""
"GN455nv","0","100","259","1","1","76","2","6","6","6","2","6","2","6","6","6","2","2","5","6","6","2","6","6","1","1","1","","","","","","5","","","61","Blue","","11","48","42","3","56","woman","White","","","","","","","","$140,001-$160,000","GED","Republican","","","Not very strong",""
"KW241wc","0","100","158","1","1","36","5","6","3","5","6","7","6","6","5","5","6","3","5","3","3","2","6","4","2","1","1","","","","","","5","","","46","yellow","none","79","82","70","90","67","man","White","","","","","","","","$140,001-$160,000","MA","Independent","","","","Closer to Republican"
"UT908ak","0","100","735","1","1","13","4","5","5","5","3","6","2","6","6","6","3","3","5","1","1","1","7","1","1","1","1","","","","","","4","","","36","Red","","55","58","45","49","40","man","White","","","","","","","","$60,001-$80,000","GED","Independent","","","","Neither"
"ZX608ki","0","100","313","1","1","50","4","6","2","1","4","4","4","4","4","4","4","4","5","1","2","1","6","1","1","1","1","","","","","","2","","","36","blue","","50","55","30","45","36","man","White","","","","","","","","$100,001-$120,000","4yearColl","Democrat","","Strong","",""
"MA532em","0","100","192","1","1","73","5","2","6","7","3","1","1","5","6","5","2","1","5","5","5","3","4","4","2","2","2","","","","","","7","","","50","purple","","29","47","47","54","44","woman","White","","","","","","","","$180,001-$200,000","GED","Republican","","","Strong",""
"WR986dv","0","100","293","1","1","2","5","6","3","5","1","6","2","6","6","6","1","1","5","1","1","1","7","1","1","1","1","","","","","","5","","","56","purple","","80","85","42","51","44","woman","White","","","","","","","","$180,001-$200,000","MA","Republican","","","Not very strong",""
"LV409hh","0","100","169","1","1","39","4","1","2","1","1","6","1","6","6","6","1","1","5","1","1","1","5","2","1","1","1","","","","","","1","","","41","purple","","51","44","30","40","30","man","White","","","","","","","","$140,001-$160,000","GED","Democrat","","Strong","",""
"SA179eh","0","100","422","1","1","22","3","4","4","3","4","5","5","5","5","5","5","3","5","2","2","2","5","3","1","1","1","","","","","","2","","","43","Black","","80","80","40","66","48","woman","White","","","","","","","","$60,001-$80,000","MA","Republican","","","Strong",""
"UC840xa","0","100","231","1","1","75","4","1","4","7","6","2","6","2","2","2","6","6","5","1","1","1","6","1","1","1","1","","","","","","6","","","53","Blue","","58","85","39","64","17","woman","White","","","","","","","","$60,001-$80,000","MA","Republican","","","Not very strong",""
"EG715kh","0","100","313","1","1","0","7","7","1","1","3","5","3","5","5","5","3","2","5","2","2","2","7","2","1","1","1","","","","","","1","","","39","blue","nice study","93","84","73","69","71","man","White","","","","","","","","$160,001-$180,000","MA","Democrat","","Strong","",""
"AI842ie","0","100","318","1","1","20","5","6","5","3","2","6","2","6","6","6","2","2","5","2","2","2","6","3","1","1","1","","","","","","3","","","34","black","","65","70","45","75","50","woman","White","","","","","","","","$140,001-$160,000","4yearColl","Republican","","","Not very strong",""
"IV321zk","0","100","512","1","1","0","1","5","3","4","3","6","2","5","6","6","3","3","5","2","2","2","6","2","1","1","1","","","","","","4","","","61","blue","","76","80","52","70","55","man","White","","","","","","","","$140,001-$160,000","MA","Independent","","","","Closer to Democratic"
"LA208jf","0","100","791","1","1","5","7","7","1","7","2","7","2","6","6","6","2","2","5","1","1","2","6","2","1","1","1","","","","","","6","","","34","black","All went well","77","77","30","44","40","man","White","","","","","","","","$60,001-$80,000","4yearColl","Republican","","","Not very strong",""
"RS666ba","0","100","196","1","1","80","5","2","1","1","3","5","3","3","5","5","3","3","5","7","7","6","5","6","3","3","3","","","","","","4","","","30","blue","","60","90","30","60","20","man","","","","Asian","","","","","$40,001-$60,000","GED","No preference","","","","Neither"
"ZR942mh","0","100","236","1","1","70","2","2","7","7","2","6","2","6","6","6","2","2","5","3","3","2","6","2","2","2","2","","","","","","7","","","54","black","","80","70","60","90","50","woman","White","","","","","","","","$100,001-$120,000","4yearColl","Republican","","","Strong",""
"DA143if","0","100","122","1","1","91","4","1","2","2","5","5","4","3","4","4","5","5","5","6","6","6","2","6","3","3","3","","","","","","4","","","34","black","","19","49","29","63","32","man","White","","","","","","","","Prefer not to answer",NA,"Independent","","","","Neither"
"FP945on","0","100","208","1","1","8","4","6","7","6","2","6","2","6","7","4","1","2","5","2","2","2","6","2","1","1","1","","","","","","5","","","68","green","","31","31","20","26","19","woman","White","","","","","","","","$40,001-$60,000","MA","Republican","","","Not very strong",""
"TA190lb","0","100","686","1","1","19","7","6","6","6","5","5","7","6","7","7","1","6","5","6","7","7","6","6","2","2","3","","","","","","7","","","31","purple","","0","0","0","0","0","man","White","","","","","","","","$80,001-$100,000","4yearColl","Republican","","","Strong",""
"VL057li","0","100","236","1","1","70","4","2","1","1","3","3","2","3","3","3","5","5","5","6","5","5","5","6","1","2","2","","","","","","1","","","38","Pink","","81","90","50","70","50","woman","White","","","","","","","","$120,001-$140,000","4yearColl","Other party","DSA","","","Closer to Democratic"
"UA319iq","0","100","554","1","1","76","4","1","1","1","4","4","4","4","4","4","4","4","5","4","6","6","4","6","3","3","3","","","","","","4","","","43","Emerald Green","why did you want to know about my favourite colour?

:-)


the successes of a few, should not be interpreted as the standing of the many

also: didn't chris rock tell you, that a poor white person wouldn't want to trade places with him?
and he's *rich*?


as far as your queries regarding Social Status: there just was something about the way those queries were worded, which rubbed me the wrong way

so, no: no, i could not give ""straight"" answers to any of them
in their current form","15","100","20","85","20","man","","","Black or African American","","","","","","$60,001-$80,000","2yearColl","Independent","","","","Neither"
"AT872ub","0","100","233","1","1","68","7","6","5","4","3","3","2","5","5","5","6","3","5","2","2","2","6","2","1","2","2","","","","","","4","","","60","purple","","77","71","76","69","71","woman","White","","","","","","","","$40,001-$60,000","2yearColl","Independent","","","","Closer to Republican"
"JN934hy","0","100","250","1","1","16","5","7","7","2","2","6","5","6","6","6","2","1","5","2","2","5","6","4","1","1","2","","","","","","4","","","72","Blue","","0","0","0","0","0","woman","White","","","","","","","","$100,001-$120,000","2yearColl","Independent","","","","Closer to Democratic"
"TH785rj","0","100","555","1","1","10","6","6","6","6","5","5","5","5","5","5","4","6","5","2","2","2","2","2","1","1","2","","","","","","6","","","35","white","Thank you","81","83","41","49","43","man","White","","","","","","","","$100,001-$120,000","MA","Republican","","","Not very strong",""
"TF688yw","0","100","223","1","1","97","2","5","5","4","4","3","4","3","3","3","4","5","5","6","7","6","3","5","3","3","3","","","","","","4","","","47","black","","27","55","23","70","30","man","White","Hispanic, Latino, or Spanish origin","","","","","","","$40,001-$60,000","GED","Independent","","","","Neither"
"ZK323li","0","100","307","1","1","6","6","3","3","7","2","7","2","7","5","5","6","3","5","2","1","2","6","2","1","1","1","","","","","","6","","","30","WHITE","","74","78","29","15","23","woman","White","","","","","","","","$180,001-$200,000","4yearColl","Republican","","","Strong",""
"HS315hf","0","100","262","1","1","40","3","7","7","6","3","5","3","5","5","4","3","3","5","2","2","2","6","2","2","2","2","","","","","","5","","","58","Pink","","50","80","40","90","51","woman","White","","","","","","","","$180,001-$200,000","4yearColl","Republican","","","Not very strong",""
"RG331dx","0","100","270","1","1","56","4","4","4","4","4","4","4","4","4","4","4","4","5","4","4","4","4","4","2","2","2","","","","","","7","","","41","blue","","59","58","60","57","57","man","White","","","","","","","","$40,001-$60,000","MA","Republican","","","Strong",""
"JK017kz","0","100","347","1","1","60","3","6","3","3","6","2","6","2","2","2","6","6","5","3","3","3","5","5","1","2","1","","","","","","4","","","48","green","No comments","36","43","21","51","27","man","White","","","","","","","","$100,001-$120,000","GED","Independent","","","","Neither"
"DZ564ce","0","100","225","1","1","15","5","6","5","5","2","5","2","6","6","6","2","2","5","2","2","2","6","2","2","1","1","","","","","","5","","","42","Blue","No comments. Thank you.","59","84","34","44","22","man","White","","","","","","Native Hawaiian or Other Pacific Islander","","$140,001-$160,000","GED","Republican","","","Not very strong",""
"WF047ll","0","100","383","1","1","40","4","5","4","5","3","4","3","5","5","5","3","3","5","3","3","3","5","3","1","2","2","","","","","","6","","","34","blue","None","50","90","69","81","61","man","","","Black or African American","","","","","","$140,001-$160,000","PHD","Republican","","","Strong",""
"LE177ax","0","100","813","1","1","19","4","5","7","7","2","6","2","6","6","6","2","2","5","2","2","2","6","2","1","2","2","","","","","","7","","","43","blue","none","58","90","11","64","24","man","White","","","","","","","","$80,001-$100,000","PHD","Republican","","","Strong",""
"DN278ut","0","100","327","1","1","64","4","4","2","3","4","4","5","5","5","5","4","4","5","5","3","4","5","5","1","2","3","","","","","","2","","","37","pink","","56","28","36","15","44","woman","White","","","","","","","","$120,001-$140,000","4yearColl","Democrat","","Not very strong","",""
"BT384cs","0","100","221","1","1","35","5","5","4","5","3","6","6","5","5","5","5","4","5","4","3","3","6","4","2","2","2","","","","","","5","","","42","blue",NA,"43","75","48","59","65","man","","","Black or African American","","","","","","$40,001-$60,000","GED","Republican","","","Not very strong",""
"RO830vj","0","100","176","1","1","44","5","4","6","7","2","6","2","6","6","5","2","2","5","2","3","2","5","2","2","1","1","","","","","","7","","","34","green","n/a","55","59","59","59","49","man","","","Black or African American","","","","","","$40,001-$60,000","4yearColl","Republican","","","Strong",""
"UC001bf","0","100","378","1","1","28","4","1","1","1","1","5","1","5","7","7","1","3","5","1","1","1","6","5","1","1","1","","","","","","4","","","69","Purple","Thank you","100","100","94","82","83","woman","White","","","","","","","","$80,001-$100,000","2yearColl","Democrat","","Strong","",""
"DB795ww","0","100","134","1","1","35","5","2","2","2","4","4","3","5","4","5","4","3","5","2","3","3","5","2","2","2","2","","","","","","2","","","42","blue","","59","55","43","48","39","woman","White","","","","","","","","$140,001-$160,000","MA","Democrat","","Strong","",""
"UO786sw","0","100","465","1","1","8","4","4","4","7","2","5","4","5","5","5","3","2","5","1","2","2","7","2","1","1","1","","","","","","7","","","35","White","","77","75","19","26","40","man","White","","","","","","","","$100,001-$120,000","2yearColl","Republican","","","Strong",""
"IY417vb","0","100","539","1","1","60","3","2","2","1","5","1","5","2","1","2","5","6","5","6","5","5","5","6","1","2","2","","","","","","1","","","52","blue","","62","91","45","69","48","woman","White","","","","","","","","$60,001-$80,000","4yearColl","Democrat","","Strong","",""
"UZ056vk","0","100","221","1","1","85","3","1","1","1","5","1","5","1","1","1","6","7","5","6","6","6","3","7","2","3","3","","","","","","1","","","63","blue","","60","70","50","50","55","woman","White","","","","","","","","$80,001-$100,000","GED","Democrat","","Strong","",""
"NX554hy","0","100","328","1","1","67","4","5","3","2","3","5","3","5","5","4","3","2","5","6","5","5","5","5","1","2","2","","","","","","5","","","45","Blue","","0","0","0","0","0","woman","White","","","","","","","","$60,001-$80,000","GED","Republican","","","Not very strong",""
"WV342hd","0","100","367","1","1","29","4","3","3","4","2","4","2","4","4","4","2","2","5","1","1","1","1","1","1","1","1","","","","","","5","","","39","blue","","71","71","40","54","54","woman","White","","","","","","","","$40,001-$60,000","4yearColl","Republican","","","Not very strong",""
"VK414ld","0","100","623","1","1","60","7","7","3","5","1","7","1","7","7","7","1","1","5","1","1","1","5","1","2","2","2","","","","","","6","","","40","blue","","8","97","9","54","6","woman","","","Black or African American","","","","","","$20,001-$40,000","GED","Republican","","","Not very strong",""
"HD102fs","0","100","252","1","1","50","4","4","3","2","3","6","2","5","6","5","2","2","5","5","5","5","3","5","1","1","2","","","","","","4","","","45","Blue","","76","75","31","61","34","woman","White","","","","","","","","$140,001-$160,000","4yearColl","Independent","","","","Closer to Democratic"
"VE725rv","0","100","206","1","1","65","6","6","4","5","2","6","5","6","7","6","2","2","5","5","3","5","6","6","2","2","1","","","","","","5","","","50","blue","","50","0","35","15","65","woman","","Hispanic, Latino, or Spanish origin","","","","","","","$60,001-$80,000","2yearColl","Republican","","","Not very strong",""
"ZY883lp","0","100","320","1","1","10","6","2","1","2","4","5","4","5","5","5","2","2","5","1","1","1","7","1","1","1","1","","","","","","7","","","33","Blue","","65","75","40","70","45","man","White","","","","","","","","$140,001-$160,000","MA","Republican","","","Strong",""
"QV093yf","0","100","506","1","1","40","4","4","7","7","2","5","2","6","6","6","2","2","5","2","5","2","6","5","2","1","2","","","","","","7","","","67","blue","no other comments","15","70","65","40","25","woman","White","","","","","","","","$0-$20,000","MA","Republican","","","Strong",""
"XU449kq","0","100","220","1","1","10","3","3","4","7","3","6","2","6","6","6","2","2","5","2","1","2","6","1","1","1","1","","","","","","7","","","39","Red","Great study enjoyed taking it everything went perfect. :)","80","80","69","70","60","man","White","","","","","","","","$60,001-$80,000","GED","Republican","","","Strong",""
"NL138qp","0","100","711","1","1","19","5","3","2","2","3","5","3","3","5","5","3","3","5","2","2","2","6","2","2","2","2","","","","","","2","","","48","Blue","","59","71","49","56","52","man","White","","","","","","","","$140,001-$160,000","MA","Democrat","","Not very strong","",""
"JA431tg","0","100","135","1","1","54","2","4","7","6","1","5","2","5","5","5","2","2","5","3","3","3","6","5","1","1","1","","","","","","6","","","42","green","","80","67","63","68","64","man","White","","","","","","","","$120,001-$140,000","MA","Republican","","","Strong",""
"KZ282up","0","100","281","1","1","10","5","6","5","6","1","6","2","6","6","6","2","2","5","5","3","5","5","3","2","1","2","","","","","","5","","","48","Red","","70","83","64","80","61","woman","White","Hispanic, Latino, or Spanish origin","","","","","","","$60,001-$80,000","2yearColl","Republican","","","Not very strong",""
"LC334zj","0","100","328","1","1","0","1","2","1","1","3","5","3","4","4","5","3","3","5","1","1","1","6","2","2","1","1","","","","","","4","","","52","blue","","80","80","70","75","72","man","White","","","","","","","","$80,001-$100,000","2yearColl","Independent","","","","Neither"
"ZQ669zs","0","100","439","1","1","41","2","3","3","2","3","3","3","5","3","4","3","3","5","4","2","5","5","5","2","2","2","","","","","","2","","","41","blue","","59","90","38","67","17","woman","White","Hispanic, Latino, or Spanish origin","","","","","","","$120,001-$140,000","4yearColl","Democrat","","Strong","",""
"LZ691md","0","100","270","1","1","20","1","6","3","2","6","6","6","5","5","5","2","6","5","2","2","1","7","3","1","1","1","","","","","","2","","","25","Pink","","80","95","65","74","70","woman","White","","","","","","","","Over $200,000","4yearColl","Democrat","","Strong","",""
"DS775ki","0","100","654","1","1","71","5","2","6","5","2","6","2","6","6","6","3","3","5","1","3","1","6","2","1","1","1","","","","","","4","","","33","Black","No comments","69","100","29","49","61","man","White","","","","","","","","$80,001-$100,000","2yearColl","Independent","","","","Closer to Democratic"
"LF460xh","0","100","297","1","1","77","4","2","1","1","5","2","5","2","2","2","5","5","5","5","5","5","3","5","2","2","2","","","","","","1","","","45","Blue","","77","83","37","89","32","man","White","","","","","","","","$100,001-$120,000","MA","Democrat","","Not very strong","",""
"QT781wj","0","100","201","1","1","46","6","6","5","5","4","6","5","7","5","7","6","5","5","3","4","3","5","6","2","3","2","","","","","","4","","","53","Blue","","93","98","74","90","80","man","White","","","","","","","","$20,001-$40,000","4yearColl","Independent","","","","Closer to Republican"
"BD864vg","0","100","243","1","1","6","3","4","3","4","3","5","3","5","5","5","3","3","5","1","2","1","6","2","1","1","1","","","","","","3","","","74","green","","67","68","16","40","25","woman","White","","","","","","","","$140,001-$160,000","4yearColl","Democrat","","Not very strong","",""
"VQ450lt","0","100","161","1","1","34","4","3","3","5","3","4","3","5","5","5","4","3","5","3","3","3","5","5","1","2","2","","","","","","5","","","36","green","","59","89","28","76","44","man","","","","Asian","","","","","$100,001-$120,000","4yearColl","Republican","","","Not very strong",""
"QQ836mt","0","100","332","1","1","19","5","4","7","7","1","7","1","7","7","7","1","1","5","1","1","1","7","1","1","1","1","","","","","","7","","","42","blue","","61","80","21","41","27","man","White","","","","","","","","$120,001-$140,000","2yearColl","Republican","","","Strong",""
"GI082xj","0","100","331","1","1","58","5","6","3","3","5","3","5","3","3","3","5","5","5","5","6","6","5","6","2","2","2","","","","","","2","","","31","Red","","37","93","43","97","29","woman","White","","","","","","","","$20,001-$40,000","GED","Independent","","","","Closer to Democratic"
"DJ176uk","0","100","364","1","1","61","3","1","1","1","3","6","2","6","5","6","2","2","5","6","7","5","4","6","2","2","3","","","","","","3","","","41","Green","","72","86","50","92","41","woman","White","","","","","","","","Over $200,000","2yearColl","Independent","","","","Closer to Democratic"
"IZ800th","0","100","294","1","1","75","4","1","7","7","6","5","5","6","5","6","4","5","5","6","1","5","3","1","1","1","1","","","","","","7","","","34","purple","","21","27","85","40","76","woman","White","","","","","","","","$40,001-$60,000","4yearColl","Republican","","","Strong",""
"PI246ip","0","100","214","1","1","33","4","5","6","6","3","5","3","5","3","5","3","3","5","2","2","2","6","3","1","1","1","","","","","","6","","","53","blue","","79","62","54","57","41","woman","White","","","","","","","","Over $200,000","MA","Republican","","","Not very strong",""
"TW372rq","0","100","316","1","1","13","6","6","2","7","3","6","4","4","4","4","3","3","5","1","2","1","5","2","1","2","2","","","","","","7","","","36","Blue","","92","93","71","63","56","man","White","","","","","","","","$180,001-$200,000","MA","Republican","","","Strong",""
"GD146us","0","100","389","1","1","67","3","5","3","2","5","3","5","3","3","3","6","6","5","6","6","6","4","6","3","3","3","","","","","","3","","","57","Blue","","49","98","27","73","58","man","","Hispanic, Latino, or Spanish origin","","","","","","","$80,001-$100,000","4yearColl","Democrat","","Not very strong","",""
"YS998wn","0","100","397","1","1","15","5","5","7","7","1","7","1","7","7","7","1","1","5","1","1","1","7","1","1","1","1","","","","","","6","","","39","Blue","n/a","73","62","61","62","60","man","White","","","","","","","","$80,001-$100,000","4yearColl","Republican","","","Not very strong",""
"HX789cj","0","100","603","1","1","59","5","3","4","3","5","5","5","6","5","4","5","5","5","6","6","5","5","6","2","3","2","","","","","","2","","","39","blue","","0","0","0","0","0","woman","","","Black or African American","","","","","","$160,001-$180,000","4yearColl","Democrat","","Not very strong","",""
"OW541lm","0","100","481","1","1","61","6","7","6","6","3","6","6","3","6","6","6","6","5","3","3","3","6","6","1","2","2","","","","","","6","","","45","blue","no comments","3","90","4","2","4","woman","","","Black or African American","","","","","","$40,001-$60,000","4yearColl","Republican","","","Strong",""
"JP202ps","0","100","149","1","1","0","2","6","7","7","1","7","7","7","7","7","4","7","5","1","1","1","7","1","1","1","1","","","","","","7","","","39","Red","","88","88","82","96","82","woman","White","","","","","","","","$120,001-$140,000","MA","Republican","","","Strong",""
"CM737qj","0","100","659","1","1","0","4","6","3","2","3","3","3","4","5","5","3","3","5","1","1","1","7","1","1","1","1","","","","","","1","","","66","blue","","85","65","25","57","32","man","White","","","","","","","","Over $200,000","4yearColl","Democrat","","Strong","",""
"BH226xx","0","100","252","1","1","20","4","3","2","1","4","2","4","2","3","3","5","5","5","5","5","2","6","4","2","1","2","","","","","","2","","","58","green","nope","60","80","23","70","40","man","White","","","","","","","","$60,001-$80,000","4yearColl","Independent","","","","Closer to Democratic"
"VU832qs","0","100","601","1","1","18","5","6","5","6","4","5","5","5","6","5","6","5","5","2","2","2","6","2","1","1","1","","","","","","6","","","51","Blue","","97","80","60","66","63","man","White","","","","","","","","$160,001-$180,000","MA","Republican","","","Strong",""
"DJ556fk","0","100","223","1","1","0","3","4","3","4","3","5","3","6","5","5","3","3","5","1","1","1","7","1","1","1","1","","","","","","4","","","66","blue","thank you","81","85","58","70","64","woman","White","","","","","","","","$60,001-$80,000","2yearColl","Republican","","","Not very strong",""
"PQ651lo","0","100","393","1","1","78","5","5","1","1","3","6","3","5","5","5","3","3","5","7","6","5","3","7","3","2","3","","","","","","2","","","35","Blue","","23","65","52","71","59","woman","White","","","","","","","","$20,001-$40,000","GED","Independent","","","","Closer to Democratic"
"WG808hz","0","100","375","1","1","89","2","4","1","1","2","4","3","4","4","4","4","4","5","2","4","2","6","2","1","1","1","","","","","","1","","","68","none","","20","99","36","71","55","woman","","","Black or African American","","","","","","$20,001-$40,000","GED","Democrat","","Strong","",""
"WP563bz","0","100","546","1","1","77","4","1","7","7","1","7","1","7","7","7","1","1","5","1","1","1","6","2","1","1","1","","","","","","6","","","19","Blue","","59","89","20","75","29","woman","White","","","","","","","","$40,001-$60,000","GED","Republican","","","Strong",""
"GB069aq","0","100","409","1","1","70","3","3","2","6","3","5","2","6","5","5","3","3","5","5","3","5","5","6","1","1","2","","","","","","5","","","38","Red","","10","40","20","20","10","man","White","","","","","","","","$60,001-$80,000","GED","Independent","","","","Closer to Republican"
"ZQ854pa","0","100","1548","1","1","0","5","5","4","1","2","6","3","6","6","6","3","3","5","3","2","2","6","2","2","1","2","","","","","","2","","","60","blue","na","85","90","35","80","20","woman","","","Black or African American","","","","","","$40,001-$60,000","4yearColl","Democrat","","Strong","",""
"HD851zy","0","100","227","1","1","80","4","2","1","1","4","2","3","3","3","3","5","5","5","5","5","5","4","6","2","2","2","","","","","","1","","","32","purple","","31","50","19","24","15","man","White","","","","","","","","$40,001-$60,000","MA","Independent","","","","Closer to Democratic"
"WH439fx","0","100","265","1","1","52","5","4","4","1","5","4","2","4","3","4","5","4","5","5","5","5","3","5","2","2","2","","","","","","4","","mixed race","48","red","","40","80","60","65","50","woman","","","","","","","","Other (please specify)","$20,001-$40,000","4yearColl","Independent","","","","Neither"
"ID175gc","0","100","243","1","1","81","4","5","2","1","3","5","5","5","4","5","3","5","5","7","7","6","3","7","3","3","3","","","","","","3","","","54","Purple","","30","85","42","36","24","woman","White","","","","","","","","$20,001-$40,000","2yearColl","Independent","","","","Neither"
"FY263jm","0","100","489","1","1","73","5","6","5","4","5","5","3","4","4","5","5","6","5","5","3","5","4","4","2","1","2","","","","","","7","","","47","Red","","56","22","35","11","62","woman","White","Hispanic, Latino, or Spanish origin","","","","","","","$40,001-$60,000","MA","Republican","","","Strong",""
"DM315jc","0","100","442","1","1","41","4","5","5","4","2","6","2","6","7","6","2","2","5","5","3","3","4","2","3","2","2","","","","","","7","","","48","green","","60","83","57","74","52","woman","","","Black or African American","","","","","","$20,001-$40,000","PHD","Republican","","","Strong",""
"HX573uz","0","100","231","1","1","80","4","3","4","7","5","3","4","3","3","3","6","6","5","5","5","4","4","5","3","3","2","","","","","","6","","","48","yellow","","20","90","70","80","50","woman","","Hispanic, Latino, or Spanish origin","","","","","","","$0-$20,000","4yearColl","Republican","","","Not very strong",""
"NA078qv","0","100","723","1","1","62","2","2","2","7","3","5","3","5","5","5","3","3","5","2","1","2","5","3","1","1","1","","","","","","6","","","37","blue","","50","50","50","50","50","woman","White","","","","","","","","$0-$20,000","2yearColl","Republican","","","Strong",""
"VZ839hc","0","100","184","1","1","50","5","6","5","5","4","4","5","4","4","5","4","3","5","2","2","3","6","3","1","2","2","","","","","","6","","","46","Blue","","43","52","27","29","34","woman","White","","","","","","","","$40,001-$60,000","GED","Republican","","","Strong",""
"VS960vl","0","100","588","1","1","34","1","4","1","2","5","2","5","3","3","3","5","5","5","2","1","1","6","3","1","1","1","","","","","","3","","","54","Blue","None","24","95","53","48","48","man","White","","","","","","","","$0-$20,000","GED","Independent","","","","Closer to Democratic"
"KQ774ds","0","100","281","1","1","0","5","6","5","2","6","6","6","6","6","5","6","5","5","1","1","1","7","1","1","1","1","","","","","","6","","","51","green","","81","82","82","72","76","man","White","","","","","","","","$180,001-$200,000","MA","Republican","","","Strong",""
"OO769bo","0","100","747","1","1","13","4","5","5","7","1","6","2","6","5","5","2","2","5","2","2","2","5","2","1","1","1","","","","","","7","","","50","Green","","83","68","18","38","83","man","","Hispanic, Latino, or Spanish origin","","","","","","","$100,001-$120,000","4yearColl","Republican","","","Strong",""
"IC081gk","0","100","537","1","1","55","6","2","1","1","5","3","5","3","5","5","4","7","5","2","2","2","6","4","1","1","1","","","","","","1","","","30","Pink","","52","91","38","70","16","woman","","","Black or African American","","","","","","$80,001-$100,000","4yearColl","Democrat","","Strong","",""
"ZL344kk","0","100","556","1","1","23","6","7","3","5","2","5","2","5","5","5","5","3","5","3","2","2","5","3","1","1","1","","","","","","6","","","41","black","n/a","63","75","58","32","22","woman","White","","","","","","","","$140,001-$160,000","PHD","Republican","","","Strong",""
"SI014dy","0","100","244","1","1","85","1","3","3","1","5","3","5","3","4","5","4","4","5","6","6","6","3","6","3","3","3","","","","","","2","","","35","Purple","","16","71","26","58","40","woman","","","Black or African American","","","","","","$0-$20,000","4yearColl","Independent","","","","Closer to Democratic"
"QY419tz","0","100","304","1","1","89","4","3","1","1","5","2","5","3","3","3","5","5","5","7","7","7","2","7","3","3","3","","","","","","1","","","38","purple","","25","89","21","74","19","woman","White","","","","","","","","$40,001-$60,000","GED","Democrat","","Strong","",""
"UU195pr","0","100","124","1","1","61","2","7","3","1","3","5","2","6","6","6","2","2","5","5","4","5","4","6","3","3","2","","","","","","3","","","33","purple","","34","83","45","73","60","woman","","","Black or African American","","","","","","$40,001-$60,000","GED","Independent","","","","Neither"
"AV148en","0","100","563","1","1","15","5","5","1","1","5","2","5","2","1","3","5","5","5","3","2","5","5","5","2","1","2","","","","","","2","","","31","light blue","","70","60","30","50","25","woman","White","","","","","","","","$100,001-$120,000","MA","Democrat","","Strong","",""
"NG464jk","0","100","152","1","1","0","3","4","5","3","2","6","2","6","6","6","2","1","5","3","3","3","5","3","1","1","1","","","","","","3","","","35","blue","","81","70","21","61","26","man","","","","Asian","","","","","Over $200,000","4yearColl","Independent","","","","Closer to Democratic"
"ZX719uf","0","100","383","1","1","15","2","2","4","5","3","3","5","3","3","6","5","5","5","5","5","5","5","5","2","2","2","","","","","","4","","","54","Blue","Thank you","75","69","72","69","66","man","White","","","","","","","","$40,001-$60,000","GED","Independent","","","","Closer to Republican"
"ZI904zb","0","100","908","1","1","90","4","3","2","1","3","5","3","6","5","5","3","3","5","5","5","6","5","5","1","2","2","","","","","","2","","","44","pink","","20","86","60","55","20","woman","White","Hispanic, Latino, or Spanish origin","","","","","","","$80,001-$100,000","2yearColl","Democrat","","Strong","",""
"CO770gl","0","100","350","1","1","20","7","5","2","4","2","5","2","5","5","5","2","2","5","1","1","1","7","1","1","1","1","","","","","","4","","","68","cobalt blue","","52","81","35","43","39","woman","White","","","","","","","","$40,001-$60,000","GED","Democrat","","Not very strong","",""
"VK949jc","0","100","229","1","1","28","5","5","5","6","2","5","2","5","5","5","2","2","5","3","2","2","6","2","1","2","1","","","","","","5","","","50","blue","","50","86","50","66","61","man","","","Black or African American","","","","","","$180,001-$200,000","GED","Republican","","","Not very strong",""
"PE764iz","0","100","327","1","1","40","4","3","7","6","1","5","1","7","7","7","1","2","5","7","5","6","2","6","1","1","1","","","","","","6","","","56","red","n/a","50","47","43","74","41","woman","White","","","","","","","","$100,001-$120,000","4yearColl","Republican","","","Not very strong",""
"XK417nw","0","100","599","1","1","10","5","4","3","3","3","5","3","5","3","5","3","3","5","2","1","2","2","1","1","1","1","","","","","","2","","","72","blue","none","0","0","0","0","0","man","White","","","","","","","","$40,001-$60,000","2yearColl","Democrat","","Strong","",""
"ZC466pz","0","100","207","1","1","88","5","3","1","1","6","2","7","2","2","2","6","6","5","7","2","7","2","6","3","3","3","","","","","","2","","","33","Purple","","16","61","26","34","16","woman","","Hispanic, Latino, or Spanish origin","","","","","","","$20,001-$40,000","GED","Independent","","","","Closer to Democratic"
"VU326lu","0","100","229","1","1","13","5","3","2","3","3","7","3","6","6","6","3","2","5","3","3","3","5","2","2","2","2","","","","","","4","","","51","blue","","76","86","58","82","22","man","White","","","","","","","","$180,001-$200,000","4yearColl","Republican","","","Not very strong",""
"WG142ow","0","100","145","1","1","0","1","7","7","7","1","7","4","6","7","2","2","6","5","1","1","1","7","3","1","1","1","","","","","","7","","","78","Green","n/a","86","86","78","92","77","man","White","","","","","","","","$80,001-$100,000","2yearColl","Republican","","","Strong",""
"VW248mc","0","100","306","1","1","39","4","4","2","6","4","4","3","4","4","4","4","4","5","2","2","2","6","2","1","1","1","","","","","","6","","","24","Black","","0","98","0","40","20","man","","","Black or African American","","","","","","$80,001-$100,000","MA","Republican","","","Not very strong",""
"JP621qd","0","100","275","1","1","20","1","7","7","7","1","7","1","7","7","7","1","1","5","3","6","5","4","4","3","3","2","","","","","","6","","","57","Blue","","20","51","40","51","36","man","White","","","","","","","","$20,001-$40,000","GED","Republican","","","Strong",""
"KM172rm","0","100","202","1","1","17","5","5","6","5","2","6","2","6","6","6","2","2","5","2","2","2","6","2","1","1","1","","","","","","5","","","31","Blue","Thanks!","53","56","44","59","50","man","White","Hispanic, Latino, or Spanish origin","","","","","","","$140,001-$160,000","4yearColl","Republican","","","Not very strong",""
"QT835cg","0","100","168","1","1","20","3","5","3","1","2","6","2","6","6","6","2","2","5","2","2","2","5","2","2","2","2","","","","","","2","","","47","green","","90","84","63","73","49","woman","White","","","","","","","","Over $200,000","PHD","Democrat","","Strong","",""
"SM837ak","0","100","275","1","1","15","3","4","1","7","3","5","3","5","4","5","3","3","5","1","1","4","6","4","1","1","1","","","","","","5","","","45","purple","","20","85","76","76","60","woman","White","","","","","","","","$140,001-$160,000","GED","Independent","","","","Closer to Republican"
"ET338cu","0","100","647","1","1","0","4","5","3","4","1","6","1","6","7","5","2","2","5","3","3","4","4","4","1","2","2","","","","","","5","","","63","Gray","","60","100","40","65","65","man","White","","","","","","","","$60,001-$80,000","4yearColl","Independent","","","","Closer to Republican"
"KX271ye","0","100","461","1","1","40","4","6","7","3","2","5","3","6","5","7","2","3","5","5","3","5","5","5","2","2","3","","","","","","4","","","41","My favorite color is blue.","","61","100","21","91","11","woman","","","Black or African American","","","","","","$100,001-$120,000","4yearColl","Independent","","","","Neither"
"XW770hy","0","100","176","1","1","52","5","4","2","2","4","5","4","6","4","6","3","2","5","3","3","2","4","2","2","2","3","","","","","","2","","","31","blue","","65","87","32","79","51","woman","","Hispanic, Latino, or Spanish origin","","","","","","","$60,001-$80,000","2yearColl","Democrat","","Not very strong","",""
"RB487fd","0","100","353","1","1","0","5","2","7","6","3","6","4","6","6","5","4","2","5","5","4","2","4","5","2","1","1","","","","","","4","","","65","green","I enjoy solitude and being away from a lot of people. I spend time outdoors to just sit and be in awe of God's creations around me.","80","52","51","53","66","man","White","","","","","","","","Over $200,000","4yearColl","Republican","","","Not very strong",""
"IV892kj","0","100","467","1","1","59","4","6","6","3","2","2","2","6","6","5","3","3","5","5","5","5","3","5","2","2","2","","","","","","5","","","54","Blue","","77","66","60","63","63","man","White","","","","","","","","Over $200,000","4yearColl","Republican","","","Not very strong",""
"LB802pf","0","100","325","1","1","42","5","4","5","6","3","3","5","3","2","3","3","3","5","5","5","5","3","5","2","2","2","","","","","","6","","","26","blue","","60","70","31","70","41","man","White","","","","","","","","$120,001-$140,000","4yearColl","Republican","","","Strong",""
"AX964xi","0","100","179","1","1","13","7","5","2","1","4","4","4","4","4","4","4","4","5","2","2","2","7","2","1","1","1","","","","","","5","","","25","Blue","","70","90","40","70","40","man","","","","Asian","","","","","$60,001-$80,000","4yearColl","Republican","","","Not very strong",""
"JY292hv","0","100","248","1","1","70","3","3","4","3","3","4","2","5","4","4","2","4","5","5","5","4","5","4","1","2","2","","","","","","2","","","39","Silver","","30","75","25","60","30","man","","","Black or African American","","","","","","Prefer not to answer","4yearColl","Independent","","","","Closer to Democratic"
"AW522jq","0","100","358","1","1","40","5","5","4","1","3","6","2","6","6","6","4","2","5","4","5","5","6","5","1","2","2","","","","","","2","","","27","Pink","","46","83","34","74","57","woman","","","Black or African American","","","","","","$20,001-$40,000","2yearColl","Democrat","","Strong","",""
"OE863tq","0","100","1141","1","1","50","4","5","3","2","5","6","2","5","6","6","2","3","5","3","2","3","6","5","2","2","1","","","","","","4","","","60","Blue","","80","80","50","70","60","man","White","","","","","","","","$60,001-$80,000","MA","Independent","","","","Neither"
"HW941mo","0","100","1050","1","1","100","6","1","1","1","3","5","4","5","6","4","3","6","5","2","2","2","6","2","1","1","1","","","","","","1","","","54","pink","","44","100","43","9","23","woman","","","Black or African American","","","","","","$140,001-$160,000","PHD","Republican","","","Strong",""
"YF440pi","0","100","455","1","1","60","4","5","4","3","3","4","2","5","5","5","3","3","5","3","4","5","5","4","1","1","2","","","","","","4","","","61","Blue","I have no additional comments to share","80","95","70","65","70","man","","","Black or African American","","","","","","$20,001-$40,000","2yearColl","Democrat","","Strong","",""
"TD758ma","0","100","992","1","1","18","3","4","3","3","3","5","4","5","5","6","4","5","5","2","2","2","6","2","1","1","1","","","","","","5","","","60","Blue","","75","95","58","80","60","man","White","","","Asian","American Indian or Alaska Native","","","","Over $200,000","2yearColl","Independent","","","","Neither"
"OV650du","0","100","422","1","1","0","7","1","1","1","2","6","2","6","6","6","2","2","5","2","2","2","6","2","1","1","1","","","","","","7","","","39","blue","The study was good","80","100","53","61","57","woman","White","","","","","","","","$100,001-$120,000","MA","Republican","","","Strong",""
"IU729vo","0","100","450","1","1","18","2","1","7","6","2","6","2","6","6","6","2","2","5","5","5","2","4","4","2","1","2","","","","","","6","","","60","green","none","60","70","60","70","54","man","","Hispanic, Latino, or Spanish origin","","","","","","","$100,001-$120,000","4yearColl","Independent","","","","Closer to Republican"
"GA848uu","0","100","261","1","1","62","3","4","3","6","4","3","5","3","3","3","5","5","5","5","5","5","4","6","2","2","2","","","","","","6","","","68","Green","","74","81","66","87","42","woman","White","","","","","","","","$60,001-$80,000","4yearColl","Independent","","","","Neither"
"FN432dr","0","100","82","1","1","81","6","6","3","4","3","4","4","3","5","6","5","5","5","6","3","4","4","5","3","2","3","","","","","","3","","","23","blue","","64","100","15","52","17","man","White","","","","","","","","$20,001-$40,000","GED","Independent","","","","Closer to Democratic"
"GO439ei","0","100","140","1","1","55","3","5","5","5","2","5","2","6","6","6","2","2","5","2","2","2","6","2","1","1","1","","","","","","5","","","43","Pnik","","0","0","0","0","0","woman","White","","","","","","","","$40,001-$60,000","GED","Republican","","","Not very strong",""
"EY989mx","0","100","150","1","1","42","1","1","1","1","3","5","3","5","5","5","3","3","5","5","6","5","3","6","2","2","2","","","","","","1","","","35","Pink","","20","30","5","5","5","man","White","","","","","","","","$100,001-$120,000","MA","Independent","","","","Neither"
"JB630dp","0","100","587","1","1","20","7","2","1","7","2","6","6","6","5","6","5","6","5","3","3","3","5","3","2","3","2","","","","","","7","","","41","pink","","0","0","0","0","0","woman","","","Black or African American","","","","","","$160,001-$180,000","4yearColl","Republican","","","Strong",""
"YD180ra","0","100","150","1","1","55","7","5","2","1","6","2","6","2","2","2","6","6","5","2","2","2","5","3","1","2","2","","","","","","2","","","29","Blue","","50","60","45","55","40","woman","","Hispanic, Latino, or Spanish origin","","","","","","","$120,001-$140,000","4yearColl","Independent","","","","Closer to Democratic"
"EN469py","0","100","435","1","1","72","6","1","5","6","2","6","2","6","6","6","2","2","5","2","1","1","7","2","1","1","1","","","","","","5","","","51","Yellow","No commets.","80","100","31","69","60","woman","White","","","","","","","","$140,001-$160,000","MA","Republican","","","Not very strong",""
"ZD161yk","0","100","158","1","1","50","3","4","2","1","4","4","2","4","4","4","4","4","5","3","2","4","4","4","1","1","1","","","","","","2","","","49","purple","","49","89","25","72","23","woman","White","","","","","","","","$120,001-$140,000","2yearColl","Independent","","","","Closer to Democratic"
"WD826yt","0","100","664","1","1","51","7","1","7","2","6","6","6","7","7","6","3","5","5","7","7","7","7","7","2","2","2","","","","","","6","","","29","white","","70","77","32","15","85","woman","White","","","","","","","","$0-$20,000","4yearColl","Republican","","","Strong",""
"AZ951yf","0","100","122","1","1","0","2","5","3","5","5","3","5","3","3","3","5","5","5","2","2","2","6","2","1","1","1","","","","","","6","","","38","purple","","0","0","0","0","0","woman","White","","","","","","","","$80,001-$100,000","2yearColl","Republican","","","Strong",""
"GH805ki","0","100","208","1","1","60","5","2","1","1","3","5","3","5","5","6","3","2","5","2","3","3","6","3","1","1","1","","","","","","1","","","36","Green","","75","85","13","70","20","man","White","","","","","","","","$140,001-$160,000","4yearColl","Democrat","","Strong","",""
"UX882ni","0","100","234","1","1","64","1","1","7","7","2","5","2","5","5","5","2","2","5","5","5","5","5","5","3","2","2","","","","","","7","","","64","blue","","64","54","92","95","89","woman","White","","","","","","","","$40,001-$60,000","GED","Republican","","","Strong",""
"UK905ul","0","100","413","1","1","0","5","5","3","6","1","6","1","5","6","6","1","1","5","1","1","1","6","1","1","1","1","","","","","","2","","","35","BLUE","","20","43","15","25","30","woman","","","Black or African American","","","","","","$60,001-$80,000","4yearColl","Independent","","","","Closer to Democratic"
"CG112bk","0","100","191","1","1","11","1","7","7","7","1","6","1","7","7","7","1","2","5","1","1","1","7","1","1","1","1","","","","","","6","","","69","Blue","-","84","85","79","87","76","man","White","","","","","","","","$60,001-$80,000","4yearColl","Republican","","","Strong",""
"MB713dx","0","100","438","1","1","62","1","3","3","5","2","5","2","5","5","4","2","3","5","5","5","4","6","5","2","1","2","","","","","","4","","","45","Purple","","40","70","50","70","50","man","White","","","","","","","","$0-$20,000","GED","Independent","","","","Neither"
"WV417kq","0","100","217","1","1","100","4","5","4","7","3","5","2","6","6","6","3","3","5","6","6","6","5","6","3","3","3","","","","","","6","","","39","Red","","17","56","56","86","43","man","White","","","","","","","","$20,001-$40,000","GED","Republican","","","Not very strong",""
"PY319ep","0","100","200","1","1","59","4","4","4","4","3","5","5","5","5","5","3","3","5","5","4","5","5","5","2","2","2","","","","","","4","","","41","Pink","Na","74","63","27","42","51","woman","White","","","","","","","","$20,001-$40,000","GED","Republican","","","Not very strong",""
"EL770mz","0","100","221","1","1","88","5","5","3","6","6","6","5","5","7","6","5","6","5","5","5","5","6","7","3","2","2","","","","","","6","","","40","blue","great study","56","67","43","91","78","man","","","Black or African American","","","","","","$80,001-$100,000","4yearColl","Republican","","","Not very strong",""
"BB439rw","0","100","175","1","1","61","5","1","1","4","3","5","2","5","5","5","3","3","5","3","4","3","5","3","2","1","1","","","","","","4","","","38","orange","","89","100","34","87","27","man","White","","","","","","","","$60,001-$80,000","2yearColl","Independent","","","","Neither"
"EE953pp","0","100","411","1","1","40","2","2","7","7","2","5","3","5","6","6","3","3","5","4","2","1","6","2","2","1","2","","","","","","7","","","55","blue","Nothing comes to mind","65","70","50","75","60","man","White","","","","","","","","$160,001-$180,000","4yearColl","Independent","","","","Neither"
"HT383zm","0","100","229","1","1","74","2","3","7","7","2","5","4","5","5","5","3","3","5","5","5","5","2","6","2","3","2","","","","","","7","","","42","purple","","73","86","70","75","60","woman","White","","","","","","","","$140,001-$160,000","MA","Republican","","","Strong",""
"LJ213fk","0","100","539","1","1","15","6","2","3","6","3","5","3","5","5","6","3","4","5","4","3","3","5","5","2","2","2","","","","","","6","","","40","Sea green","None ","60","94","94","44","50","woman","White","","","","","","","","$20,001-$40,000","4yearColl","Republican","","","Not very strong",""
"NG952ip","0","100","151","1","1","24","4","5","5","5","5","5","5","5","6","6","5","5","5","2","2","2","5","2","2","1","2","","","","","","2","","","64","blue","","0","0","0","0","0","woman","White","","","","","","","","Over $200,000","PHD","Republican","","","Strong",""
"QO684mb","0","100","490","1","1","40","6","1","1","1","6","2","6","2","2","2","6","6","5","6","6","6","6","6","1","2","2","","","","","","1","","","30","blue","","60","80","20","45","35","man","White","","","","","","","","$140,001-$160,000","4yearColl","Democrat","","Strong","",""
"RB510xw","0","100","1035","1","1","20","2","5","3","6","2","5","2","5","5","5","2","2","5","2","2","2","5","2","1","1","1","","","","","","4","","","36","Black","","50","50","50","50","50","woman","White","","","","","","","","$140,001-$160,000","GED","Republican","","","Strong",""
"EK675tl","0","100","677","1","1","25","6","5","6","5","2","6","2","6","6","6","2","1","5","6","2","3","6","3","1","2","2","","","","","","6","","","35","white","none","60","80","46","20","32","man","White","","","","","","","","$60,001-$80,000","4yearColl","Democrat","","Not very strong","",""
"FR991wa","0","100","400","1","1","0","5","5","6","6","2","4","2","6","6","6","2","2","5","2","1","2","7","2","1","1","1","","","","","","6","","","60","blue","","85","90","80","59","58","man","","Hispanic, Latino, or Spanish origin","","","","","","","$120,001-$140,000","MA","Republican","","","Strong",""
"PI778sh","0","100","282","1","1","0","4","4","1","1","4","4","4","4","4","4","4","4","5","6","4","6","4","7","1","1","1","","","","","","2","","","45","Black","The slider portion of this study (indicating where I and society at large stand) did not work. If this corrupts my data in any way, shape, or form, please don't hesitate to ask me to return the study. I will understand. Thank you.","0","0","0","0","0","man","White","","","","","","","","$60,001-$80,000","4yearColl","Independent","","","","Closer to Democratic"
"HD958bl","0","100","326","1","1","60","7","3","3","1","2","5","3","5","5","5","2","5","5","6","5","2","6","6","3","2","2","","","","","","2","","","23","Pink ","","30","70","55","76","51","woman","","","Black or African American","","","","","","$20,001-$40,000","GED","Democrat","","Not very strong","",""
"EE177sv","0","100","357","1","1","40","4","5","5","1","3","5","2","5","5","5","2","2","5","2","3","2","6","3","2","1","1","","","","","","4","","","24","Green","","40","85","70","60","45","woman","White","","","","","","","","$60,001-$80,000","4yearColl","Independent","","","","Neither"
"ED458bc","0","100","250","1","1","50","4","4","3","4","5","3","5","3","3","3","5","5","5","4","5","5","5","5","2","2","2","","","","","","4","","","43","Pink","","60","73","40","25","10","woman","White","","","","","","","","$80,001-$100,000","2yearColl","Republican","","","Not very strong",""
"UP410fs","0","100","138","1","1","49","1","7","7","5","5","3","4","5","3","5","4","5","5","1","1","1","7","1","1","1","1","","","","","","4","","","36","Blue","","71","74","9","58","34","man","White","","","","","","","","Over $200,000","4yearColl","Independent","","","","Closer to Republican"
"AN873uo","0","100","264","1","1","75","4","2","1","3","4","1","4","3","2","2","5","5","5","5","7","5","2","6","3","3","2","","","","","","3","","","45","green","","45","65","35","60","40","man","White","","","","","","","","$40,001-$60,000","4yearColl","Independent","","","","Neither"
"TY670pj","0","100","384","1","1","60","4","4","7","7","2","6","2","6","6","6","2","2","5","4","4","3","5","3","1","1","1","","","","","","6","","","36","green","","50","50","50","50","50","man","White","","","","","","","","$40,001-$60,000","GED","Republican","","","Strong",""
"XK830qg","0","100","190","1","1","85","3","2","1","1","4","3","4","3","3","4","4","5","5","5","5","5","3","6","1","1","1","","","","","","3","","","74","Green","","65","100","30","60","35","woman","White","","","","","","","","$0-$20,000","GED","Independent","","","","Closer to Democratic"
"WD949lb","0","100","960","1","1","60","4","4","4","4","2","6","2","6","6","6","2","2","5","2","2","2","6","2","1","1","1","","","","","","4","","","40","blue","","0","0","0","0","0","man","","","","Asian","","","","","$80,001-$100,000","4yearColl","Independent","","","","Neither"
"QI859el","0","100","356","1","1","70","5","4","7","7","3","6","1","7","7","6","2","1","5","7","6","5","4","7","1","2","2","","","","","","6","","","69","blue","","42","78","60","72","55","man","White","","","","","","","","$20,001-$40,000","GED","Republican","","","Not very strong",""
"TE952ky","0","100","211","1","1","70","2","2","2","1","5","3","5","3","3","3","5","6","5","3","5","2","6","5","1","2","2","","","","","","1","","","45","Pink","","70","70","40","60","30","man","White","","","","","","","","$160,001-$180,000","GED","Democrat","","Not very strong","",""
"VK683jd","0","100","262","1","1","0","2","3","5","5","1","6","1","5","3","6","1","1","5","5","5","4","6","5","1","2","2","","","","","","5","","","72","black","Thanks!","31","30","41","24","35","woman","White","","","","","","","","$20,001-$40,000","2yearColl","Republican","","","Not very strong",""
"KW699wg","0","100","146","1","1","19","5","6","2","2","7","5","6","6","6","7","7","7","7","2","2","2","6","5","1","1","1","","","","","","2","","","26","Blue","","67","70","58","57","47","man","White","","","","","","","","$80,001-$100,000","4yearColl","Democrat","","Strong","",""
"SF468tr","0","100","566","1","1","90","4","5","4","7","5","3","4","3","3","3","5","5","5","5","5","5","3","5","3","3","3","","","","","","5","","","36","white","","36","50","80","89","67","man","White","","","","","","","","$0-$20,000","GED","Republican","","","Not very strong",""
"OL936wl","0","100","970","1","1","64","3","5","4","1","3","5","3","4","5","3","3","4","5","2","2","2","6","2","1","1","1","","","","","","2","","","38","orange","","79","87","5","12","13","woman","White","","","","","","","","$20,001-$40,000","GED","Democrat","","Strong","",""
"PA135fw","0","100","208","1","1","9","4","4","4","4","5","6","5","5","5","5","3","3","5","2","2","2","6","4","1","1","1","","","","","","4","","","30","Black","","0","7","0","0","0","woman","White","","","","","","","","$40,001-$60,000","PHD","Independent","","","","Neither"
"MS800fh","0","100","241","1","1","40","3","2","3","2","5","4","5","4","4","4","5","5","5","4","4","4","5","4","3","2","2","","","","","","2","","","62","blue","","13","60","13","19","24","man","White","","","","","","","","$0-$20,000","GED","Democrat","","Not very strong","",""
"JZ201ks","0","100","196","1","1","73","3","3","7","5","2","5","2","5","5","5","2","2","5","6","6","6","2","6","3","3","3","","","","","","5","","","53","pink","","49","87","28","91","28","woman","White","","","","","","","","Over $200,000","4yearColl","Republican","","","Not very strong",""
"IM768yt","0","100","538","1","1","25","3","4","2","3","5","3","5","4","3","2","4","5","5","4","3","3","5","4","2","2","2","","","","","","2","","","30","blue","","35","57","29","48","21","man","White","","","","","","","","$60,001-$80,000","GED","Democrat","","Not very strong","",""
"QN608mg","0","100","478","1","1","10","4","4","4","4","3","5","3","5","5","5","4","3","5","2","2","2","6","2","1","1","1","","","","","","4","","","65","blue","I have no other comments, thank you. Thank you for allowing me to participate in this study. Have a great day and take care!
","69","76","49","54","50","woman","White","","","","","","","","$20,001-$40,000","2yearColl","Independent","","","","Neither"
"MI759od","0","100","216","1","1","10","3","1","1","1","1","7","1","7","7","7","2","1","5","1","1","1","7","2","1","1","2","","","","","","2","","","35","blue","","65","85","35","45","25","man","White","","","","","","","","$60,001-$80,000","4yearColl","Democrat","","Strong","",""
"CF814uz","0","100","305","1","1","57","4","3","5","5","5","6","5","5","6","6","4","5","5","6","6","6","5","5","3","2","3","","","","","","4","","","49","blue","","0","0","0","0","0","woman","","","Black or African American","","","","","","$20,001-$40,000","4yearColl","Independent","","","","Neither"
"YB411lg","0","100","186","1","1","30","4","4","6","5","2","6","2","6","5","4","2","2","5","2","2","1","6","2","2","2","1","","","","","","5","","","45","blue","","50","50","50","50","50","woman","White","","","Asian","","","","","$120,001-$140,000","4yearColl","Independent","","","","Closer to Republican"
"NY148oz","0","100","737","1","1","20","4","5","2","4","3","6","2","6","5","5","2","2","5","2","2","2","4","2","2","2","2","","","","","","4","","","40","purple","","80","82","80","70","60","woman","","","","Asian","","","","","$140,001-$160,000","GED","Independent","","","","Neither"
"AE277nl","0","100","180","1","1","69","3","2","1","1","5","2","4","2","2","4","5","5","5","2","2","2","6","2","1","1","1","","","","","","2","","","32","Pink","","70","73","27","60","40","woman","White","","","","","","","","Over $200,000","MA","Democrat","","Strong","",""
"XH868ek","0","100","147","1","1","55","5","3","3","2","5","3","5","3","3","3","5","5","5","5","5","5","3","3","2","2","2","","","","","","2","","","40","Red","","43","95","12","49","39","woman","","Hispanic, Latino, or Spanish origin","","","","","","","$40,001-$60,000","4yearColl","Democrat","","Not very strong","",""
"QM543bx","0","100","768","1","1","74","1","3","5","6","5","3","5","5","3","5","5","5","5","5","5","5","3","5","2","2","2","","","","","","5","","","42","yellow","","49","73","45","97","54","woman","White","","","","","","","","$100,001-$120,000","4yearColl","Independent","","","","Closer to Republican"
"OH560ns","0","100","1237","1","1","79","3","7","6","7","1","7","1","7","7","7","1","1","5","7","7","5","1","1","1","3","3","","","","","","5","","","42","black","","0","50","8","13","47","woman","White","","","","","","","","$60,001-$80,000","4yearColl","Independent","","","","Closer to Republican"
"CR331ig","0","100","153","1","1","39","4","5","6","3","3","5","3","6","5","5","3","3","5","4","4","5","6","3","2","2","2","","","","","","5","","","46","blue","","73","69","33","57","40","man","","","","Asian","","","","","$80,001-$100,000","PHD","Republican","","","Not very strong",""
"XQ145hb","0","100","299","1","1","34","4","4","3","2","4","4","2","4","5","4","4","2","5","2","2","2","6","2","1","1","1","","","","","","4","","","33","Yellow","","55","73","55","35","47","woman","","","Black or African American","","","","","","$40,001-$60,000","GED","Independent","","","","Neither"
"UT118qz","0","100","445","1","1","40","3","5","4","3","3","3","3","5","3","3","3","5","5","3","3","2","5","5","1","1","1","","","","","","3","","","76","green","I think it makes a difference how you feel about being connected by area you live in, rural vs city.  ","77","90","70","80","60","woman","White","","","","","","","","$40,001-$60,000","4yearColl","Independent","","","","Closer to Democratic"
"QI617pc","0","100","961","1","1","40","7","7","6","6","1","6","1","7","7","7","5","6","5","2","1","2","6","2","1","2","1","","","","","","6","","","38","Orange","The study was excellent","72","82","19","61","39","man","White","","","","","","","","$140,001-$160,000","MA","Republican","","","Strong",""
"ZD700ov","0","100","116","1","1","35","4","4","4","7","3","5","3","4","4","5","3","3","5","1","1","1","6","1","2","1","1","","","","","","7","","","51","blue","none","70","58","30","37","17","woman","White","","","","","","","","$20,001-$40,000","GED","Republican","","","Strong",""
"FH965hy","0","100","287","1","1","33","1","6","3","4","3","5","3","5","5","5","3","3","5","5","2","3","6","5","3","2","2","","","","","","4","","","63","black","thanks","82","77","49","47","35","man","White","","","","","","","","$60,001-$80,000","GED","Independent","","","","Closer to Democratic"
"EM994ql","0","100","485","1","1","40","5","6","6","6","2","6","6","6","6","6","6","2","5","2","3","2","6","3","1","1","1","","","","","","6","","","63","Blue","","49","83","42","35","26","woman","White","","","","","","","","$0-$20,000","4yearColl","Republican","","","Strong",""
"MN290bk","0","100","217","1","1","50","5","4","6","7","2","6","2","6","6","6","2","2","5","5","5","1","5","5","3","3","2","","","","","","7","","","32","Orange","N/A","80","90","60","85","50","woman","White","","","","","","","","$80,001-$100,000","4yearColl","Republican","","","Strong",""
"XQ872qh","0","100","904","1","1","0","5","5","4","4","2","2","2","6","4","5","2","2","5","3","1","2","6","1","2","1","1","","","","","","4","","","66","green","","54","85","41","49","19","woman","White","","","","","","","","$40,001-$60,000","2yearColl","Independent","","","","Neither"
"IM890nb","0","100","627","1","1","79","5","6","5","4","3","5","5","5","6","5","3","3","5","2","2","2","6","2","1","1","1","","","","","","2","","","52","blue","","83","77","58","72","61","man","White","","","","","","","","$60,001-$80,000","MA","Republican","","","Strong",""
"JE646kz","0","100","311","1","1","60","4","5","3","3","4","3","4","4","3","4","5","5","5","3","3","3","5","3","2","1","1","","","","","","4","","","64","purple","","49","0","49","49","49","woman","White","","","","","","","","$0-$20,000","GED","Independent","","","","Closer to Democratic"
"UK268ck","0","100","378","1","1","0","5","4","4","4","1","4","3","7","5","4","3","3","5","2","2","2","6","2","1","1","1","","","","","","4","","","89","Sky Blue","","54","60","49","68","45","man","White","","","","","","","","$40,001-$60,000","MA","Independent","","","","Closer to Republican"
"ZG731ku","0","100","304","1","1","9","3","2","3","7","3","3","3","5","5","5","3","3","5","3","3","3","6","2","1","1","1","","","","","","5","","","41","pink","","89","100","18","100","40","woman","White","","","","","","","","$180,001-$200,000","4yearColl","Independent","","","","Closer to Republican"
"ET822kk","0","100","343","1","1","0","5","5","3","2","2","3","2","5","2","4","2","2","5","4","3","2","5","5","2","1","2","","","","","","2","","","55","blue","","63","85","39","56","24","woman","White","","","","","","","","$60,001-$80,000","PHD","Democrat","","Strong","",""
"FN128pt","0","100","388","1","1","82","2","2","7","7","5","3","5","4","3","3","5","5","5","5","5","5","6","5","3","2","2","","","","","","7","","","62","purple","","25","81","61","68","40","woman","White","","","","","","","","$0-$20,000","GED","Republican","","","Strong",""
"MX213en","0","100","161","1","1","20","4","4","1","1","3","5","3","5","5","5","3","3","5","2","2","2","6","2","1","1","1","","","","","","1","","","52","blue","none","87","96","55","77","65","man","White","","","","","","","","Over $200,000","PHD","Democrat","","Strong","",""
"JL220ra","0","100","145","1","1","47","3","4","4","4","2","6","3","4","5","6","5","2","5","6","6","6","6","6","2","2","2","","","","","","4","","","37","Blue","","16","14","17","18","14","woman","White","","","","","","","","$0-$20,000","GED","Republican","","","Strong",""
"QR022yl","0","100","270","1","1","25","5","2","2","1","5","2","5","2","3","3","5","6","5","6","6","6","3","6","2","3","3","","","","","","1","","","55","I don't have a favorite color","","47","100","62","94","77","woman","","","Black or African American","","","","","","$60,001-$80,000","GED","Democrat","","Strong","",""
"FL406gg","0","100","249","1","1","70","4","3","3","7","5","3","5","3","3","4","5","5","5","3","5","4","6","4","1","2","2","","","","","","6","","","47","Green","","60","60","40","65","60","man","White","","","","","","","","$60,001-$80,000","4yearColl","Republican","","","Strong",""
"ED956lk","0","100","328","1","1","30","5","5","4","3","5","5","3","5","5","5","3","5","5","6","6","6","3","6","3","3","3","","","","","","5","","","51","purple","","82","91","70","74","66","woman","White","","","","","","","","$60,001-$80,000","GED","Republican","","","Not very strong",""
"UB787bz","0","100","113","1","1","0","3","6","4","2","6","1","6","2","1","2","5","5","5","5","6","1","5","1","2","2","2","","","","","","3","","","42","blue","","60","55","45","55","48","man","White","","","","","","","","$100,001-$120,000","4yearColl","Democrat","","Strong","",""
"WA386xk","0","100","127","1","1","99","3","2","4","7","7","2","6","2","2","2","6","6","5","6","7","6","2","6","3","3","3","","","","","","4","","","30","green","","15","70","80","90","60","woman","White","","","","","","","","$20,001-$40,000","2yearColl","Independent","","","","Neither"
"GS310xn","0","100","177","1","1","75","1","2","5","7","2","7","2","6","6","6","2","2","5","5","6","5","3","5","3","2","2","","","","","","7","","","30","Blue","","14","70","25","81","31","man","White","","","","","","","","$60,001-$80,000","GED","Republican","","","Not very strong",""
"KV435bf","0","100","163","1","1","30","5","6","5","4","3","3","3","3","5","5","3","3","5","3","3","2","5","2","1","1","2","","","","","","3","","","39","Blue","","60","65","22","55","30","man","White","","","","","","","","$40,001-$60,000","MA","Independent","","","","Closer to Democratic"
"UY664gy","0","100","241","1","1","11","4","4","7","7","3","5","6","4","4","5","5","6","5","2","1","1","6","1","1","1","1","","","","","","6","","","56","Green","Thank you","87","77","22","72","50","man","White","","","","","","","","$120,001-$140,000","MA","Republican","","","Strong",""
"NX108kc","0","100","188","1","1","41","3","5","3","3","2","6","3","6","5","5","3","2","5","3","3","5","5","5","2","2","2","","","","","","4","","","51","black","","71","94","45","79","51","woman","White","","","","","","","","$180,001-$200,000","4yearColl","Republican","","","Not very strong",""
"GI405mw","0","100","720","1","1","30","4","4","4","4","4","4","4","4","4","4","4","3","5","2","3","2","5","3","1","1","1","","","","","","5","","","28","Blue","","81","88","81","71","71","man","","","Black or African American","","","","","","Over $200,000","4yearColl","Republican","","","Not very strong",""
"TD622op","0","100","250","1","1","0","3","2","6","4","1","6","1","6","5","5","1","2","5","1","1","1","7","1","1","1","1","","","","","","4","","","63","blue","","60","90","80","71","75","woman","White","","","","","","","","$20,001-$40,000","GED","Independent","","","","Neither"
"FB915wf","0","100","940","1","1","40","4","6","6","7","4","5","3","2","5","6","3","2","5","2","2","2","6","2","2","2","2","","","","","","4","","","29","blue","This study was well structured.","62","87","28","69","45","man","","","Black or African American","","","","","","Over $200,000","PHD","Republican","","","Not very strong",""
"SN820yl","0","100","179","1","1","40","1","1","4","4","3","5","3","5","5","3","3","3","5","4","5","3","5","4","2","2","1","","","","","","4","","","27","Green","","65","80","57","75","60","man","","","","Asian","","","","","$80,001-$100,000","4yearColl","Independent","","","","Neither"
"YF300oe","0","100","378","1","1","10","4","6","1","2","1","7","1","7","6","6","1","4","5","1","1","1","7","1","1","1","1","","","","","","2","","","37","Purple","","100","100","100","100","100","man","White","","","","","","","","$120,001-$140,000","4yearColl","Democrat","","Not very strong","",""
"DY469vy","0","100","247","1","1","39","3","3","4","4","1","7","3","5","7","6","3","3","5","3","2","2","6","3","2","1","1","","","","","","4","","","48","Blue","","47","75","57","39","22","woman","White","","","","","","","","$20,001-$40,000","GED","Independent","","","","Neither"
"SX721ww","0","100","844","1","1","43","4","3","3","3","3","5","3","6","5","5","3","3","5","6","5","5","3","6","3","2","3","","","","","","5","","","25","Green","","44","77","41","58","52","man","","Hispanic, Latino, or Spanish origin","","","","","","","$40,001-$60,000","4yearColl","Republican","","","Not very strong",""
"TE743rs","0","100","217","1","1","70","6","6","5","6","6","2","5","5","4","5","7","6","5","5","5","7","6","3","1","3","3","","","","","","6","","","26","black","no","100","0","0","0","0","woman","","","Black or African American","","","","","","$80,001-$100,000","4yearColl","Independent","","","","Neither"
"XP018kp","0","100","409","1","1","19","4","2","6","1","2","2","2","3","3","3","5","5","5","3","2","3","6","3","2","1","2","","","","","","1","","","26","Pink","","2","8","16","6","6","woman","White","","","","","","","","$40,001-$60,000","PHD","Republican","","","Strong",""
"RY340nu","0","100","322","1","1","25","1","3","4","2","2","6","2","6","6","6","2","2","5","5","5","5","5","5","2","2","2","","","","","","3","","","56","Blue","None","80","50","40","85","30","man","","","Black or African American","","","","","","Over $200,000","MA","Democrat","","Strong","",""
"UE020mj","0","100","174","1","1","0","5","5","5","7","2","6","2","6","6","6","2","2","5","2","4","2","5","2","1","1","1","","","","","","6","","","50","gray","","75","75","62","88","67","man","White","","","Asian","","","","","$120,001-$140,000","GED","Republican","","","Not very strong",""
"ZJ315oa","0","100","348","1","1","81","4","5","7","5","5","4","5","6","4","5","4","6","5","5","4","4","4","4","1","2","2","","","","","","5","","","29","pink","Thank you","98","95","95","98","97","woman","","","Black or African American","","","","","","$40,001-$60,000","2yearColl","Republican","","","Strong",""
"VD515mo","0","100","436","1","1","60","4","2","2","1","3","6","6","6","6","6","2","3","5","5","2","5","5","5","1","2","2","","","","","","1","","","41","Pink","","50","100","35","80","55","woman","","","Black or African American","","","","","","$40,001-$60,000","MA","Independent","","","","Neither"
"IK124vk","0","100","201","1","1","20","4","5","5","3","3","5","3","5","5","5","3","3","5","6","6","6","2","7","1","1","1","","","","","","3","","","46","Black","","70","65","40","50","40","man","White","","","","","","","","$100,001-$120,000","4yearColl","Independent","","","","Closer to Democratic"
"FU857ux","0","100","1495","1","1","27","5","5","4","3","3","3","5","5","4","5","3","4","5","2","2","2","6","2","1","2","2","","","","","","2","","","43","Blue ","","65","71","66","69","73","woman","White","","","","","","","","$60,001-$80,000","2yearColl","Republican","","","Not very strong",""
"MM512em","0","100","1654","1","1","16","1","4","4","3","1","7","1","7","7","7","1","1","5","1","1","1","5","1","1","1","1","","","","","","5","","","20","Blue","","68","71","21","48","35","man","","Hispanic, Latino, or Spanish origin","","","","","","","$120,001-$140,000","GED","Republican","","","Not very strong",""
"QM120cn","0","100","482","1","1","0","2","4","7","6","2","6","2","6","6","6","2","2","5","1","1","1","7","1","1","1","1","","","","","","6","","","74","yellow","I don't really have a 'favorite' color, but yellow is cheerful.","60","65","57","68","55","woman","White","","","","","","","","$20,001-$40,000","PHD","Independent","","","","Closer to Republican"
"BE290pe","0","100","224","1","1","60","4","4","2","2","2","3","1","6","5","7","2","2","5","5","3","3","6","4","2","2","2","","","","","","4","","","62","Blue","","70","80","20","51","12","man","White","","","","","","","","$160,001-$180,000","MA","Independent","","","","Closer to Democratic"
"AD376vr","0","100","409","1","1","20","1","6","2","2","3","5","3","5","5","5","3","3","5","1","1","1","6","3","1","1","1","","","","","","3","","","67","red","","80","91","70","91","70","woman","White","","","","","","","","$60,001-$80,000","4yearColl","Independent","","","","Closer to Democratic"
"GA950qc","0","100","776","1","1","61","6","4","4","4","2","5","5","5","5","5","2","5","5","3","5","5","5","5","2","2","2","","","","","","3","","","49","blue","","25","54","17","32","30","woman","White","","","","","","","","$60,001-$80,000","2yearColl","Independent","","","","Neither"
"RB569yk","0","100","550","1","1","32","1","5","6","5","1","7","5","7","6","6","1","2","1","5","5","4","4","7","3","2","2","","","","","","5","","","55","Green ","","42","88","32","58","17","woman","White","","","","","","","","$20,001-$40,000","2yearColl","Republican","","","Not very strong",""
"YX446zz","0","100","605","1","1","61","4","4","6","3","2","6","2","6","6","6","2","2","5","6","6","6","4","5","2","2","3","","","","","","3","","","31","blue","","72","88","54","75","49","woman","","","Black or African American","","","","","","$80,001-$100,000","4yearColl","Democrat","","Not very strong","",""
"JB878xu","0","100","1257","1","1","0","3","6","4","4","2","4","6","6","6","5","2","5","5","2","2","3","3","5","1","1","1","","","","","","4","","","37","Blue","","75","85","20","55","25","man","","","Black or African American","","","","","","Over $200,000","4yearColl","Independent","","","","Neither"
"KZ428no","0","100","258","1","1","50","5","6","4","3","4","3","3","4","3","5","3","5","5","2","1","1","6","1","1","1","1","","","","","","4","","","27","Blue","","60","70","41","65","50","man","","Hispanic, Latino, or Spanish origin","","","","","","","$60,001-$80,000","4yearColl","Independent","","","","Closer to Democratic"
"PG797aa","0","100","265","1","1","83","3","3","3","2","2","5","2","6","5","6","2","1","5","5","4","4","7","5","2","2","2","","","","","","3","","","45","blue","","66","100","66","74","68","man","","","Black or African American","","","","","","$0-$20,000","4yearColl","Independent","","","","Closer to Democratic"
"EW280dj","0","100","398","1","1","22","3","3","6","3","5","5","3","5","3","5","3","5","5","2","2","2","6","2","1","2","2","","","","","","5","","","26","Green","","81","71","40","43","39","man","","","Black or African American","","","","","","$120,001-$140,000","4yearColl","Independent","","","","Neither"
"MT732xl","0","100","204","1","1","80","4","4","2","4","2","5","3","6","6","5","2","3","5","5","5","3","4","4","2","1","2","","","","","","3","","","35","Red","","20","50","50","50","30","man","White","","","","","","","","$20,001-$40,000","4yearColl","Democrat","","Not very strong","",""
"CL008gu","0","100","304","1","1","0","2","2","7","6","2","5","3","5","5","5","3","3","5","3","4","4","3","3","2","2","2","","","","","","6","","","43","blue","enjoyed this survey","20","40","20","10","10","man","White","","","","","","","","$60,001-$80,000","MA","Republican","","","Strong",""
"XT745cu","0","100","1748","1","1","40","3","3","6","3","5","6","3","2","3","2","5","6","5","3","3","2","5","3","2","2","1","","","","","","5","","","36","blue","","58","68","35","62","49","man","","","","Asian","","","","","$80,001-$100,000","PHD","Republican","","","Not very strong",""
"ZE333up","0","100","264","1","1","23","6","5","7","5","2","7","6","7","7","6","1","6","5","7","3","5","5","7","3","2","3","","","","","","6","","","25","Purple","","69","82","57","76","28","man","","","Black or African American","","","","","","$40,001-$60,000","4yearColl","Independent","","","","Closer to Republican"
"YS787cr","0","100","221","1","1","10","1","2","3","7","2","2","2","6","6","6","2","2","5","2","1","2","6","2","1","1","1","","","","","","5","","","57","green","thank you for the study!","30","60","50","70","50","man","White","","Black or African American","","","","","","$0-$20,000","4yearColl","Independent","","","","Closer to Republican"
"BA975ey","0","100","182","1","1","45","3","2","1","1","1","5","1","5","5","6","2","1","5","1","2","1","7","1","1","1","1","","","","","","2","","","56","purple","","65","80","30","50","15","woman","White","","","","","","","","$80,001-$100,000","4yearColl","Independent","","","","Closer to Democratic"
"IF137tt","0","100","489","1","1","2","4","4","4","5","4","5","3","5","5","5","4","6","5","2","2","2","6","2","1","1","1","","","","","","6","","","62","blue","None","54","74","51","56","50","woman","White","","","","","","","","$60,001-$80,000","MA","Republican","","","Not very strong",""
"AS020zh","0","100","1246","1","1","39","3","3","7","7","3","5","2","4","3","5","4","4","5","5","5","3","5","5","3","1","2","","","","","","6","","","76","Green","","30","80","69","64","60","man","White","","","","","","","","$20,001-$40,000","4yearColl","Republican","","","Strong",""
"RN489by","0","100","280","1","1","75","6","5","2","4","4","6","6","6","6","6","6","4","5","6","5","5","5","5","2","2","3","","","","","","4","","","44","blue","","10","41","67","76","65","man","White","","","","","","","","$40,001-$60,000","GED","Independent","","","","Neither"
"RK092jj","0","100","300","1","1","20","3","2","2","2","3","6","2","6","6","6","3","3","5","1","1","1","6","4","1","1","1","","","","","","3","","","55","blue","","58","73","26","67","26","man","White","","","","","","","","$60,001-$80,000","2yearColl","Independent","","","","Closer to Democratic"
"FR761hw","0","100","302","1","1","65","4","7","1","1","2","2","3","2","5","2","1","5","5","2","2","2","5","2","2","2","2","","","","","","4","","","44","Black","","56","77","23","36","11","woman","White","","","","American Indian or Alaska Native","","","","$20,001-$40,000","GED","Democrat","","Not very strong","",""
"TK488sp","0","100","211","1","1","99","3","3","1","1","5","2","5","3","3","3","5","5","5","7","7","5","6","7","1","3","2","","","","","","1","","","42","blue","","28","100","22","59","40","woman","White","","Black or African American","","","","","","$100,001-$120,000","GED","Democrat","","Not very strong","",""
"LY314wn","0","100","180","1","1","60","1","6","1","1","2","6","1","6","6","7","2","2","5","3","4","3","6","4","2","1","1","","","","","","2","","","27","red","","75","100","30","47","50","woman","White","","","","","","","","$100,001-$120,000","GED","No preference","","","","Closer to Democratic"
"XT453jv","0","100","162","1","1","33","3","5","3","2","3","5","3","5","5","5","3","3","5","4","4","5","6","6","2","1","2","","","","","","4","","","37","Blue","","84","74","53","65","59","woman","White","","","","","","","","$140,001-$160,000","4yearColl","Independent","","","","Neither"
"MT508xq","0","100","193","1","1","19","6","6","3","3","3","5","3","5","5","5","3","3","5","7","3","4","4","5","3","2","3","","","","","","4","","","51","Black","","80","70","40","80","40","man","White","","","","","","","","$140,001-$160,000","2yearColl","Independent","","","","Closer to Democratic"
"CN454dd","0","100","359","1","1","8","3","6","6","6","2","6","2","6","6","6","2","1","5","1","1","1","6","2","1","1","1","","","","","","6","","","66","blue","Thank you for the opportunity to participate in this study.","83","77","79","81","78","man","White","","","","","","","","$100,001-$120,000","MA","Republican","","","Strong",""
"AT504zm","0","100","356","1","1","20","1","4","1","1","3","5","3","5","5","5","3","3","5","5","4","4","4","4","2","2","2","","","","","","4","","","47","black","","50","100","50","87","57","woman","White","","","","","","","","$0-$20,000","GED","Independent","","","","Neither"
"UK661tl","0","100","599","1","1","0","7","7","7","7","2","6","6","6","6","6","2","2","5","2","2","2","6","2","1","1","1","","","","","","6","","","55","purple","","80","92","50","75","70","woman","White","","","","","","","","Over $200,000","MA","Republican","","","Strong",""
"ES970vu","0","100","147","1","1","65","4","5","3","6","6","4","4","6","5","5","5","3","5","7","6","6","3","7","3","2","3","","","","","","6","","","37","Blue","Thank you!","0","0","0","0","0","man","","Hispanic, Latino, or Spanish origin","","","","","","","$60,001-$80,000","2yearColl","Independent","","","","Closer to Republican"
"NG899ks","0","100","216","1","1","13","7","1","4","7","3","5","3","5","5","6","3","3","5","1","1","1","5","1","1","1","1","","","","","","7","","","54","purple","","58","74","40","49","28","woman","White","","","","","","","","$80,001-$100,000","4yearColl","Republican","","","Strong",""
"DF574nz","0","100","262","1","1","35","3","5","2","3","5","5","2","3","5","5","5","3","5","2","2","2","6","2","1","2","1","","","","","","3","","","37","Yellow","","65","71","45","52","39","woman","White","","","","","","","","$120,001-$140,000","MA","Independent","","","","Closer to Democratic"
"RS692el","0","100","188","1","1","81","2","3","3","5","5","3","3","3","3","4","4","4","5","3","4","5","6","4","1","1","2","","","","","","4","","","37","green","","52","65","58","68","59","man","White","","","","","","","","$100,001-$120,000","4yearColl","Independent","","","","Closer to Republican"
"XJ891zs","0","100","196","1","1","88","3","5","2","3","2","5","2","5","5","6","2","2","5","6","6","6","3","5","3","3","3","","","","","","4","","","49","Turquoise","None","11","77","45","59","42","man","","","Black or African American","","","","","","$0-$20,000","2yearColl","Independent","","","","Neither"
"OJ822zy","0","100","141","1","1","10","3","2","7","7","2","5","2","5","5","5","2","2","5","2","2","2","6","2","1","1","1","","","","","","6","","","48","blue","","75","75","75","80","70","man","White","","","","","","","","$100,001-$120,000","4yearColl","Republican","","","Strong",""
"KH925jl","0","100","275","1","1","35","3","3","2","4","3","4","3","4","4","5","3","4","5","4","2","1","6","2","2","2","2","","","","","","4","","","34","Blue","","61","85","45","64","49","woman","White","","","","","","","","$80,001-$100,000","MA","Independent","","","","Neither"
"IU599eg","0","100","193","1","1","84","4","2","1","1","5","4","4","5","4","4","5","3","5","7","6","7","2","7","3","3","3","","","","","","2","","","33","Blue","","83","91","73","80","62","man","White","","","","","","","","$40,001-$60,000","2yearColl","Independent","","","","Closer to Democratic"
"MD784nu","0","100","564","1","1","0","1","7","7","7","3","6","3","6","6","5","3","6","5","2","1","1","7","2","2","1","1","","","","","","7","","","20","Pink","","41","80","38","64","34","woman","White","","","","","","","","$140,001-$160,000","4yearColl","Republican","","","Strong",""
"AC850zv","0","100","282","1","1","100","3","4","3","4","4","1","4","4","4","4","4","4","5","7","7","7","1","1","1","1","1","","","","","","4","","","46","burgundy","","20","50","40","45","42","man","","","","Asian","","","","","$40,001-$60,000","4yearColl","Independent","","","","Neither"
"NB408kz","0","100","418","1","1","50","2","2","1","6","5","2","5","2","2","2","6","5","5","3","4","4","7","4","3","2","2","","","","","","4","","","54","Crimson","","40","65","55","75","60","woman","White","","","","","","","","$40,001-$60,000","2yearColl","Independent","","","","Neither"
"PJ435up","0","100","275","1","1","32","4","5","1","1","4","2","5","3","3","5","4","4","5","6","3","5","4","7","3","3","2","","","","","","4","","","32","Sky blue","","29","100","12","22","12","man","White","","","","","","","","$20,001-$40,000","GED","Independent","","","","Neither"
"TJ106bk","0","100","298","1","1","30","4","7","4","7","2","5","2","5","5","4","2","2","5","4","4","4","4","4","2","2","2","","","","","","4","","","28","blue","","0","0","0","0","0","woman","White","","","","","","","","$40,001-$60,000","2yearColl","Independent","","","","Neither"
"CX926an","0","100","254","1","1","78","6","3","2","2","1","3","1","6","7","7","2","1","5","2","2","2","5","1","1","1","1","","","","","","3","","","42","black","","43","27","46","71","78","woman","","","Black or African American","","","","","","$60,001-$80,000","MA","Independent","","","","Closer to Democratic"
"DV593hd","0","100","144","1","1","30","4","4","5","4","1","6","1","7","7","7","1","2","5","4","2","3","5","3","2","2","2","","","","","","4","","","38","Yellow","","0","47","50","60","50","man","White","","","Asian","","","","","$80,001-$100,000","4yearColl","No preference","","","","Closer to Republican"
"CB609zg","0","100","358","1","1","10","5","2","4","6","2","3","4","3","3","2","2","3","5","1","2","2","6","2","2","1","1","","","","","","6","","","54","blue","","81","89","28","50","53","woman","White","","","","","","","","$80,001-$100,000","2yearColl","Republican","","","Not very strong",""
"HI086mk","0","100","106","1","1","80","1","6","2","3","6","2","6","2","2","2","6","6","5","5","5","4","3","5","2","2","2","","","","","","3","","","35","pink","","56","88","28","27","40","woman","White","","","","","","","","$60,001-$80,000","4yearColl","Independent","","","","Closer to Democratic"
"FJ363fs","0","100","773","1","1","26","5","1","1","2","3","5","3","5","4","5","4","4","5","3","4","4","4","6","1","2","2","","","","","","2","","","21","brown","","54","81","23","38","25","woman","White","","","","","","","","$60,001-$80,000","4yearColl","Democrat","","Not very strong","",""
"AX645ip","0","100","285","1","1","96","1","1","4","3","3","2","5","1","3","2","5","7","5","5","7","7","2","7","3","3","3","","","","","","4","","","48","Purple","","10","90","20","92","58","man","White","","","","","","","","$0-$20,000","2yearColl","Independent","","","","Closer to Republican"
"MR798sv","0","100","675","1","1","82","1","1","1","2","7","6","6","6","6","6","3","3","5","6","6","7","4","6","2","2","2","","","","","","4","","","25","Purple ","","31","66","9","10","16","woman","White","","","","","","","","$60,001-$80,000","4yearColl","Independent","","","","Neither"
"CK803xk","0","100","211","1","1","75","3","2","5","3","3","5","3","5","5","6","3","3","5","5","5","5","6","6","1","2","2","","","","","","3","","","27","red","","80","75","30","90","40","man","White","","","","","","","","$40,001-$60,000","GED","Independent","","","","Closer to Republican"
"MT173zp","0","100","3429","1","1","81","1","4","6","2","5","3","3","5","4","3","5","5","5","7","7","7","3","6","2","3","3","","","","","","2","","","43","Pink","","2","100","1","58","9","woman","","","Black or African American","","","","","","$0-$20,000","GED","Independent","","","","Neither"
"DZ218eh","0","100","154","1","1","50","3","4","4","5","4","6","5","5","6","5","5","4","5","6","3","6","6","4","1","1","1","","","","","","4","","","45","Blue","","14","19","3","39","0","woman","","","","Asian","","","","","$20,001-$40,000","GED","Independent","","","","Closer to Democratic"
"WR537fs","0","100","760","1","1","20","5","5","3","2","2","5","2","6","5","6","2","2","5","3","3","3","6","4","2","1","2","","","","","","6","","","55","Blue","None","70","90","65","75","50","man","","","Black or African American","","","","","","Over $200,000","MA","Republican","","","Strong",""
"WE281pu","0","100","1137","1","1","64","6","5","2","1","2","6","1","6","6","5","1","1","5","2","2","2","6","5","1","1","2","","","","","","2","","","32","Sapphire Blue","","32","91","50","74","32","woman","","Hispanic, Latino, or Spanish origin","","","","","","","$80,001-$100,000","4yearColl","Democrat","","Strong","",""
"VD977px","0","100","708","1","1","50","4","6","6","6","4","4","4","4","4","4","4","2","5","3","3","3","5","3","2","2","2","","","","","","6","","","28","Red","","20","20","20","20","20","man","White","","","","","","","","$60,001-$80,000","GED","Republican","","","Strong",""
"IB511fb","0","100","986","1","1","41","1","5","4","5","3","6","3","6","6","5","3","3","5","2","2","3","2","3","1","1","1","","","","","","4","","","23","Green","","70","70","57","54","39","man","White","","","","","","","","$0-$20,000","GED","No preference","","","","Neither"
"YB246uh","0","100","1020","1","1","19","3","5","3","2","2","6","2","6","5","5","2","3","5","2","2","2","6","2","1","1","1","","","","","","7","","","62","Blue","none","0","0","0","0","0","woman","","","Black or African American","","","","","","$40,001-$60,000","4yearColl","Democrat","","Strong","",""
"UR520nx","0","100","449","1","1","28","6","3","3","5","5","4","3","5","6","4","5","5","5","2","5","3","6","3","1","2","2","","","","","","6","","","29","black","none","17","40","13","25","6","man","","","Black or African American","","","","","","$120,001-$140,000","MA","Republican","","","Strong",""
"RJ099ov","0","100","304","1","1","30","4","1","4","7","2","6","2","6","6","6","2","2","5","5","5","5","6","5","2","3","2","","","","","","6","","","33","teal","","53","70","65","75","50","woman","White","","","","","","","","$60,001-$80,000","GED","Republican","","","Strong",""
"JW702gk","0","100","588","1","1","37","4","6","6","5","2","6","2","5","6","6","1","2","5","1","1","1","6","1","1","1","1","","","","","","5","","","76","maroon","","72","81","63","76","66","man","White","","","","","","","","$20,001-$40,000","4yearColl","Independent","","","","Closer to Republican"
"CO078ca","0","100","527","1","1","30","3","4","5","4","3","5","3","4","4","5","3","3","5","5","5","3","5","5","3","2","2","","","","","","4","","","56","red","","60","60","30","70","20","woman","","","","","","Middle Eastern or North African","","","$80,001-$100,000","2yearColl","Independent","","","","Closer to Democratic"
"LY345uu","0","100","180","1","1","80","5","6","3","2","3","5","2","5","5","5","3","5","5","7","7","6","3","6","3","3","3","","","","","","4","","","28","Blue","","46","87","37","27","18","woman","White","","","","","","","","$20,001-$40,000","GED","Independent","","","","Closer to Republican"
"DE771ph","0","100","194","1","1","65","5","6","3","5","1","6","1","6","5","6","2","1","5","5","5","3","6","5","2","2","2","","","","","","5","","","41","Blue","None","72","30","70","37","48","man","","Hispanic, Latino, or Spanish origin","Black or African American","","American Indian or Alaska Native","","","","$100,001-$120,000","2yearColl","Independent","","","","Neither"
"WU678dd","0","100","167","1","1","80","2","3","5","7","6","3","5","3","5","6","6","6","5","4","3","4","5","5","3","2","2","","","","","","7","","","26","blue ","","20","60","11","90","30","man","White","","","","","","","","$60,001-$80,000","GED","Republican","","","Strong",""
"AU777vn","0","100","667","1","1","40","4","4","1","3","2","4","2","4","5","4","2","3","5","5","3","5","5","5","2","2","2","","","","","","3","","","53","blue","Everything went well, no issues with the study.","70","100","45","75","25","woman","White","","","","","","","","$140,001-$160,000","4yearColl","Independent","","","","Closer to Democratic"
"EK067dl","0","100","608","1","1","80","5","6","6","6","2","6","6","6","6","6","2","2","5","5","3","5","5","5","1","2","2","","","","","","6","","","35","Blue","","50","100","30","55","40","woman","White","","","","","","","","$20,001-$40,000","GED","Republican","","","Not very strong",""
"SL012dg","0","100","157","1","1","85","3","3","2","2","5","2","6","2","3","2","6","6","5","7","6","7","1","7","2","2","3","","","","","","3","","","28","purple","","8","60","11","73","33","woman","White","","","","","","","","$20,001-$40,000","GED","Independent","","","","Closer to Democratic"
"BI100lf","0","100","285","1","1","70","3","3","2","3","6","4","3","5","6","5","6","5","5","6","7","6","2","7","3","2","3","","","","","","4","","","53","Blue","No comments.","5","70","60","85","50","man","White","","","","","","","","$0-$20,000","GED","Independent","","","","Neither"
"QQ272er","0","100","524","1","1","10","5","5","5","3","2","5","3","6","6","4","2","2","5","4","3","5","5","5","1","1","2","","","","","","4","","","23","Pink","","50","50","50","50","50","woman","","Hispanic, Latino, or Spanish origin","Black or African American","","","","","","$40,001-$60,000","GED","Independent","","","","Neither"
"TR230oa","0","100","149","1","1","65","2","2","6","6","4","5","3","5","5","5","3","3","5","6","5","5","3","5","3","3","3","","","","","","6","","","43","black","na","52","57","50","69","42","man","White","","","","","","","","$40,001-$60,000","2yearColl","Independent","","","","Closer to Republican"
"SA087cf","0","100","268","1","1","60","5","5","1","1","5","3","5","3","3","3","5","5","5","6","6","6","3","6","2","2","2","","","","","","2","","","59","green","","60","90","71","75","65","woman","White","","","","","","","","$20,001-$40,000","4yearColl","Independent","","","","Closer to Democratic"
"CR226id","0","100","349","1","1","75","2","4","6","5","3","5","4","5","5","4","4","4","5","5","5","5","4","5","2","2","2","","","","","","6","","","53","black","","60","60","73","86","73","man","White","","","","","","","","$20,001-$40,000","4yearColl","Independent","","","","Closer to Republican"
"OT808fz","0","100","525","1","1","20","4","5","3","2","2","3","2","4","3","5","3","3","5","2","5","5","5","2","2","2","1","","","","","","3","","","66","NONE","NONE","29","74","36","79","19","man","White","","","","","","","","$0-$20,000","GED","Independent","","","","Closer to Democratic"
"YN573xe","0","100","150","1","1","43","3","4","3","2","5","2","5","3","3","4","6","6","5","4","3","4","6","3","3","2","3","","","","","","4","","","37","Blue","","66","90","43","57","39","man","White","","","","","","","","$40,001-$60,000","GED","Independent","","","","Closer to Democratic"
"AT614wh","0","100","496","1","1","0","5","4","4","4","2","6","3","5","6","5","2","2","5","2","2","2","5","2","1","1","1","","","","","","4","","","65","blue","","79","95","63","63","79","man","","","Black or African American","","","","","","$40,001-$60,000","2yearColl","Independent","","","","Neither"
"GW569uu","0","100","250","1","1","55","6","7","6","3","3","5","2","5","5","5","2","3","5","4","3","5","4","4","2","2","2","","","","","","4","","","20","Green","","55","90","65","75","45","woman","","","","Asian","","","","","$60,001-$80,000","2yearColl","Independent","","","","Neither"
"XO097bb","0","100","251","1","1","75","4","4","4","4","4","5","5","5","5","5","5","4","5","5","5","5","5","5","2","2","2","","","","","","4","","","65","blue","","66","85","55","60","70","man","White","","","","","","","","$20,001-$40,000","4yearColl","Independent","","","","Neither"
"MQ393hc","0","100","340","1","1","39","4","4","6","7","1","6","1","6","5","6","2","2","5","2","1","1","6","1","1","1","1","","","","","","6","","","80","purple","","27","89","54","39","20","woman","White","","","","","","","","$20,001-$40,000","2yearColl","Independent","","","","Closer to Republican"
"DG626bv","0","100","138","1","1","47","3","5","5","5","3","3","3","3","3","5","3","3","5","4","3","3","5","3","1","1","1","","","","","","5","","","57","Orange ","","52","50","48","54","48","man","White","","","","","","","","$20,001-$40,000","4yearColl","Independent","","","","Closer to Republican"
"VZ703cr","0","100","314","1","1","67","4","5","1","1","5","3","5","3","3","3","3","5","5","5","4","5","5","5","2","2","2","","","","","","2","","","62","Purple","none","50","80","21","65","39","woman","White","","","","","","","","$40,001-$60,000","MA","Democrat","","Strong","",""
"KN412uz","0","100","332","1","1","91","2","1","1","2","2","4","2","5","5","6","2","1","5","5","6","5","4","5","2","2","2","","","","","","3","","","57","blue","","22","57","32","49","42","man","","","Black or African American","","","","","","$80,001-$100,000","MA","Independent","","","","Neither"
"VP305nh","0","100","255","1","1","15","6","6","5","1","3","6","3","6","4","6","2","2","5","1","1","1","6","1","1","1","1","","","","","","2","","","30","black","thank you ","80","95","45","70","56","man","","","","Asian","","","","","$80,001-$100,000","MA","Republican","","","Strong",""
"CF242ms","0","100","110","1","1","57","4","2","2","4","3","5","3","3","4","3","5","3","5","4","4","5","3","3","3","2","2","","","","","","3","","","32","blue","no","0","100","7","38","50","man","White","","","","","","","","$40,001-$60,000","GED","Independent","","","","Neither"
"ZW699ue","0","100","179","1","1","39","5","3","2","2","3","5","3","4","5","5","3","3","5","3","3","4","6","4","2","2","2","","","","","","2","","","31","blue","","68","68","50","56","24","woman","White","","","","","","","","$140,001-$160,000","MA","Democrat","","Strong","",""
"IM264cc","0","100","183","1","1","100","4","7","7","1","2","6","2","6","6","6","2","2","5","7","7","7","1","7","2","2","2","","","","","","1","","","40","Yellow ","","25","75","50","40","40","woman","White","","","","","","","","$0-$20,000","GED","Independent","","","","Closer to Democratic"
"IV730zc","0","100","295","1","1","40","5","4","4","2","4","5","3","5","5","6","4","3","5","4","4","5","4","5","2","2","2","","","","","","4","","","45","purple","","40","77","23","45","33",NA,"White","","","","","","","","$20,001-$40,000","GED","Independent","","","","Neither"
"VN462zj","0","100","307","1","1","41","3","7","6","3","3","2","3","2","2","3","5","5","5","7","6","7","3","7","3","2","3","","","","","","4","","","57","Red","","64","81","4","95","12","man","White","","","","","","","","$60,001-$80,000","4yearColl","Independent","","","","Closer to Democratic"
"EZ511vd","0","100","124","1","1","62","1","1","3","7","5","5","5","3","3","3","3","5","5","5","5","6","4","6","2","2","3","","","","","","5","","","30","Blue","","46","45","41","37","28","man","White","","","","","","","","$40,001-$60,000","2yearColl","Republican","","","Not very strong",""
"OK102hx","0","100","293","1","1","27","4","3","6","7","2","6","2","5","6","5","2","2","5","3","1","2","6","5","1","1","1","","","","","","6","","","50","blue","","77","59","49","54","43","man","White","","","","","","","","$180,001-$200,000","2yearColl","Republican","","","Not very strong",""
"QE316mg","0","100","233","1","1","80","4","4","4","4","3","4","4","4","4","5","4","3","4","7","7","7","5","7","3","3","3","","","","","","4","","","44","Blue","","52","89","71","84","69","man","White","","","","","","","","$60,001-$80,000","4yearColl","Independent","","","","Neither"
"IG153ms","0","100","266","1","1","73","2","3","3","6","5","2","5","3","3","3","5","5","5","5","5","5","5","5","3","2","3","","","","","","5","","","42","blue","","35","73","24","16","29","woman","White","","","","","","","","$60,001-$80,000","4yearColl","Independent","","","","Closer to Republican"
"FW455cl","0","100","331","1","1","61","4","2","4","7","2","5","2","5","5","6","3","2","5","5","3","3","5","2","2","1","2","","","","","","4","","","49","Green","","25","84","41","55","33","woman","White","","","","","","","","$0-$20,000","GED","Independent","","","","Closer to Republican"
"VC370lp","0","100","718","1","1","55","6","1","6","7","3","6","2","6","7","3","3","2","5","2","2","2","6","1","1","1","1","","","","","","4","","","23","Blue","","22","85","20","60","25","man","","","Black or African American","","","","","","$40,001-$60,000","4yearColl","Independent","","","","Closer to Republican"
"PK487oo","0","100","279","1","1","40","5","4","1","3","2","5","2","6","5","5","2","3","5","4","5","5","3","6","1","1","2","","","","","","4","","","56","green","","60","89","54","65","55","man","White","","","","","","","","$40,001-$60,000","GED","Independent","","","","Closer to Democratic"
"AR658sa","0","100","286","1","1","0","4","4","4","5","3","5","3","5","5","5","4","4","5","2","2","2","6","2","1","1","1","","","","","","4","","","36","blue","","33","56","20","37","27","man","White","","","","","","","","$60,001-$80,000","2yearColl","Independent","","","","Neither"
"XL581dy","0","100","401","1","1","32","5","6","2","6","2","6","2","6","6","6","3","2","5","3","2","2","6","3","1","1","1","","","","","","6","","","29","black","","47","51","46","45","47","man","","","Black or African American","","","","","","$140,001-$160,000","PHD","Republican","","","Strong",""
"AT393nm","0","100","400","1","1","5","4","5","2","3","3","5","3","5","5","5","3","3","5","2","2","2","6","2","1","1","1","","","","","","3","","","66","red","Interesting study!","51","65","25","29","31","man","White","","","","","","","","$20,001-$40,000","PHD","Independent","","","","Closer to Democratic"
"CH734ew","0","100","381","1","1","39","4","4","5","4","4","4","3","4","4","4","5","5","5","1","1","1","6","1","1","1","1","","","","","","4","","","40","blue","","54","69","29","54","37","man","","","","Asian","","","","","$120,001-$140,000","4yearColl","Independent","","","","Neither"
"CM003ae","0","100","611","1","1","47","3","3","5","4","7","6","7","6","7","7","6","6","6","2","2","2","7","2","3","3","2","","","","","","4","","","47","green","","41","61","26","28","16","man","","","Black or African American","","","","","","$40,001-$60,000","2yearColl","Independent","","","","Neither"
"KR226ln","0","100","608","1","1","36","3","5","3","4","3","3","3","4","3","5","3","5","5","5","5","5","5","3","2","2","3","","","","","","4","","","31","Purple","","30","80","70","95","68","woman","White","","","","","","","","$80,001-$100,000","GED","Independent","","","","Closer to Republican"
"LQ439qw","0","100","274","1","1","70","5","4","2","7","4","3","4","2","4","4","5","6","5","6","4","6","5","5","1","1","1","","","","","","7","","","61","pink","","30","0","40","50","45","woman","","","Black or African American","","","","","","$0-$20,000","GED","Independent","","","","Closer to Republican"
"XE313ot","0","100","348","1","1","55","2","4","2","1","4","3","4","3","3","3","5","5","5","5","5","5","5","5","1","2","1","","","","","","4","","","48","purple","","70","95","65","67","61","woman","White","","","Asian","","","","","$80,001-$100,000","GED","Independent","","","","Neither"
"BK854ip","0","100","363","1","1","41","4","2","2","3","3","4","1","7","4","5","3","2","5","4","3","2","6","3","1","2","1","","","","","","4","","","47","Blue","Everything displayed correctly ","71","81","75","74","44","woman","White","","","","","","","","Over $200,000","4yearColl","Independent","","","","Neither"
"JF549ih","0","100","201","1","1","10","5","4","4","4","4","5","3","4","4","5","3","3","5","3","2","3","6","3","1","1","1","","","","","","4","","","23","Purple","","60","70","50","50","50","woman","White","","","","","","","","$80,001-$100,000","4yearColl","Independent","","","","Neither"
"ZU759nq","0","100","532","1","1","70","3","4","4","3","3","5","4","5","4","4","3","4","5","3","4","3","5","4","2","2","2","","","","","","3","","","33","navy","","71","95","92","87","90",NA,"","","","Asian","","","","","Prefer not to answer","MA","Independent","","","","Closer to Democratic"
"TK808mu","0","100","314","1","1","15","3","5","5","3","3","5","3","5","5","3","4","3","5","2","2","2","6","2","1","1","1","","","","","","4","","","63","blue","","80","75","60","78","66","woman","White","","","","","","","","$180,001-$200,000","PHD","Independent","","","","Neither"
"CR019pd","0","100","305","1","1","30","5","4","3","1","3","3","3","5","4","4","4","3","5","5","5","5","5","5","1","2","2","","","","","","3","","","31","purple","","60","75","65","70","60","woman","White","","","","","","","","$20,001-$40,000","GED","Independent","","","","Closer to Democratic"
"HN062sz","0","100","483","1","1","68","3","5","3","4","3","5","2","6","5","4","3","3","5","5","5","5","5","6","1","2","2","","","","","","4","","","34","blue","Just because I think whites are better off, doesn't mean that I think it's right. I remind my husband sometimes when he complains of DEI, that if they'd taken the most qualified candidate then he wouldn't have his job, and a lot of the president's cabinet wouldn't either.","5","56","44","59","29","woman","White","","","","","","","","$60,001-$80,000","2yearColl","Independent","","","","Closer to Republican"
"SX776qj","0","100","271","1","1","18","3","5","3","4","5","6","3","5","5","5","3","2","5","2","5","3","5","6","2","2","2","","","","","","5","","","38","green","none","61","70","57","37","51","man","White","","","","","","","","$80,001-$100,000","MA","Independent","","","","Neither"
"SB948vh","0","100","995","1","1","49","4","4","6","2","3","6","4","5","4","6","4","4","5","5","4","4","4","4","2","1","2","","","","","","4","","","26","Purple ","","36","75","23","39","20","woman","","","Black or African American","","","","","","$40,001-$60,000","GED","Independent","","","","Neither"
"NG700yi","0","100","186","1","1","5","3","4","6","5","2","6","1","6","6","7","1","1","5","1","1","1","7","1","1","1","1","","","","","","5","","","62","Blue","","97","73","61","80","53","man","White","","","","","","","","Over $200,000","MA","Republican","","","Not very strong",""
