"PID","STATE","COUNTY","CAND_1","CAND_2","RACETYPE","PLACENAME","lebe_cont","vote_sweep","vote_sweep_all","vote_other","vote_inc_all","vote_t2","vote_sweep_t2","vote_sweep_all_t2","vote_other_t2","vote_inc_all_t2","cand1_change","cand2_change","cand1_rightwing","cand2_rightwing","cand1_cult","cand2_cult","cand1_econ","cand2_econ","vote_turnout","vote_who","ideo","party_gen","party_dem","party_rep","party_ind","party_followup","party_id","is_elg","age","gender","race","edu","income","income_num","edu_num","white_bin","man_bin","rep_bin","dem_bin","ind_bin","feedback"
"AA207ao","New York","Kings","Zohran Mamdani","Andrew Cuomo","Mayoral","New York City",61,1,1,0,0,"Zohran Mamdani",1,1,0,0,6,1,1.5,4.5,1,4,2,5,"Yes","Zohran Mamdani",1,"Democrat","Strong",NA,NA,"Democrat | Strong","Dem",1,37,"man","White","MA","$80,001-$100,000",5,5,1,1,0,1,0,NA
"AA222ul","New Jersey","Burlington","Jack Ciattarelli","Mikie Sherill","Gubernatorial","New Jersey",80,1,1,0,0,NA,NA,NA,NA,NA,3,3,4,2.5,4,2,4,3,"Not sure","Jack Ciattarelli",4,"No preference",NA,NA,"Neither","Independent | Neither","Ind",1,32,"woman","White","GED","$20,001-$40,000",2,2,1,0,0,0,0,NA
"AC689lr","New Jersey","Hudson","Jack Ciattarelli","Mikie Sherill","Gubernatorial","New Jersey",45,0,0,0,1,"Mikie Sherill",0,0,0,1,2,4,6.5,3.5,7,3,6,4,"Yes","Mikie Sherill",2,"Democrat","Strong",NA,NA,"Democrat | Strong","Dem",1,33,"man","Asian","4yearColl","$60,001-$80,000",4,4,0,1,0,1,0,NA
"AC758ua","Minnesota","Hennepin","Jacob Frey","Omar Fateh","Mayoral","Minneapolis",45,1,1,0,0,"Omar Fateh",1,1,0,0,4,4,5,2.5,6,1,4,4,"Yes","Omar Fateh",2,"Democrat","Strong",NA,NA,"Democrat | Strong","Dem",1,28,"woman","Asian","4yearColl","$100,001-$120,000",6,4,0,0,0,1,0,NA
"AI279ov","New York","Kings","Zohran Mamdani","Andrew Cuomo","Mayoral","New York City",8,NA,0,1,0,"Zohran Mamdani",1,1,0,0,6,4,2.5,4,1,4,4,4,"Yes",NA,2,"Democrat","Strong",NA,NA,"Democrat | Strong","Dem",1,64,"woman","White","GED","$80,001-$100,000",5,2,1,0,0,1,0,NA
"AN157kw","New York","Kings","Zohran Mamdani","Andrew Cuomo","Mayoral","New York City",73,1,1,0,0,"Zohran Mamdani",1,1,0,0,5,3,3.5,4.5,2,6,5,3,"Yes","Zohran Mamdani",3,"Democrat","Not very strong",NA,NA,"Democrat | Not very strong","Dem",1,31,"man","Asian","GED","$20,001-$40,000",2,2,0,1,0,1,0,NA
"AP867qx","New Jersey","Sussex","Jack Ciattarelli","Mikie Sherill","Gubernatorial","New Jersey",18,0,0,0,1,"Mikie Sherill",0,0,0,1,6,3,6.5,1.5,6,2,7,1,"Yes","Mikie Sherill",5,"Republican",NA,"Not very strong",NA,"Republican | Not very strong","Rep",1,55,"woman","White","MA","$120,001-$140,000",7,5,1,0,1,0,0,"I usually vote Republican, but as a teacher with a pension I have to go with the Democrat on this one."
"AP999xh","Minnesota","Hennepin","Jacob Frey","Omar Fateh","Mayoral","Minneapolis",40,1,1,0,0,"Omar Fateh",1,1,0,0,2,5,5.5,2,5,2,6,2,"Yes","Omar Fateh",1,"Democrat","Strong",NA,NA,"Democrat | Strong","Dem",1,31,"man","White","2yearColl","$80,001-$100,000",5,3,1,1,0,1,0,NA
"AQ261qr","New York","New York","Zohran Mamdani","Andrew Cuomo","Mayoral","New York City",37,1,1,0,0,NA,NA,NA,NA,NA,7,1,2,6,2,5,2,7,"Yes","Zohran Mamdani",1,"Democrat","Strong",NA,NA,"Democrat | Strong","Dem",1,28,"man","Asian","4yearColl","$140,001-$160,000",8,4,0,1,0,1,0,NA
"AQ548ok","New Jersey","Burlington","Jack Ciattarelli","Mikie Sherill","Gubernatorial","New Jersey",31,1,1,0,0,"Jack Ciattarelli",1,1,0,0,5,1,7,1,7,1,7,1,"Yes","Jack Ciattarelli",5,"Republican",NA,"Not very strong",NA,"Republican | Not very strong","Rep",1,57,"woman","White","PHD","Over $200,000",11,6,1,0,1,0,0,NA
"AS927sn","New York","Kings","Zohran Mamdani","Andrew Cuomo","Mayoral","New York City",80,1,1,0,0,"Zohran Mamdani",1,1,0,0,6,1,1.5,6,1,6,2,6,"Yes","Zohran Mamdani",2,"Democrat","Not very strong",NA,NA,"Democrat | Not very strong","Dem",1,28,"woman","White","4yearColl","$40,001-$60,000",3,4,1,0,0,1,0,NA
"AS927sn","New York","Kings","Zohran Mamdani","Andrew Cuomo","Mayoral","New York City",80,1,1,0,0,NA,NA,0,1,0,6,1,1.5,6,1,6,2,6,"Yes","Zohran Mamdani",2,"Democrat","Not very strong",NA,NA,"Democrat | Not very strong","Dem",1,28,"woman","White","4yearColl","$40,001-$60,000",3,4,1,0,0,1,0,NA
"AV465uq","New Jersey","Bergen","Jack Ciattarelli","Mikie Sherill","Gubernatorial","New Jersey",43,NA,0,1,0,NA,NA,NA,NA,NA,4,4,4,4,4,4,4,4,"Not sure",NA,2,"Democrat","Not very strong",NA,NA,"Democrat | Not very strong","Dem",1,20,NA,"Asian","GED","$80,001-$100,000",5,2,0,NA,0,1,0,NA
"AX665tc","New York","Queens","Zohran Mamdani","Andrew Cuomo","Mayoral","New York City",80,NA,0,1,0,NA,NA,NA,NA,NA,5,1,1,5.5,1,6,1,5,"Not sure","none",1,"Democrat","Strong",NA,NA,"Democrat | Strong","Dem",1,36,"woman","Other (please specify)","PHD","$180,001-$200,000",10,6,0,0,0,1,0,"I am planning on not voting for mayor because I think at the moment Mamdani is winning strongly enough that my vote doesn't matter, and I have extensive personal experience with him (we were part of the same organization for ~3 years) and find him very unpleasant on a personal level. If it looks like Cuomo might win then I will have to vote for Mamdani, but if Mamdani can win without me then I won't vote for him."
"AZ493zv","Minnesota","Hennepin","Jacob Frey","Omar Fateh","Mayoral","Minneapolis",60,NA,0,1,0,NA,NA,0,1,0,1,4,5,3,5,3,5,3,"Yes","Dewayne Davis",1,"Other party",NA,NA,"Closer to Democratic","Independent | Closer to Democratic","Dem",1,35,"woman","White","4yearColl","$40,001-$60,000",3,4,1,0,0,0,0,NA
"BG018dv","New Jersey","Union","Jack Ciattarelli","Mikie Sherill","Gubernatorial","New Jersey",62,0,0,0,1,"Mikie Sherill",0,0,0,1,4,2,7,4,7,3,7,5,"Yes","Mikie Sherill",1,"Democrat","Strong",NA,NA,"Democrat | Strong","Dem",1,27,"man","Asian","4yearColl","Over $200,000",11,4,0,1,0,1,0,NA
"BG499tc","New York","Kings","Zohran Mamdani","Andrew Cuomo","Mayoral","New York City",38,NA,0,1,0,"No Vote",NA,0,1,0,7,3,1,3.5,1,4,1,3,"Yes",NA,4,"Independent",NA,NA,"Neither","Independent | Neither","Ind",1,27,"man","multiracial","4yearColl",NA,NA,4,0,1,0,0,1,NA
"BH598wn","New York","New York","Zohran Mamdani","Andrew Cuomo","Mayoral","New York City",0,NA,0,1,0,"Andrew Cuomo",0,0,0,1,6,6,6,6,6,6,6,6,"Yes","Curtis Sliwa",2,"Democrat","Strong",NA,NA,"Democrat | Strong","Dem",1,28,"woman","Black or African American","MA","$100,001-$120,000",6,5,0,0,0,1,0,NA
"BH643yd","New York","Queens","Zohran Mamdani","Andrew Cuomo","Mayoral","New York City",47,1,1,0,0,"Zohran Mamdani",1,1,0,0,6,3,1.5,3.5,2,4,1,3,"Not sure","Zohran Mamdani",2,"Other party",NA,NA,"Closer to Democratic","Independent | Closer to Democratic","Dem",1,25,"man","multiracial","4yearColl","$80,001-$100,000",5,4,0,1,0,0,0,NA
"BL932po","New Jersey","Passaic","Jack Ciattarelli","Mikie Sherill","Gubernatorial","New Jersey",30,0,0,0,1,"Mikie Sherill",0,0,0,1,7,2,7,1.5,7,2,7,1,"Yes","Mikie Sherill",2,"Democrat","Strong",NA,NA,"Democrat | Strong","Dem",1,19,"woman","White","GED","$60,001-$80,000",4,2,1,0,0,1,0,NA
"BN397yi","New York","Queens","Zohran Mamdani","Andrew Cuomo","Mayoral","New York City",57,1,1,0,0,"Zohran Mamdani",1,1,0,0,4,5,3.5,4,3,5,4,3,"Yes","Zohran Mamdani",5,"Democrat","Not very strong",NA,NA,"Democrat | Not very strong","Dem",1,32,"man","Asian","MA","$120,001-$140,000",7,5,0,1,0,1,0,NA
"BN678sc","New York","Bronx","Zohran Mamdani","Andrew Cuomo","Mayoral","New York City",40,1,1,0,0,"Zohran Mamdani",1,1,0,0,3,4,1,5.5,1,6,1,5,"Yes","Zohran Mamdani",4,"Independent",NA,NA,"Neither","Independent | Neither","Ind",1,31,"man","Hispanic, Latino, or Spanish origin","4yearColl","$60,001-$80,000",4,4,0,1,0,0,1,NA
"BN891cm","New York","Queens","Zohran Mamdani","Andrew Cuomo","Mayoral","New York City",30,1,1,0,0,NA,NA,NA,NA,NA,3,1,1,6.5,1,6,1,7,"Yes","Zohran Mamdani",2,"Democrat","Strong",NA,NA,"Democrat | Strong","Dem",1,39,"woman","White","MA","$160,001-$180,000",9,5,1,0,0,1,0,NA
"BN920lq","New Jersey","Middlesex","Jack Ciattarelli","Mikie Sherill","Gubernatorial","New Jersey",80,0,0,0,1,"Mikie Sherill",0,0,0,1,5,3,6,2,7,1,5,3,"Yes","Mikie Sherill",1,"Democrat","Strong",NA,NA,"Democrat | Strong","Dem",1,21,"man","White","GED","$60,001-$80,000",4,2,1,1,0,1,0,NA
"BN944ur","New York","Bronx","Zohran Mamdani","Andrew Cuomo","Mayoral","New York City",60,1,1,0,0,"Zohran Mamdani",1,1,0,0,7,1,1,4,1,3,1,5,"Yes","Zohran Mamdani",2,"Independent",NA,NA,"Closer to Democratic","Independent | Closer to Democratic","Dem",1,30,"man","Black or African American","GED","$20,001-$40,000",2,2,0,1,0,0,1,NA
"BR194vg","New Jersey","Gloucester","Jack Ciattarelli","Mikie Sherill","Gubernatorial","New Jersey",60,1,1,0,0,NA,NA,NA,NA,NA,6,2,5,3,6,2,4,4,"Not sure","Jack Ciattarelli",5,"Republican",NA,"Strong",NA,"Republican | Strong","Rep",1,32,"woman","White","MA","$60,001-$80,000",4,5,1,0,1,0,0,NA
"BR313wi","New Jersey","Essex","Jack Ciattarelli","Mikie Sherill","Gubernatorial","New Jersey",75,0,0,0,1,"Mikie Sherill",0,0,0,1,5,2,5.5,4.5,7,4,4,5,"Yes","Mikie Sherill",2,"Democrat","Strong",NA,NA,"Democrat | Strong","Dem",1,42,"woman","multiracial","4yearColl","$160,001-$180,000",9,4,0,0,0,1,0,NA
"BU402ww","New York","Queens","Zohran Mamdani","Andrew Cuomo","Mayoral","New York City",92,1,1,0,0,"Zohran Mamdani",1,1,0,0,6,2,1.5,6,1,5,2,7,"Yes","Zohran Mamdani",2,"Democrat","Not very strong",NA,NA,"Democrat | Not very strong","Dem",1,23,"woman","Black or African American","4yearColl",NA,NA,4,0,0,0,1,0,NA
"BV965xx","New Jersey","Passaic","Jack Ciattarelli","Mikie Sherill","Gubernatorial","New Jersey",20,NA,0,1,0,NA,NA,0,1,0,3,3,4.5,5,5,5,4,5,"Not sure",NA,2,"Democrat","Not very strong",NA,NA,"Democrat | Not very strong","Dem",1,25,"woman","White","4yearColl","$40,001-$60,000",3,4,1,0,0,1,0,NA
"BX854yy","New Jersey","Middlesex","Jack Ciattarelli","Mikie Sherill","Gubernatorial","New Jersey",80,NA,0,1,0,NA,NA,NA,NA,NA,4,4,4,4,4,4,4,4,"No",NA,2,"No preference",NA,NA,"Closer to Democratic","Independent | Closer to Democratic","Dem",1,35,"woman","Black or African American","GED","$60,001-$80,000",4,2,0,0,0,0,0,NA
"BY458ns","New Jersey","Ocean","Jack Ciattarelli","Mikie Sherill","Gubernatorial","New Jersey",100,0,0,0,1,"Mikie Sherill",0,0,0,1,7,3,5,3.5,7,3,3,4,"Yes","Mikie Sherill",6,"Democrat","Not very strong",NA,NA,"Democrat | Not very strong","Dem",1,41,"woman","White","GED","$0-$20,000",1,2,1,0,0,1,0,NA
"BY583tb","New Jersey","Hudson","Jack Ciattarelli","Mikie Sherill","Gubernatorial","New Jersey",40,0,0,0,1,"Mikie Sherill",0,0,0,1,2,5,4.5,1,4,1,5,1,"Yes","Mikie Sherill",2,"Independent",NA,NA,"Closer to Democratic","Independent | Closer to Democratic","Dem",1,53,"woman","Black or African American","GED","$180,001-$200,000",10,2,0,0,0,0,1,NA
"BY783me","New York","Bronx","Zohran Mamdani","Andrew Cuomo","Mayoral","New York City",64,1,1,0,0,"Zohran Mamdani",1,1,0,0,5,4,2.5,5,2,5,3,5,"Yes","Zohran Mamdani",3,"Democrat","Strong",NA,NA,"Democrat | Strong","Dem",1,20,"woman","Black or African American","GED","$60,001-$80,000",4,2,0,0,0,1,0,NA
"BZ612xl","New York","Kings","Zohran Mamdani","Andrew Cuomo","Mayoral","New York City",90,1,1,0,0,NA,NA,NA,NA,NA,7,1,1,6,1,6,1,6,"Yes","Zohran Mamdani",1,"Democrat","Not very strong",NA,NA,"Democrat | Not very strong","Dem",1,61,"man","White","MA","$160,001-$180,000",9,5,1,1,0,1,0,NA
"BZ933ap","New Jersey","Gloucester","Jack Ciattarelli","Mikie Sherill","Gubernatorial","New Jersey",0,0,0,0,1,"Mikie Sherill",0,0,0,1,7,1,7,5,7,5,7,5,"Yes","Mikie Sherill",1,"Democrat","Not very strong",NA,NA,"Democrat | Not very strong","Dem",1,37,"woman","White","MA","$0-$20,000",1,5,1,0,0,1,0,NA
"CB219ub","New York","Kings","Zohran Mamdani","Andrew Cuomo","Mayoral","New York City",81,1,1,0,0,"Zohran Mamdani",1,1,0,0,5,5,3.5,3,1,3,6,3,"Yes","Zohran Mamdani",5,"Democrat","Not very strong",NA,NA,"Democrat | Not very strong","Dem",1,42,"woman","Black or African American","GED","$20,001-$40,000",2,2,0,0,0,1,0,NA
"CP362pr","New Jersey","Middlesex","Jack Ciattarelli","Mikie Sherill","Gubernatorial","New Jersey",12,1,1,0,0,"Jack Ciattarelli",1,1,0,0,7,2,6.5,1,7,1,6,1,"Yes","Jack Ciattarelli",4,"Independent",NA,NA,"Neither","Independent | Neither","Ind",1,36,"man","White","4yearColl","$20,001-$40,000",2,4,1,1,0,0,1,NA
"CR096kp","Minnesota","Hennepin","Jacob Frey","Omar Fateh","Mayoral","Minneapolis",75,1,1,0,0,"Omar Fateh",1,1,0,0,2,6,5,2,5,2,5,2,"Yes","Omar Fateh",2,"Democrat","Strong",NA,NA,"Democrat | Strong","Dem",1,60,"man","White","GED","$20,001-$40,000",2,2,1,1,0,1,0,NA
"CT156ny","New York","New York","Zohran Mamdani","Andrew Cuomo","Mayoral","New York City",18,0,0,0,1,"Andrew Cuomo",0,0,0,1,7,3,1,4.5,1,4,1,5,"Yes","Andrew Cuomo",4,"Democrat","Not very strong",NA,NA,"Democrat | Not very strong","Dem",1,25,"man","White","4yearColl","$100,001-$120,000",6,4,1,1,0,1,0,NA
"CV720bz","New York","Kings","Zohran Mamdani","Andrew Cuomo","Mayoral","New York City",100,1,1,0,0,NA,NA,NA,NA,NA,3,1,3.5,7,3,7,4,7,"Yes","Zohran Mamdani",1,"Independent",NA,NA,"Neither","Independent | Neither","Ind",1,42,"man","White","PHD","$100,001-$120,000",6,6,1,1,0,0,1,NA
"CW090bl","New Jersey","Morris","Jack Ciattarelli","Mikie Sherill","Gubernatorial","New Jersey",31,1,1,0,0,NA,NA,NA,NA,NA,3,1,5.5,1.5,5,1,6,2,"Yes","Jack Ciattarelli",4,"Independent",NA,NA,"Closer to Republican","Independent | Closer to Republican","Rep",1,26,"man","Asian","4yearColl","$60,001-$80,000",4,4,0,1,0,0,1,NA
"CY116bf","New York","New York","Zohran Mamdani","Andrew Cuomo","Mayoral","New York City",20,1,1,0,0,"Zohran Mamdani",1,1,0,0,6,1,1,6.5,1,6,1,7,"Yes","Zohran Mamdani",2,"Democrat","Strong",NA,NA,"Democrat | Strong","Dem",1,28,"woman","Hispanic, Latino, or Spanish origin","4yearColl","$60,001-$80,000",4,4,0,0,0,1,0,NA
"CY369jc","New York","Richmond","Zohran Mamdani","Andrew Cuomo","Mayoral","New York City",71,1,1,0,0,NA,NA,NA,NA,NA,6,1,3,5,1,7,5,3,"Yes","Zohran Mamdani",3,"Democrat","Strong",NA,NA,"Democrat | Strong","Dem",1,28,"man","White","4yearColl","$100,001-$120,000",6,4,1,1,0,1,0,NA
"CZ599zr","New Jersey","Passaic","Jack Ciattarelli","Mikie Sherill","Gubernatorial","New Jersey",70,0,0,0,1,"Mikie Sherill",0,0,0,1,1,5,6.5,2.5,7,3,6,2,"Yes","Mikie Sherill",3,"Democrat","Strong",NA,NA,"Democrat | Strong","Dem",1,27,"woman","White","GED","$0-$20,000",1,2,1,0,0,1,0,NA
"DD403sv","New York","Kings","Zohran Mamdani","Andrew Cuomo","Mayoral","New York City",70,1,1,0,0,"Zohran Mamdani",1,1,0,0,6,1,4,4.5,2,7,6,2,"Yes","Zohran Mamdani",2,"Democrat","Not very strong",NA,NA,"Democrat | Not very strong","Dem",1,27,"woman","Black or African American","2yearColl","$60,001-$80,000",4,3,0,0,0,1,0,NA
"DF400eu","New Jersey","Bergen","Jack Ciattarelli","Mikie Sherill","Gubernatorial","New Jersey",65,0,0,0,1,NA,NA,NA,NA,NA,4,5,4.5,3.5,5,3,4,4,"Yes","Mikie Sherill",3,"Democrat","Not very strong",NA,NA,"Democrat | Not very strong","Dem",1,33,"woman","White","4yearColl","$120,001-$140,000",7,4,1,0,0,1,0,NA
"DG140bj","New Jersey","Hudson","Jack Ciattarelli","Mikie Sherill","Gubernatorial","New Jersey",40,0,0,0,1,"Mikie Sherill",0,0,0,1,1,1,7,3.5,7,4,7,3,"No","Mikie Sherill",2,"Democrat","Strong",NA,NA,"Democrat | Strong","Dem",1,29,"man","Black or African American","4yearColl","$60,001-$80,000",4,4,0,1,0,1,0,NA
"DG241hf","New Jersey","Burlington","Jack Ciattarelli","Mikie Sherill","Gubernatorial","New Jersey",24,1,1,0,0,"Jack Ciattarelli",1,1,0,0,5,2,6,2,7,1,5,3,"Yes","Jack Ciattarelli",6,"Republican",NA,"Strong",NA,"Republican | Strong","Rep",1,63,"woman","White","2yearColl","$80,001-$100,000",5,3,1,0,1,0,0,NA
"DJ269jl","New Jersey","Hudson","Jack Ciattarelli","Mikie Sherill","Gubernatorial","New Jersey",52,1,1,0,0,NA,NA,NA,NA,NA,4,4,2,5.5,1,4,3,7,"No","Jack Ciattarelli",4,"No preference",NA,NA,"Neither","Independent | Neither","Ind",1,31,"woman","Asian","MA","$80,001-$100,000",5,5,0,0,0,0,0,NA
"DM778fc","New York","Queens","Zohran Mamdani","Andrew Cuomo","Mayoral","New York City",71,0,0,0,1,"Andrew Cuomo",0,0,0,1,5,3,4,3.5,2,4,6,3,"Not sure","Andrew Cuomo",1,"Democrat","Strong",NA,NA,"Democrat | Strong","Dem",1,48,"woman","Black or African American","2yearColl","$140,001-$160,000",8,3,0,0,0,1,0,NA
"DQ069wy","New Jersey","Morris","Jack Ciattarelli","Mikie Sherill","Gubernatorial","New Jersey",40,1,1,0,0,"Jack Ciattarelli",1,1,0,0,3,6,6,1.5,5,1,7,2,"Yes","Jack Ciattarelli",5,"Republican",NA,"Not very strong",NA,"Republican | Not very strong","Rep",1,52,"woman","White","4yearColl","Over $200,000",11,4,1,0,1,0,0,NA
"DR922dw","New York","Richmond","Zohran Mamdani","Andrew Cuomo","Mayoral","New York City",64,1,1,0,0,"Zohran Mamdani",1,1,0,0,6,2,1.5,5,1,5,2,5,"Yes","Zohran Mamdani",4,"Democrat","Not very strong",NA,NA,"Democrat | Not very strong","Dem",1,29,"man","White","2yearColl","$40,001-$60,000",3,3,1,1,0,1,0,NA
"DS536hq","New York","Queens","Zohran Mamdani","Andrew Cuomo","Mayoral","New York City",25,1,1,0,0,"Zohran Mamdani",1,1,0,0,6,1,1.5,4.5,1,4,2,5,"Yes","Zohran Mamdani",1,"Democrat","Strong",NA,NA,"Democrat | Strong","Dem",1,30,"woman","White","MA","$100,001-$120,000",6,5,1,0,0,1,0,NA
"DT673ua","New Jersey","Union","Jack Ciattarelli","Mikie Sherill","Gubernatorial","New Jersey",42,0,0,0,1,"Mikie Sherill",0,0,0,1,6,5,5.5,2,7,2,4,2,"Yes","Mikie Sherill",1,"Democrat","Strong",NA,NA,"Democrat | Strong","Dem",1,39,"woman","White","4yearColl","Over $200,000",11,4,1,0,0,1,0,NA
"DU042lh","New Jersey","Sussex","Jack Ciattarelli","Mikie Sherill","Gubernatorial","New Jersey",80,0,0,0,1,NA,NA,NA,NA,NA,7,2,7,2.5,7,2,7,3,"Yes","Mikie Sherill",1,"Democrat","Strong",NA,NA,"Democrat | Strong","Dem",1,40,"woman","White","2yearColl","$60,001-$80,000",4,3,1,0,0,1,0,NA
"DW922fw","New Jersey","Essex","Jack Ciattarelli","Mikie Sherill","Gubernatorial","New Jersey",10,0,0,0,1,"Mikie Sherill",0,0,0,1,3,6,6.5,2.5,7,3,6,2,"Yes","Mikie Sherill",3,"Democrat","Not very strong",NA,NA,"Democrat | Not very strong","Dem",1,31,"woman","Black or African American","4yearColl","$100,001-$120,000",6,4,0,0,0,1,0,NA
"EA040mh","Minnesota","Hennepin","Jacob Frey","Omar Fateh","Mayoral","Minneapolis",73,1,1,0,0,"Omar Fateh",1,1,0,0,1,6,5,4.5,4,6,6,3,"No","Omar Fateh",2,"Democrat","Strong",NA,NA,"Democrat | Strong","Dem",1,32,"man","White","4yearColl","Over $200,000",11,4,1,1,0,1,0,NA
"EA307ny","New York","Kings","Zohran Mamdani","Andrew Cuomo","Mayoral","New York City",80,1,1,0,0,"Zohran Mamdani",1,1,0,0,6,1,1.5,6,1,6,2,6,"Not sure","Zohran Mamdani",1,"Democrat","Not very strong",NA,NA,"Democrat | Not very strong","Dem",1,21,"woman","Asian","GED","$0-$20,000",1,2,0,0,0,1,0,NA
"EA419gv","New Jersey","Burlington","Jack Ciattarelli","Mikie Sherill","Gubernatorial","New Jersey",50,NA,0,1,0,NA,NA,0,1,0,7,4,7,1,7,1,7,1,"No",NA,1,"Democrat","Strong",NA,NA,"Democrat | Strong","Dem",1,34,"woman","Black or African American","GED","$80,001-$100,000",5,2,0,0,0,1,0,NA
"ED185wf","New Jersey","Camden","Jack Ciattarelli","Mikie Sherill","Gubernatorial","New Jersey",25,0,0,0,1,"Mikie Sherill",0,0,0,1,1,7,7,1,7,1,7,1,"Yes","Mikie Sherill",2,"Independent",NA,NA,"Closer to Democratic","Independent | Closer to Democratic","Dem",1,44,"woman","White","MA","Over $200,000",11,5,1,0,0,0,1,NA
"EF386fa","New Jersey","Bergen","Jack Ciattarelli","Mikie Sherill","Gubernatorial","New Jersey",61,0,0,0,1,NA,NA,0,1,0,5,6,4,5.5,4,5,4,6,"No","Mikie Sherill",5,"Republican",NA,"Not very strong",NA,"Republican | Not very strong","Rep",1,28,"man","Asian","MA","Over $200,000",11,5,0,1,1,0,0,NA
"EG822wg","New York","Queens","Zohran Mamdani","Andrew Cuomo","Mayoral","New York City",90,1,1,0,0,NA,NA,NA,NA,NA,4,1,2,6.5,1,6,3,7,"Yes","Zohran Mamdani",1,"Democrat","Strong",NA,NA,"Democrat | Strong","Dem",1,36,"woman","White","4yearColl","$120,001-$140,000",7,4,1,0,0,1,0,NA
"EH322dr","New Jersey","Cape May","Jack Ciattarelli","Mikie Sherill","Gubernatorial","New Jersey",30,NA,0,1,0,NA,NA,NA,NA,NA,5,4,4,4,6,3,2,5,"Yes",NA,6,"Independent",NA,NA,"Closer to Republican","Independent | Closer to Republican","Rep",1,61,"woman","White","GED","$80,001-$100,000",5,2,1,0,0,0,1,NA
"EH920dc","New Jersey","Essex","Jack Ciattarelli","Mikie Sherill","Gubernatorial","New Jersey",82,1,1,0,0,"Jack Ciattarelli",1,1,0,0,4,4,5,2.5,5,3,5,2,"No","Jack Ciattarelli",4,"No preference",NA,NA,"Neither","Independent | Neither","Ind",1,43,"woman","Other (please specify)","4yearColl","Over $200,000",11,4,0,0,0,0,0,NA
"EJ349rd","New Jersey","Cape May","Jack Ciattarelli","Mikie Sherill","Gubernatorial","New Jersey",5,1,1,0,0,"Jack Ciattarelli",1,1,0,0,4,7,7,1,7,1,7,1,"Yes","Jack Ciattarelli",6,"Republican",NA,"Strong",NA,"Republican | Strong","Rep",1,82,"woman","White","GED","$40,001-$60,000",3,2,1,0,1,0,0,NA
"EK185us","New Jersey","Gloucester","Jack Ciattarelli","Mikie Sherill","Gubernatorial","New Jersey",13,0,0,0,1,"Mikie Sherill",0,0,0,1,4,3,6,3.5,6,3,6,4,"Yes","Mikie Sherill",2,"Democrat","Strong",NA,NA,"Democrat | Strong","Dem",1,35,"woman","White","MA","Over $200,000",11,5,1,0,0,1,0,NA
"EL437nv","New York","Kings","Zohran Mamdani","Andrew Cuomo","Mayoral","New York City",70,1,1,0,0,"Zohran Mamdani",1,1,0,0,5,2,1.5,5,1,4,2,6,"Yes","Zohran Mamdani",3,"Democrat","Strong",NA,NA,"Democrat | Strong","Dem",1,37,"woman","White","4yearColl","$80,001-$100,000",5,4,1,0,0,1,0,NA
"EM824ba","New York","Queens","Zohran Mamdani","Andrew Cuomo","Mayoral","New York City",65,0,0,0,1,"Andrew Cuomo",0,0,0,1,5,2,1,3.5,1,3,1,4,"Yes","Andrew Cuomo",6,"Republican",NA,"Strong",NA,"Republican | Strong","Rep",1,39,"man","White","MA","Over $200,000",11,5,1,1,1,0,0,NA
"EN523pg","New Jersey","Atlantic","Jack Ciattarelli","Mikie Sherill","Gubernatorial","New Jersey",75,0,0,0,1,"Mikie Sherill",0,0,0,1,6,2,6.5,3,7,3,6,3,"Yes","Mikie Sherill",1,"Democrat","Not very strong",NA,NA,"Democrat | Not very strong","Dem",1,26,"man","White","GED","$80,001-$100,000",5,2,1,1,0,1,0,NA
"EQ437fx","New Jersey","Essex","Jack Ciattarelli","Mikie Sherill","Gubernatorial","New Jersey",30,0,0,0,1,"Mikie Sherill",0,0,0,1,7,3,7,1,7,1,7,1,"Yes","Mikie Sherill",4,"Other party",NA,NA,"Neither","Independent | Neither","Ind",1,52,"woman","multiracial","GED","$60,001-$80,000",4,2,0,0,0,0,0,NA
"ET140jy","New Jersey","Hunterdon","Jack Ciattarelli","Mikie Sherill","Gubernatorial","New Jersey",90,0,0,0,1,"Mikie Sherill",0,0,0,1,6,3,7,3,7,3,7,3,"Yes","Mikie Sherill",1,"Democrat","Strong",NA,NA,"Democrat | Strong","Dem",1,27,"woman","White","4yearColl","$0-$20,000",1,4,1,0,0,1,0,NA
"EU074ao","Minnesota","Hennepin","Jacob Frey","Omar Fateh","Mayoral","Minneapolis",16,0,0,0,1,"Jacob Frey",0,0,0,1,5,7,6.5,1,6,1,7,1,"No","Jacob Frey",6,"Republican",NA,"Strong",NA,"Republican | Strong","Rep",1,55,"woman","White","2yearColl","Over $200,000",11,3,1,0,1,0,0,NA
"EX906qa","New Jersey","Mercer","Jack Ciattarelli","Mikie Sherill","Gubernatorial","New Jersey",20,0,0,0,1,"Mikie Sherill",0,0,0,1,6,4,7,3,7,2,7,4,"Yes","Mikie Sherill",1,"Democrat","Strong",NA,NA,"Democrat | Strong","Dem",1,54,"man","White","MA","$180,001-$200,000",10,5,1,1,0,1,0,NA
"EY131ph","Washington","King","Bruce Harrell","Katie Wilson","Mayoral","Seattle",50,NA,0,1,0,NA,NA,0,1,0,1,4,7,4,7,4,7,4,"No",NA,4,"No preference",NA,NA,"Neither","Independent | Neither","Ind",1,35,"man","White","4yearColl","$140,001-$160,000",8,4,1,1,0,0,0,NA
"EY589ii","New York","Kings","Zohran Mamdani","Andrew Cuomo","Mayoral","New York City",20,1,1,0,0,"Zohran Mamdani",1,1,0,0,4,1,1.5,7,1,7,2,7,"Yes","Zohran Mamdani",1,"Democrat","Strong",NA,NA,"Democrat | Strong","Dem",1,46,"man","White","PHD","$80,001-$100,000",5,6,1,1,0,1,0,"n/a"
"FB782gm","New Jersey","Monmouth","Jack Ciattarelli","Mikie Sherill","Gubernatorial","New Jersey",60,0,0,0,1,"Mikie Sherill",0,0,0,1,4,2,7,1.5,7,1,7,2,"Yes","Mikie Sherill",3,"Independent",NA,NA,"Closer to Democratic","Independent | Closer to Democratic","Dem",1,53,"woman","White","2yearColl","$100,001-$120,000",6,3,1,0,0,0,1,NA
"FD680rk","New Jersey","Mercer","Jack Ciattarelli","Mikie Sherill","Gubernatorial","New Jersey",31,0,0,0,1,"Mikie Sherill",0,0,0,1,7,4,7,2,7,1,7,3,"Yes","Mikie Sherill",4,"Independent",NA,NA,"Neither","Independent | Neither","Ind",1,45,"woman","Hispanic, Latino, or Spanish origin","MA","$60,001-$80,000",4,5,0,0,0,0,1,NA
"FE297qe","New York","New York","Zohran Mamdani","Andrew Cuomo","Mayoral","New York City",90,1,1,0,0,"Zohran Mamdani",1,1,0,0,6,2,1.5,5,1,5,2,5,"Yes","Zohran Mamdani",3,"Democrat","Not very strong",NA,NA,"Democrat | Not very strong","Dem",1,38,"man","White","4yearColl","$80,001-$100,000",5,4,1,1,0,1,0,NA
"FI674ao","New York","Bronx","Zohran Mamdani","Andrew Cuomo","Mayoral","New York City",80,1,1,0,0,"Zohran Mamdani",1,1,0,0,5,2,3.5,3.5,2,4,5,3,"Yes","Zohran Mamdani",2,"Democrat","Strong",NA,NA,"Democrat | Strong","Dem",1,50,"woman","Black or African American","GED","$40,001-$60,000",3,2,0,0,0,1,0,NA
"FK447if","New Jersey","Bergen","Jack Ciattarelli","Mikie Sherill","Gubernatorial","New Jersey",58,1,1,0,0,"Jack Ciattarelli",1,1,0,0,5,2,4,3,5,1,3,5,"Yes","Jack Ciattarelli",2,"Republican",NA,"Not very strong",NA,"Republican | Not very strong","Rep",1,51,"woman","White","2yearColl","$180,001-$200,000",10,3,1,0,1,0,0,NA
"FK494oe","Washington",NA,"Bruce Harrell","Katie Wilson","Mayoral","Seattle",23,1,1,0,0,NA,NA,NA,NA,NA,5,4,5,6,5,6,5,6,"Yes","Katie Wilson",7,"Democrat","Strong",NA,NA,"Democrat | Strong","Dem",1,26,"woman","White","4yearColl","$20,001-$40,000",2,4,1,0,0,1,0,NA
"FK720un","Minnesota","Hennepin","Jacob Frey","Omar Fateh","Mayoral","Minneapolis",85,1,1,0,0,NA,NA,0,1,0,3,6,3,2,3,2,3,2,"Yes","Omar Fateh",2,"Democrat","Strong",NA,NA,"Democrat | Strong","Dem",1,45,"man","White","GED","$40,001-$60,000",3,2,1,1,0,1,0,NA
"FL397pt","New Jersey","Hunterdon","Jack Ciattarelli","Mikie Sherill","Gubernatorial","New Jersey",20,1,1,0,0,"Jack Ciattarelli",1,1,0,0,2,6,7,2,7,2,7,2,"Yes","Jack Ciattarelli",6,"Republican",NA,"Strong",NA,"Republican | Strong","Rep",1,52,"woman","White","GED","Over $200,000",11,2,1,0,1,0,0,NA
"FO667gx","New Jersey","Mercer","Jack Ciattarelli","Mikie Sherill","Gubernatorial","New Jersey",25,0,0,0,1,"Mikie Sherill",0,0,0,1,2,3,6,3.5,7,4,5,3,"Yes","Mikie Sherill",2,"Other party",NA,NA,"Closer to Democratic","Independent | Closer to Democratic","Dem",1,29,"woman","Black or African American","MA","$40,001-$60,000",3,5,0,0,0,0,0,NA
"FO797cq","New York","Kings","Zohran Mamdani","Andrew Cuomo","Mayoral","New York City",75,1,1,0,0,NA,NA,NA,NA,NA,7,1,1,4.5,1,3,1,6,"Yes","Zohran Mamdani",2,"Democrat","Strong",NA,NA,"Democrat | Strong","Dem",1,33,"woman","Black or African American","MA","$100,001-$120,000",6,5,0,0,0,1,0,NA
"FP639lp","New Jersey","Mercer","Jack Ciattarelli","Mikie Sherill","Gubernatorial","New Jersey",72,1,1,0,0,"Jack Ciattarelli",1,1,0,0,3,6,5.5,3,5,3,6,3,"Yes","Jack Ciattarelli",5,"Independent",NA,NA,"Neither","Independent | Neither","Ind",1,56,"woman","White","MA","$0-$20,000",1,5,1,0,0,0,1,NA
"FP696ga","New Jersey","Sussex","Jack Ciattarelli","Mikie Sherill","Gubernatorial","New Jersey",80,0,0,0,1,"Mikie Sherill",0,0,0,1,7,3,4,4,7,3,1,5,"Yes","Mikie Sherill",2,"Democrat","Strong",NA,NA,"Democrat | Strong","Dem",1,40,"woman","White","MA","$160,001-$180,000",9,5,1,0,0,1,0,NA
"FP918gi","New Jersey","Bergen","Jack Ciattarelli","Mikie Sherill","Gubernatorial","New Jersey",51,0,0,0,1,"Mikie Sherill",0,0,0,1,1,1,7,5.5,7,4,7,7,"Not sure","Mikie Sherill",1,"Democrat","Not very strong",NA,NA,"Democrat | Not very strong","Dem",1,26,"woman","multiracial","PHD","$80,001-$100,000",5,6,0,0,0,1,0,NA
"FQ656ef","New Jersey","Camden","Jack Ciattarelli","Mikie Sherill","Gubernatorial","New Jersey",79,NA,0,1,0,NA,NA,0,1,0,5,5,4.5,4.5,5,5,4,4,"No",NA,6,"Independent",NA,NA,"Closer to Democratic","Independent | Closer to Democratic","Dem",1,35,"woman","Black or African American","GED","$40,001-$60,000",3,2,0,0,0,0,1,NA
"FS624ab","New Jersey","Salem","Jack Ciattarelli","Mikie Sherill","Gubernatorial","New Jersey",20,1,1,0,0,NA,NA,NA,NA,NA,4,5,5.5,1.5,5,1,6,2,"Yes","Jack Ciattarelli",5,"Republican",NA,"Not very strong",NA,"Republican | Not very strong","Rep",1,38,"man","White","4yearColl","$80,001-$100,000",5,4,1,1,1,0,0,NA
"FT266jm","New Jersey","Camden","Jack Ciattarelli","Mikie Sherill","Gubernatorial","New Jersey",40,NA,0,1,0,NA,NA,0,1,0,5,3,5,3,5,3,5,3,"Not sure",NA,4,"Independent",NA,NA,"Neither","Independent | Neither","Ind",1,44,"man","White","GED","$60,001-$80,000",4,2,1,1,0,0,1,"I wish we weren't trapped in a 2 party system."
"FT298ht","New Jersey","Bergen","Jack Ciattarelli","Mikie Sherill","Gubernatorial","New Jersey",30,0,0,0,1,"Mikie Sherill",0,0,0,1,4,2,6,1.5,6,2,6,1,"Yes","Mikie Sherill",3,"Democrat","Not very strong",NA,NA,"Democrat | Not very strong","Dem",1,40,"woman","Black or African American","4yearColl","$100,001-$120,000",6,4,0,0,0,1,0,NA
"FU799cx","Minnesota","Hennepin","Jacob Frey","Omar Fateh","Mayoral","Minneapolis",41,0,0,0,1,"Jacob Frey",0,0,0,1,5,2,5,3,5,3,5,3,"Yes","Jacob Frey",2,"Democrat","Strong",NA,NA,"Democrat | Strong","Dem",1,29,"man","Black or African American","MA","$140,001-$160,000",8,5,0,1,0,1,0,NA
"FV579kz","New Jersey","Morris","Jack Ciattarelli","Mikie Sherill","Gubernatorial","New Jersey",35,0,0,0,1,"Mikie Sherill",0,0,0,1,6,2,5.5,1.5,6,1,5,2,"Yes","Mikie Sherill",2,"Democrat","Strong",NA,NA,"Democrat | Strong","Dem",1,48,"man","multiracial","2yearColl","$60,001-$80,000",4,3,0,1,0,1,0,"Important election coming to our state. Hoping Sherrill can pull it off. Looks like it’s going to be tight. Thanks for the study on this topic!"
"FW858tc","New Jersey","Camden","Jack Ciattarelli","Mikie Sherill","Gubernatorial","New Jersey",85,0,0,0,1,"Mikie Sherill",0,0,0,1,1,1,6,4,7,5,5,3,"Yes","Mikie Sherill",3,"Democrat","Not very strong",NA,NA,"Democrat | Not very strong","Dem",1,30,"man","Black or African American","GED","$40,001-$60,000",3,2,0,1,0,1,0,NA
"FX544eo","New York","New York","Zohran Mamdani","Andrew Cuomo","Mayoral","New York City",84,1,1,0,0,"Zohran Mamdani",1,1,0,0,6,2,1.5,5,1,5,2,5,"Yes","Zohran Mamdani",2,"Democrat","Not very strong",NA,NA,"Democrat | Not very strong","Dem",1,25,"woman","Asian","4yearColl","$40,001-$60,000",3,4,0,0,0,1,0,"n/a"
"FX863st","Minnesota","Hennepin","Jacob Frey","Omar Fateh","Mayoral","Minneapolis",65,0,0,0,1,NA,NA,0,1,0,3,6,3,2,3,2,3,2,"No","Jacob Frey",3,"Independent",NA,NA,"Closer to Democratic","Independent | Closer to Democratic","Dem",1,37,"woman","White","4yearColl","$40,001-$60,000",3,4,1,0,0,0,1,NA
"FY666vr","New Jersey","Ocean","Jack Ciattarelli","Mikie Sherill","Gubernatorial","New Jersey",27,1,1,0,0,NA,NA,NA,NA,NA,7,5,6,1.5,7,1,5,2,"Yes","Jack Ciattarelli",7,"Republican",NA,"Strong",NA,"Republican | Strong","Rep",1,22,"man","White","4yearColl",NA,NA,4,1,1,1,0,0,NA
"FY947ss","New Jersey","Middlesex","Jack Ciattarelli","Mikie Sherill","Gubernatorial","New Jersey",35,0,0,0,1,"Mikie Sherill",0,0,0,1,6,3,6,2,6,1,6,3,"Yes","Mikie Sherill",1,"Democrat","Strong",NA,NA,"Democrat | Strong","Dem",1,23,"woman","multiracial","2yearColl","Over $200,000",11,3,0,0,0,1,0,NA
"FZ232wi","New Jersey","Monmouth","Jack Ciattarelli","Mikie Sherill","Gubernatorial","New Jersey",0,1,1,0,0,"Jack Ciattarelli",1,1,0,0,5,1,5,1,6,1,4,1,"Yes","Jack Ciattarelli",5,"Republican",NA,"Not very strong",NA,"Republican | Not very strong","Rep",1,49,"woman","White","GED","$140,001-$160,000",8,2,1,0,1,0,0,NA
"GB434we","New Jersey","Monmouth","Jack Ciattarelli","Mikie Sherill","Gubernatorial","New Jersey",20,NA,0,1,0,"Jack Ciattarelli",1,1,0,0,5,2,4,3,4,3,4,3,"No",NA,5,"Republican",NA,"Strong",NA,"Republican | Strong","Rep",1,66,"woman","White","GED","$40,001-$60,000",3,2,1,0,1,0,0,NA
"GC265ke","Washington","King","Bruce Harrell","Katie Wilson","Mayoral","Seattle",35,1,1,0,0,"Katie Wilson",1,1,0,0,1,5,4,1.5,3,1,5,2,"Yes","Katie Wilson",1,"Democrat","Strong",NA,NA,"Democrat | Strong","Dem",1,29,"woman","White","MA","$120,001-$140,000",7,5,1,0,0,1,0,NA
"GC984pq","Washington","King","Bruce Harrell","Katie Wilson","Mayoral","Seattle",20,0,0,0,1,"Bruce Harrell",0,0,0,1,2,6,3.5,1,2,1,5,1,"Yes","Bruce Harrell",5,"Independent",NA,NA,"Closer to Republican","Independent | Closer to Republican","Rep",1,51,"man","White","4yearColl","$140,001-$160,000",8,4,1,1,0,0,1,NA
"GD694ll","Minnesota","Hennepin","Jacob Frey","Omar Fateh","Mayoral","Minneapolis",51,1,1,0,0,"Omar Fateh",1,1,0,0,2,6,7,1,7,1,7,1,"Yes","Omar Fateh",1,"No preference",NA,NA,"Neither","Independent | Neither","Ind",1,25,NA,"White","MA","$60,001-$80,000",4,5,1,NA,0,0,0,NA
"GD895pa","New Jersey","Mercer","Jack Ciattarelli","Mikie Sherill","Gubernatorial","New Jersey",12,0,0,0,1,"Mikie Sherill",0,0,0,1,7,3,7,3,7,2,7,4,"Yes","Mikie Sherill",1,"Democrat","Strong",NA,NA,"Democrat | Strong","Dem",1,62,"woman","White","GED","$120,001-$140,000",7,2,1,0,0,1,0,NA
"GJ702jq","Minnesota","Hennepin","Jacob Frey","Omar Fateh","Mayoral","Minneapolis",63,0,0,0,1,NA,NA,0,1,0,1,1,4,3.5,3,1,5,6,"No","Jacob Frey",1,"Democrat","Strong",NA,NA,"Democrat | Strong","Dem",1,26,"woman","Black or African American","4yearColl","$60,001-$80,000",4,4,0,0,0,1,0,NA
"GK533ht","New Jersey","Burlington","Jack Ciattarelli","Mikie Sherill","Gubernatorial","New Jersey",82,NA,0,1,0,NA,NA,0,1,0,1,1,4,4,4,4,4,4,"No",NA,3,"Independent",NA,NA,"Closer to Democratic","Independent | Closer to Democratic","Dem",1,43,"woman","White","GED","$40,001-$60,000",3,2,1,0,0,0,1,NA
"GL576fm","New Jersey","Monmouth","Jack Ciattarelli","Mikie Sherill","Gubernatorial","New Jersey",72,0,0,0,1,NA,NA,NA,NA,NA,7,5,7,2.5,7,2,7,3,"Yes","Mikie Sherill",1,"Democrat","Strong",NA,NA,"Democrat | Strong","Dem",1,44,"man","White","PHD","$80,001-$100,000",5,6,1,1,0,1,0,"None"
"GM123dk","New Jersey","Ocean","Jack Ciattarelli","Mikie Sherill","Gubernatorial","New Jersey",25,1,1,0,0,"Jack Ciattarelli",1,1,0,0,5,2,5.5,2,6,1,5,3,"Yes","Jack Ciattarelli",4,"Independent",NA,NA,"Closer to Republican","Independent | Closer to Republican","Rep",1,57,"man","White","4yearColl","$20,001-$40,000",2,4,1,1,0,0,1,NA
"GS510ar","New York","Queens","Zohran Mamdani","Andrew Cuomo","Mayoral","New York City",50,1,1,0,0,"Andrew Cuomo",0,0,0,1,3,3,4.5,5.5,2,4,7,7,"No","Zohran Mamdani",1,"No preference",NA,NA,"Neither","Independent | Neither","Ind",1,43,"man","Asian","GED","$0-$20,000",1,2,0,1,0,0,0,NA
"GU369nd","New Jersey","Burlington","Jack Ciattarelli","Mikie Sherill","Gubernatorial","New Jersey",75,0,0,0,1,NA,NA,NA,NA,NA,1,4,7,3,7,3,7,3,"Yes","Mikie Sherill",2,"Democrat","Not very strong",NA,NA,"Democrat | Not very strong","Dem",1,34,"woman","Black or African American","4yearColl","$140,001-$160,000",8,4,0,0,0,1,0,NA
"GU421cz","New York","Richmond","Zohran Mamdani","Andrew Cuomo","Mayoral","New York City",18,NA,0,1,0,"No Vote",NA,0,1,0,7,1,2.5,2.5,4,1,1,4,"Yes",NA,4,"Independent",NA,NA,"Closer to Democratic","Independent | Closer to Democratic","Dem",1,44,"man","White","4yearColl","$80,001-$100,000",5,4,1,1,0,0,1,NA
"GV426wp","New York","Queens","Zohran Mamdani","Andrew Cuomo","Mayoral","New York City",40,1,1,0,0,"Zohran Mamdani",1,1,0,0,6,2,2,4.5,2,4,2,5,"Yes","Zohran Mamdani",2,"Democrat","Strong",NA,NA,"Democrat | Strong","Dem",1,29,"man","Asian","4yearColl","$60,001-$80,000",4,4,0,1,0,1,0,NA
"GW402fk","New York","Queens","Zohran Mamdani","Andrew Cuomo","Mayoral","New York City",82,1,1,0,0,"Zohran Mamdani",1,1,0,0,6,2,2,6,2,6,2,6,"Yes","Zohran Mamdani",2,"Democrat","Strong",NA,NA,"Democrat | Strong","Dem",1,29,"woman","Hispanic, Latino, or Spanish origin","GED","$40,001-$60,000",3,2,0,0,0,1,0,NA
"GX404pe","New Jersey","Hudson","Jack Ciattarelli","Mikie Sherill","Gubernatorial","New Jersey",60,0,0,0,1,NA,NA,NA,NA,NA,5,1,6,2.5,6,3,6,2,"Not sure","Mikie Sherill",4,"Independent",NA,NA,"Closer to Republican","Independent | Closer to Republican","Rep",1,27,"man","White","4yearColl",NA,NA,4,1,1,0,0,1,NA
"GY109bx","Minnesota","Hennepin","Jacob Frey","Omar Fateh","Mayoral","Minneapolis",0,1,1,0,0,"Omar Fateh",1,1,0,0,2,6,3,1,3,1,3,1,"Yes","Omar Fateh",1,"Democrat","Strong",NA,NA,"Democrat | Strong","Dem",1,29,"man","White","PHD","$100,001-$120,000",6,6,1,1,0,1,0,NA
"GZ927iw","New York","Kings","Zohran Mamdani","Andrew Cuomo","Mayoral","New York City",68,1,1,0,0,NA,NA,NA,NA,NA,7,2,1.5,6,2,7,1,5,"Yes","Zohran Mamdani",2,"Democrat","Not very strong",NA,NA,"Democrat | Not very strong","Dem",1,40,"man","Hispanic, Latino, or Spanish origin","GED","$100,001-$120,000",6,2,0,1,0,1,0,NA
"HB190ln","New York","New York","Zohran Mamdani","Andrew Cuomo","Mayoral","New York City",79,0,0,0,1,"Andrew Cuomo",0,0,0,1,7,4,1,6,1,5,1,7,"Yes","Andrew Cuomo",6,"Republican",NA,"Strong",NA,"Republican | Strong","Rep",1,21,"man","White","GED","Over $200,000",11,2,1,1,1,0,0,NA
"HB590sd","New Jersey","Morris","Jack Ciattarelli","Mikie Sherill","Gubernatorial","New Jersey",45,0,0,0,1,"Mikie Sherill",0,0,0,1,4,3,5,3.5,6,3,4,4,"Yes","Mikie Sherill",4,"Democrat","Not very strong",NA,NA,"Democrat | Not very strong","Dem",1,39,"woman","White","4yearColl","$100,001-$120,000",6,4,1,0,0,1,0,NA
"HD378xl","New Jersey","Somerset","Jack Ciattarelli","Mikie Sherill","Gubernatorial","New Jersey",56,1,1,0,0,"Jack Ciattarelli",1,1,0,0,4,1,6,1,5,1,7,1,"Yes","Jack Ciattarelli",5,"Republican",NA,"Not very strong",NA,"Republican | Not very strong","Rep",1,52,"woman","White","4yearColl","Over $200,000",11,4,1,0,1,0,0,"Mikie Sherrill is a cheat and a liar."
"HE907aa","New Jersey","Camden","Jack Ciattarelli","Mikie Sherill","Gubernatorial","New Jersey",43,0,0,0,1,"Mikie Sherill",0,0,0,1,5,2,5.5,2.5,6,2,5,3,"Yes","Mikie Sherill",4,"Republican",NA,"Not very strong",NA,"Republican | Not very strong","Rep",1,45,"man","White","4yearColl","$160,001-$180,000",9,4,1,1,1,0,0,NA
"HF352tr","New Jersey","Monmouth","Jack Ciattarelli","Mikie Sherill","Gubernatorial","New Jersey",38,0,0,0,1,"Mikie Sherill",0,0,0,1,6,3,6,2.5,6,2,6,3,"Yes","Mikie Sherill",3,"Democrat","Strong",NA,NA,"Democrat | Strong","Dem",1,50,"man","White","4yearColl","$80,001-$100,000",5,4,1,1,0,1,0,NA
"HH180tr","New Jersey","Monmouth","Jack Ciattarelli","Mikie Sherill","Gubernatorial","New Jersey",57,1,1,0,0,"Jack Ciattarelli",1,1,0,0,4,6,4.5,3.5,5,3,4,4,"Not sure","Jack Ciattarelli",5,"Independent",NA,NA,"Closer to Republican","Independent | Closer to Republican","Rep",1,29,"man","White","GED","$40,001-$60,000",3,2,1,1,0,0,1,NA
"HI922yh","Minnesota","Anoka","Jacob Frey","Omar Fateh","Mayoral","Minneapolis",80,0,0,0,1,"Omar Fateh",1,1,0,0,4,5,3.5,3,3,2,4,4,"No","Jacob Frey",2,"Democrat","Not very strong",NA,NA,"Democrat | Not very strong","Dem",1,34,"woman","White","2yearColl","$100,001-$120,000",6,3,1,0,0,1,0,NA
"HK012qp","New Jersey","Middlesex","Jack Ciattarelli","Mikie Sherill","Gubernatorial","New Jersey",39,0,0,0,1,"Mikie Sherill",0,0,0,1,5,6,3,3,1,2,5,4,"Yes","Mikie Sherill",3,"Democrat","Strong",NA,NA,"Democrat | Strong","Dem",1,30,"woman","Asian","4yearColl","Over $200,000",11,4,0,0,0,1,0,NA
"HM883eo","New Jersey","Warren","Jack Ciattarelli","Mikie Sherill","Gubernatorial","New Jersey",60,0,0,0,1,NA,NA,0,1,0,5,4,5.5,3,5,3,6,3,"Not sure","Mikie Sherill",2,"Democrat","Strong",NA,NA,"Democrat | Strong","Dem",1,31,"man","Asian",NA,"$20,001-$40,000",2,NA,0,1,0,1,0,NA
"HP292mc","New Jersey","Cumberland","Jack Ciattarelli","Mikie Sherill","Gubernatorial","New Jersey",28,1,1,0,0,NA,NA,0,1,0,5,1,5,3.5,6,3,4,4,"Yes","Jack Ciattarelli",4,"Republican",NA,"Not very strong",NA,"Republican | Not very strong","Rep",1,45,"woman","White","GED","$20,001-$40,000",2,2,1,0,1,0,0,NA
"HQ538ym","Minnesota","Hennepin","Jacob Frey","Omar Fateh","Mayoral","Minneapolis",5,0,0,0,1,"Jacob Frey",0,0,0,1,3,4,1,4,1,4,1,4,"No","Jacob Frey",5,"Democrat","Strong",NA,NA,"Democrat | Strong","Dem",1,61,"woman","White","2yearColl","$40,001-$60,000",3,3,1,0,0,1,0,"I actually think Fry is doing a good job."
"HQ828uk","New Jersey","Morris","Jack Ciattarelli","Mikie Sherill","Gubernatorial","New Jersey",40,0,0,0,1,NA,NA,0,1,0,5,3,5,2.5,5,3,5,2,"Yes","Mikie Sherill",4,"Democrat","Not very strong",NA,NA,"Democrat | Not very strong","Dem",1,54,"woman","White","4yearColl","$180,001-$200,000",10,4,1,0,0,1,0,"Good survey. If a progress bar could be added, it would be better."
"HR188kp","New Jersey","Mercer","Jack Ciattarelli","Mikie Sherill","Gubernatorial","New Jersey",71,0,0,0,1,"Mikie Sherill",0,0,0,1,1,2,7,4.5,7,5,7,4,"Yes","Mikie Sherill",1,"Democrat","Strong",NA,NA,"Democrat | Strong","Dem",1,39,"woman","Black or African American","4yearColl","$20,001-$40,000",2,4,0,0,0,1,0,NA
"HR599oo","New Jersey","Monmouth","Jack Ciattarelli","Mikie Sherill","Gubernatorial","New Jersey",34,0,0,0,1,"Mikie Sherill",0,0,0,1,6,4,6.5,3,7,3,6,3,"Yes","Mikie Sherill",1,"Democrat","Not very strong",NA,NA,"Democrat | Not very strong","Dem",1,30,"woman","Black or African American","MA","$40,001-$60,000",3,5,0,0,0,1,0,NA
"HT643re","Minnesota","Hennepin","Jacob Frey","Omar Fateh","Mayoral","Minneapolis",16,1,1,0,0,"Omar Fateh",1,1,0,0,1,5,5.5,1,6,1,5,1,"No","Omar Fateh",1,"Democrat","Strong",NA,NA,"Democrat | Strong","Dem",1,30,"woman","White","MA","$40,001-$60,000",3,5,1,0,0,1,0,NA
"HW321zl","New York","Kings","Zohran Mamdani","Andrew Cuomo","Mayoral","New York City",60,1,1,0,0,NA,NA,NA,NA,NA,5,1,1,5,1,5,1,5,"Yes","Zohran Mamdani",1,"Democrat","Strong",NA,NA,"Democrat | Strong","Dem",1,32,"man","White","4yearColl","$20,001-$40,000",2,4,1,1,0,1,0,NA
"HW450ej","New York","Kings","Zohran Mamdani","Andrew Cuomo","Mayoral","New York City",40,1,1,0,0,NA,NA,NA,NA,NA,4,1,4,4,4,4,4,4,"Yes","Zohran Mamdani",3,"Democrat","Not very strong",NA,NA,"Democrat | Not very strong","Dem",1,32,"woman","Hispanic, Latino, or Spanish origin","4yearColl","$100,001-$120,000",6,4,0,0,0,1,0,NA
"IA142yj","Washington","Garfield","Bruce Harrell","Katie Wilson","Mayoral","Seattle",20,0,0,0,1,"Bruce Harrell",0,0,0,1,2,6,3.5,4,5,3,2,5,"Not sure","Bruce Harrell",6,"Republican",NA,"Strong",NA,"Republican | Strong","Rep",1,52,"man","White","MA","$100,001-$120,000",6,5,1,1,1,0,0,NA
"ID524qp","New Jersey","Monmouth","Jack Ciattarelli","Mikie Sherill","Gubernatorial","New Jersey",53,0,0,0,1,"Mikie Sherill",0,0,0,1,4,4,5,3,5,3,5,3,"Yes","Mikie Sherill",2,"Democrat","Strong",NA,NA,"Democrat | Strong","Dem",1,28,"woman","White","4yearColl","$80,001-$100,000",5,4,1,0,0,1,0,NA
"IG286jp","New Jersey","Gloucester","Jack Ciattarelli","Mikie Sherill","Gubernatorial","New Jersey",60,1,1,0,0,"Jack Ciattarelli",1,1,0,0,5,1,5.5,1.5,5,1,6,2,"Yes","Jack Ciattarelli",6,"Republican",NA,"Strong",NA,"Republican | Strong","Rep",1,38,"man","White","MA","$180,001-$200,000",10,5,1,1,1,0,0,NA
"IL915xy","New York","Kings","Zohran Mamdani","Andrew Cuomo","Mayoral","New York City",92,1,1,0,0,"Zohran Mamdani",1,1,0,0,6,4,3.5,4,1,6,6,2,"Yes","Zohran Mamdani",2,"Democrat","Not very strong",NA,NA,"Democrat | Not very strong","Dem",1,42,"man","Black or African American","4yearColl","$40,001-$60,000",3,4,0,1,0,1,0,NA
"IM617gp","New York","Queens","Zohran Mamdani","Andrew Cuomo","Mayoral","New York City",10,1,1,0,0,NA,NA,NA,NA,NA,5,3,2.5,4.5,2,4,3,5,"Yes","Zohran Mamdani",2,"Democrat","Not very strong",NA,NA,"Democrat | Not very strong","Dem",1,25,"man","Asian","4yearColl","$20,001-$40,000",2,4,0,1,0,1,0,NA
"IM950ps","New York","Queens","Zohran Mamdani","Andrew Cuomo","Mayoral","New York City",50,0,0,0,1,"Andrew Cuomo",0,0,0,1,7,3,1,5,1,5,1,5,"Yes","Andrew Cuomo",5,"Republican",NA,"Not very strong",NA,"Republican | Not very strong","Rep",1,41,"woman","Asian","4yearColl","Over $200,000",11,4,0,0,1,0,0,NA
"IN988rh","New Jersey","Ocean","Jack Ciattarelli","Mikie Sherill","Gubernatorial","New Jersey",20,NA,0,1,0,"Mikie Sherill",0,0,0,1,1,2,7,1,7,1,7,1,"Yes",NA,3,"Independent",NA,NA,"Closer to Democratic","Independent | Closer to Democratic","Dem",1,36,"man","White","4yearColl","$40,001-$60,000",3,4,1,1,0,0,1,NA
"IO105nh","New York","New York","Zohran Mamdani","Andrew Cuomo","Mayoral","New York City",66,1,1,0,0,"Zohran Mamdani",1,1,0,0,1,7,4,4,1,7,7,1,"No","Zohran Mamdani",1,"Independent",NA,NA,"Closer to Democratic","Independent | Closer to Democratic","Dem",1,41,"woman","White","4yearColl","$80,001-$100,000",5,4,1,0,0,0,1,NA
"IO207kh","Minnesota","Hennepin","Jacob Frey","Omar Fateh","Mayoral","Minneapolis",80,0,0,0,1,NA,NA,0,1,0,3,5,4.5,3,4,1,5,5,"No","Jacob Frey",2,"Democrat","Strong",NA,NA,"Democrat | Strong","Dem",1,39,"man","White","GED","$20,001-$40,000",2,2,1,1,0,1,0,NA
"IP051gu","New Jersey","Middlesex","Jack Ciattarelli","Mikie Sherill","Gubernatorial","New Jersey",59,0,0,0,1,"Mikie Sherill",0,0,0,1,7,1,7,1,7,1,7,1,"Yes","Mikie Sherill",2,"Democrat","Not very strong",NA,NA,"Democrat | Not very strong","Dem",1,27,"woman","White","4yearColl",NA,NA,4,1,0,0,1,0,NA
"IP190pk","New Jersey","Middlesex","Jack Ciattarelli","Mikie Sherill","Gubernatorial","New Jersey",51,1,1,0,0,"Jack Ciattarelli",1,1,0,0,6,3,4.5,5.5,6,6,3,5,"Yes","Jack Ciattarelli",6,"Republican",NA,"Strong",NA,"Republican | Strong","Rep",1,20,"woman","White","GED","$180,001-$200,000",10,2,1,0,1,0,0,NA
"IQ301cv","Washington","Snohomish","Bruce Harrell","Katie Wilson","Mayoral","Seattle",20,NA,0,1,0,NA,NA,0,1,0,2,5,4.5,2,4,1,5,3,"No",NA,3,"Democrat","Not very strong",NA,NA,"Democrat | Not very strong","Dem",1,19,"woman","White","GED","$120,001-$140,000",7,2,1,0,0,1,0,NA
"IU556ku","New Jersey","Bergen","Jack Ciattarelli","Mikie Sherill","Gubernatorial","New Jersey",44,0,0,0,1,"Mikie Sherill",0,0,0,1,4,3,6.5,4.5,6,3,7,6,"Yes","Mikie Sherill",1,"Democrat","Not very strong",NA,NA,"Democrat | Not very strong","Dem",1,48,"man","Asian","4yearColl","$120,001-$140,000",7,4,0,1,0,1,0,NA
"IV084kh","New York","Queens","Zohran Mamdani","Andrew Cuomo","Mayoral","New York City",90,1,1,0,0,"Zohran Mamdani",1,1,0,0,6,1,4,4.5,1,4,7,5,"Yes","Zohran Mamdani",1,"Democrat","Strong",NA,NA,"Democrat | Strong","Dem",1,39,"man","multiracial","4yearColl","$120,001-$140,000",7,4,0,1,0,1,0,NA
"IV400gm","New York","Kings","Zohran Mamdani","Andrew Cuomo","Mayoral","New York City",82,1,1,0,0,"Zohran Mamdani",1,1,0,0,7,1,1,7,1,7,1,7,"Yes","Zohran Mamdani",1,"Democrat","Strong",NA,NA,"Democrat | Strong","Dem",1,42,"man","White","4yearColl","Over $200,000",11,4,1,1,0,1,0,NA
"IW323cq","New York","Bronx","Zohran Mamdani","Andrew Cuomo","Mayoral","New York City",19,1,1,0,0,"Zohran Mamdani",1,1,0,0,4,5,1.5,5,1,5,2,5,"Yes","Zohran Mamdani",3,"Democrat","Not very strong",NA,NA,"Democrat | Not very strong","Dem",1,21,"woman","White","GED","$180,001-$200,000",10,2,1,0,0,1,0,NA
"IX991le","New Jersey","Essex","Jack Ciattarelli","Mikie Sherill","Gubernatorial","New Jersey",40,0,0,0,1,NA,NA,NA,NA,NA,5,3,5,2.5,5,2,5,3,"Yes","Mikie Sherill",2,"Democrat","Not very strong",NA,NA,"Democrat | Not very strong","Dem",1,34,"woman","White","4yearColl","$60,001-$80,000",4,4,1,0,0,1,0,NA
"IY586jd","New Jersey","Hudson","Jack Ciattarelli","Mikie Sherill","Gubernatorial","New Jersey",81,0,0,0,1,NA,NA,NA,NA,NA,1,1,7,2,7,3,7,1,"Yes","Mikie Sherill",2,"Independent",NA,NA,"Closer to Democratic","Independent | Closer to Democratic","Dem",1,33,"woman","Black or African American","2yearColl","$100,001-$120,000",6,3,0,0,0,0,1,NA
"IY747rr","Washington","King","Bruce Harrell","Katie Wilson","Mayoral","Seattle",5,1,1,0,0,"Katie Wilson",1,1,0,0,3,6,2,1,2,1,2,1,"Yes","Katie Wilson",2,"Democrat","Strong",NA,NA,"Democrat | Strong","Dem",1,33,"man","multiracial","MA","$180,001-$200,000",10,5,0,1,0,1,0,NA
"JA045fl","Washington","King","Bruce Harrell","Katie Wilson","Mayoral","Seattle",100,0,0,0,1,"Bruce Harrell",0,0,0,1,5,5,1,1,1,1,1,1,"Yes","Bruce Harrell",1,"Democrat","Strong",NA,NA,"Democrat | Strong","Dem",1,36,"woman","American Indian or Alaska Native","GED","$20,001-$40,000",2,2,0,0,0,1,0,NA
"JA272nm","New Jersey","Essex","Jack Ciattarelli","Mikie Sherill","Gubernatorial","New Jersey",57,0,0,0,1,NA,NA,NA,NA,NA,6,4,5,3,6,2,4,4,"Yes","Mikie Sherill",3,"No preference",NA,NA,"Closer to Democratic","Independent | Closer to Democratic","Dem",1,20,"woman","Black or African American","GED",NA,NA,2,0,0,0,0,0,NA
"JC591pl","New Jersey","Mercer","Jack Ciattarelli","Mikie Sherill","Gubernatorial","New Jersey",60,NA,0,1,0,NA,NA,NA,NA,NA,4,4,3.5,4,4,4,3,4,"Not sure",NA,4,"Democrat","Not very strong",NA,NA,"Democrat | Not very strong","Dem",1,44,"man","White","4yearColl","$40,001-$60,000",3,4,1,1,0,1,0,NA
"JG177uk","New York","Kings","Zohran Mamdani","Andrew Cuomo","Mayoral","New York City",55,1,1,0,0,"Zohran Mamdani",1,1,0,0,5,2,3,4.5,2,4,4,5,"Yes","Zohran Mamdani",4,"No preference",NA,NA,"Neither","Independent | Neither","Ind",1,40,"man","Asian","4yearColl","$120,001-$140,000",7,4,0,1,0,0,0,NA
"JG291mn","New Jersey","Somerset","Jack Ciattarelli","Mikie Sherill","Gubernatorial","New Jersey",41,0,0,0,1,"Mikie Sherill",0,0,0,1,7,1,6.5,3,6,3,7,3,"Yes","Mikie Sherill",3,"Independent",NA,NA,"Closer to Democratic","Independent | Closer to Democratic","Dem",1,29,"man","White","4yearColl","$80,001-$100,000",5,4,1,1,0,0,1,NA
"JH477of","New York","New York","Zohran Mamdani","Andrew Cuomo","Mayoral","New York City",26,1,1,0,0,"Zohran Mamdani",1,1,0,0,7,1,1.5,4.5,1,3,2,6,"Yes","Zohran Mamdani",2,"Democrat","Strong",NA,NA,"Democrat | Strong","Dem",1,28,"man","White","4yearColl","$160,001-$180,000",9,4,1,1,0,1,0,NA
"JI044in","Minnesota","Hennepin","Jacob Frey","Omar Fateh","Mayoral","Minneapolis",20,NA,0,1,0,"Jacob Frey",0,0,0,1,2,5,2.5,2.5,1,1,4,4,"Yes",NA,1,"Democrat","Strong",NA,NA,"Democrat | Strong","Dem",1,68,"woman","White","4yearColl","$140,001-$160,000",8,4,1,0,0,1,0,NA
"JK412tj","New York","Queens","Zohran Mamdani","Andrew Cuomo","Mayoral","New York City",100,NA,0,1,0,"Zohran Mamdani",1,1,0,0,4,2,2,7,2,7,2,7,"Yes",NA,1,"Democrat","Strong",NA,NA,"Democrat | Strong","Dem",1,27,"woman","Asian","MA","$0-$20,000",1,5,0,0,0,1,0,NA
"JK975re","New York","Kings","Zohran Mamdani","Andrew Cuomo","Mayoral","New York City",59,1,1,0,0,NA,NA,NA,NA,NA,4,2,2,5,2,5,2,5,"Yes","Zohran Mamdani",3,"Independent",NA,NA,"Closer to Democratic","Independent | Closer to Democratic","Dem",1,37,"man","Black or African American","2yearColl","$140,001-$160,000",8,3,0,1,0,0,1,NA
"JP818no","New Jersey","Union","Jack Ciattarelli","Mikie Sherill","Gubernatorial","New Jersey",56,0,0,0,1,NA,NA,NA,NA,NA,4,5,4.5,4.5,7,3,2,6,"Yes","Mikie Sherill",3,"Democrat","Strong",NA,NA,"Democrat | Strong","Dem",1,41,"woman","White","2yearColl","$140,001-$160,000",8,3,1,0,0,1,0,NA
"JQ720au","New Jersey","Union","Jack Ciattarelli","Mikie Sherill","Gubernatorial","New Jersey",0,1,1,0,0,NA,NA,NA,NA,NA,3,3,5.5,3,6,3,5,3,"Yes","Jack Ciattarelli",4,"Independent",NA,NA,"Closer to Democratic","Independent | Closer to Democratic","Dem",1,37,"man","White","4yearColl","Over $200,000",11,4,1,1,0,0,1,NA
"JS853bf","Washington","King","Bruce Harrell","Katie Wilson","Mayoral","Seattle",64,NA,0,1,0,NA,NA,0,1,0,3,5,5,3,5,3,5,3,"No",NA,3,"Independent",NA,NA,"Closer to Democratic","Independent | Closer to Democratic","Dem",1,29,"man","Asian","4yearColl","$100,001-$120,000",6,4,0,1,0,0,1,NA
"JU494pu","New York","New York","Zohran Mamdani","Andrew Cuomo","Mayoral","New York City",10,0,0,0,1,"Andrew Cuomo",0,0,0,1,7,4,1,5,1,4,1,6,"Yes","Andrew Cuomo",5,"Independent",NA,NA,"Closer to Republican","Independent | Closer to Republican","Rep",1,38,"woman","White","MA","Over $200,000",11,5,1,0,0,0,1,NA
"JV186oh","Minnesota","Hennepin","Jacob Frey","Omar Fateh","Mayoral","Minneapolis",28,NA,0,1,0,NA,NA,NA,NA,NA,3,7,2.5,1,3,1,2,1,"Yes","Jazz hampton",5,"Republican",NA,"Not very strong",NA,"Republican | Not very strong","Rep",1,34,"woman","White","4yearColl","$60,001-$80,000",4,4,1,0,1,0,0,NA
"JV335zt","New Jersey","Union","Jack Ciattarelli","Mikie Sherill","Gubernatorial","New Jersey",45,0,0,0,1,"Mikie Sherill",0,0,0,1,4,2,7,1,7,1,7,1,"Yes","Mikie Sherill",5,"Republican",NA,"Not very strong",NA,"Republican | Not very strong","Rep",1,38,"man","White","4yearColl","$160,001-$180,000",9,4,1,1,1,0,0,NA
"JW435dh","Minnesota","Anoka","Jacob Frey","Omar Fateh","Mayoral","Minneapolis",20,0,0,0,1,NA,NA,0,1,0,1,1,4.5,2.5,4,2,5,3,"Yes","Jacob Frey",3,"Democrat","Not very strong",NA,NA,"Democrat | Not very strong","Dem",1,30,"man","White","4yearColl","$180,001-$200,000",10,4,1,1,0,1,0,NA
"JX823it","New York","New York","Zohran Mamdani","Andrew Cuomo","Mayoral","New York City",84,1,1,0,0,NA,NA,NA,NA,NA,7,2,1,6.5,1,7,1,6,"Yes","Zohran Mamdani",1,"Democrat","Strong",NA,NA,"Democrat | Strong","Dem",1,29,"man","Asian","PHD","$180,001-$200,000",10,6,0,1,0,1,0,"None"
"JX872qv","New Jersey","Hudson","Jack Ciattarelli","Mikie Sherill","Gubernatorial","New Jersey",91,0,0,0,1,NA,NA,NA,NA,NA,6,2,6.5,3,7,2,6,4,"Yes","Mikie Sherill",1,"Democrat","Strong",NA,NA,"Democrat | Strong","Dem",1,31,"woman","Hispanic, Latino, or Spanish origin","4yearColl","$40,001-$60,000",3,4,0,0,0,1,0,NA
"JY391ws","New Jersey","Monmouth","Jack Ciattarelli","Mikie Sherill","Gubernatorial","New Jersey",40,1,1,0,0,"Jack Ciattarelli",1,1,0,0,6,3,5,4,6,3,4,5,"Yes","Jack Ciattarelli",6,"Republican",NA,"Not very strong",NA,"Republican | Not very strong","Rep",1,31,"woman","White","2yearColl","$60,001-$80,000",4,3,1,0,1,0,0,NA
"JZ347dh","New Jersey","Essex","Jack Ciattarelli","Mikie Sherill","Gubernatorial","New Jersey",59,NA,0,1,0,NA,NA,0,1,0,4,4,4,4,4,4,4,4,"No",NA,3,"No preference",NA,NA,"Closer to Democratic","Independent | Closer to Democratic","Dem",1,46,NA,"White",NA,NA,NA,NA,1,NA,0,0,0,NA
"JZ478gp","New York","Kings","Zohran Mamdani","Andrew Cuomo","Mayoral","New York City",75,1,1,0,0,NA,NA,NA,NA,NA,6,1,1.5,4.5,1,3,2,6,"Yes","Zohran Mamdani",1,"Independent",NA,NA,"Closer to Democratic","Independent | Closer to Democratic","Dem",1,42,"woman","White","MA","$140,001-$160,000",8,5,1,0,0,0,1,NA
"JZ986hs","New York","Bronx","Zohran Mamdani","Andrew Cuomo","Mayoral","New York City",60,1,1,0,0,NA,NA,NA,NA,NA,5,1,3,6.5,3,7,3,6,"No","Zohran Mamdani",4,"Independent",NA,NA,"Closer to Democratic","Independent | Closer to Democratic","Dem",1,38,"woman","White","MA","$80,001-$100,000",5,5,1,0,0,0,1,NA
"KB832sh","New Jersey","Essex","Jack Ciattarelli","Mikie Sherill","Gubernatorial","New Jersey",82,0,0,0,1,"Mikie Sherill",0,0,0,1,7,2,7,2,7,2,7,2,"Yes","Mikie Sherill",2,"Democrat","Strong",NA,NA,"Democrat | Strong","Dem",1,39,"woman","Black or African American","4yearColl","$80,001-$100,000",5,4,0,0,0,1,0,NA
"KC099mi","New York","New York","Zohran Mamdani","Andrew Cuomo","Mayoral","New York City",60,1,1,0,0,"Zohran Mamdani",1,1,0,0,6,1,1,6.5,1,6,1,7,"Yes","Zohran Mamdani",1,"Democrat","Not very strong",NA,NA,"Democrat | Not very strong","Dem",1,25,"woman","Hispanic, Latino, or Spanish origin","4yearColl","$40,001-$60,000",3,4,0,0,0,1,0,NA
"KC629zs","New York","Queens","Zohran Mamdani","Andrew Cuomo","Mayoral","New York City",40,1,1,0,0,"Zohran Mamdani",1,1,0,0,6,2,1.5,6,1,7,2,5,"No","Zohran Mamdani",4,"No preference",NA,NA,"Neither","Independent | Neither","Ind",1,26,"man","White","2yearColl","$60,001-$80,000",4,3,1,1,0,0,0,NA
"KF594ew","New Jersey","Middlesex","Jack Ciattarelli","Mikie Sherill","Gubernatorial","New Jersey",72,0,0,0,1,"Mikie Sherill",0,0,0,1,4,3,6,3.5,6,3,6,4,"No","Mikie Sherill",4,"Independent",NA,NA,"Neither","Independent | Neither","Ind",1,40,"man","White","GED","$100,001-$120,000",6,2,1,1,0,0,1,NA
"KF682fd","Washington","King","Bruce Harrell","Katie Wilson","Mayoral","Seattle",67,1,1,0,0,"Bruce Harrell",0,0,0,1,3,5,4,2,3,1,5,3,"Not sure","Katie Wilson",4,"Independent",NA,NA,"Neither","Independent | Neither","Ind",1,24,"man","Hispanic, Latino, or Spanish origin","4yearColl","$80,001-$100,000",5,4,0,1,0,0,1,NA
"KH833wt","New Jersey","Sussex","Jack Ciattarelli","Mikie Sherill","Gubernatorial","New Jersey",60,0,0,0,1,"Mikie Sherill",0,0,0,1,6,2,6.5,3,7,3,6,3,"Yes","Mikie Sherill",2,"Democrat","Not very strong",NA,NA,"Democrat | Not very strong","Dem",1,42,"man","White","4yearColl","$60,001-$80,000",4,4,1,1,0,1,0,"Well done."
"KH969pw","New York","Bronx","Zohran Mamdani","Andrew Cuomo","Mayoral","New York City",100,1,1,0,0,"Zohran Mamdani",1,1,0,0,7,1,1,7,1,7,1,7,"Yes","Zohran Mamdani",2,"Democrat","Strong",NA,NA,"Democrat | Strong","Dem",1,34,"woman","Black or African American","4yearColl","$0-$20,000",1,4,0,0,0,1,0,NA
"KM695ho","New York","New York","Zohran Mamdani","Andrew Cuomo","Mayoral","New York City",30,1,1,0,0,"No Vote",NA,0,1,0,3,5,3.5,4.5,3,5,4,4,"No","Zohran Mamdani",2,"Democrat","Strong",NA,NA,"Democrat | Strong","Dem",1,21,"woman","Asian","GED","$20,001-$40,000",2,2,0,0,0,1,0,NA
"KP048hr","New York","Kings","Zohran Mamdani","Andrew Cuomo","Mayoral","New York City",30,NA,0,1,0,"Curtis Sliwa",NA,0,1,0,7,2,1,5,1,4,1,6,"Not sure","Curtis Sliwa",4,"No preference",NA,NA,"Neither","Independent | Neither","Ind",1,31,"man","Black or African American","2yearColl","$80,001-$100,000",5,3,0,1,0,0,0,NA
"KQ450uo","New Jersey","Hudson","Jack Ciattarelli","Mikie Sherill","Gubernatorial","New Jersey",54,NA,0,1,0,NA,NA,0,1,0,5,3,5.5,3,6,3,5,3,"No",NA,4,"Independent",NA,NA,"Neither","Independent | Neither","Ind",1,29,"woman","Asian","MA","$100,001-$120,000",6,5,0,0,0,0,1,NA
"KR003ms","New Jersey","Ocean","Jack Ciattarelli","Mikie Sherill","Gubernatorial","New Jersey",97,0,0,0,1,"Mikie Sherill",0,0,0,1,1,6,6,1,7,1,5,1,"Yes","Mikie Sherill",1,"Democrat","Strong",NA,NA,"Democrat | Strong","Dem",1,39,"man","White","4yearColl","$40,001-$60,000",3,4,1,1,0,1,0,NA
"KW307jd","New Jersey","Ocean","Jack Ciattarelli","Mikie Sherill","Gubernatorial","New Jersey",50,0,0,0,1,NA,NA,NA,NA,NA,6,1,7,4,7,3,7,5,"Yes","Mikie Sherill",1,"Democrat","Strong",NA,NA,"Democrat | Strong","Dem",1,30,"woman","White","4yearColl","$60,001-$80,000",4,4,1,0,0,1,0,NA
"KY034uo","New Jersey","Monmouth","Jack Ciattarelli","Mikie Sherill","Gubernatorial","New Jersey",70,0,0,0,1,"Mikie Sherill",0,0,0,1,5,3,6,3,7,3,5,3,"Yes","Mikie Sherill",1,"Democrat","Strong",NA,NA,"Democrat | Strong","Dem",1,30,"woman","White","2yearColl","$40,001-$60,000",3,3,1,0,0,1,0,NA
"KZ690rx","New Jersey","Union","Jack Ciattarelli","Mikie Sherill","Gubernatorial","New Jersey",80,NA,0,1,0,NA,NA,NA,NA,NA,1,2,5,2.5,5,2,5,3,"No",NA,3,"No preference",NA,NA,"Neither","Independent | Neither","Ind",1,27,"man","White","GED","$0-$20,000",1,2,1,1,0,0,0,NA
"KZ767ae","New York","Queens","Zohran Mamdani","Andrew Cuomo","Mayoral","New York City",7,1,1,0,0,"Zohran Mamdani",1,1,0,0,7,1,1,3.5,1,4,1,3,"Yes","Zohran Mamdani",4,"Democrat","Strong",NA,NA,"Democrat | Strong","Dem",1,25,"woman","Black or African American","GED","$20,001-$40,000",2,2,0,0,0,1,0,"The survey was quite good, and no hitches"
"LA994xh","New Jersey","Bergen","Jack Ciattarelli","Mikie Sherill","Gubernatorial","New Jersey",50,NA,0,1,0,NA,NA,0,1,0,6,2,2,6,2,6,2,6,"Not sure",NA,4,"Democrat","Not very strong",NA,NA,"Democrat | Not very strong","Dem",1,25,"woman","White","2yearColl","$0-$20,000",1,3,1,0,0,1,0,NA
"LA997hi","New Jersey","Monmouth","Jack Ciattarelli","Mikie Sherill","Gubernatorial","New Jersey",39,1,1,0,0,"Jack Ciattarelli",1,1,0,0,5,4,5.5,2,5,2,6,2,"Yes","Jack Ciattarelli",5,"Republican",NA,"Not very strong",NA,"Republican | Not very strong","Rep",1,40,"woman","White","4yearColl","$180,001-$200,000",10,4,1,0,1,0,0,NA
"LC449ho","New York","New York","Zohran Mamdani","Andrew Cuomo","Mayoral","New York City",35,NA,0,1,0,"No Vote",NA,0,1,0,7,3,2.5,3.5,1,3,4,4,"No","Curtis Sliwa",2,"Democrat","Strong",NA,NA,"Democrat | Strong","Dem",1,24,"woman","White","4yearColl",NA,NA,4,1,0,0,1,0,NA
"LC666he","New Jersey","Monmouth","Jack Ciattarelli","Mikie Sherill","Gubernatorial","New Jersey",60,0,0,0,1,NA,NA,NA,NA,NA,4,3,5,3.5,5,3,5,4,"Yes","Mikie Sherill",3,"Democrat","Not very strong",NA,NA,"Democrat | Not very strong","Dem",1,34,"woman","White","4yearColl","$120,001-$140,000",7,4,1,0,0,1,0,NA
"LD769sa","Minnesota","Anoka","Jacob Frey","Omar Fateh","Mayoral","Minneapolis",40,NA,0,1,0,"Jacob Frey",0,0,0,1,1,7,1,1,1,1,1,1,"No","I wouldn't vote for either",6,"Republican",NA,"Strong",NA,"Republican | Strong","Rep",1,31,"man","White","4yearColl","$60,001-$80,000",4,4,1,1,1,0,0,NA
"LG416km","Minnesota","Hennepin","Jacob Frey","Omar Fateh","Mayoral","Minneapolis",75,NA,0,1,0,"Jacob Frey",0,0,0,1,7,7,1,1,1,1,1,1,"Yes","Whoever is the Republican",7,"Republican",NA,"Strong",NA,"Republican | Strong","Rep",1,43,"man","White","4yearColl","$20,001-$40,000",2,4,1,1,1,0,0,NA
"LH193lf","Washington","King","Bruce Harrell","Katie Wilson","Mayoral","Seattle",58,NA,0,1,0,NA,NA,0,1,0,3,4,4,2,3,2,5,2,"Not sure",NA,4,"Independent",NA,NA,"Closer to Democratic","Independent | Closer to Democratic","Dem",1,37,"man","White","GED","$40,001-$60,000",3,2,1,1,0,0,1,NA
"LP425jo","New Jersey","Morris","Jack Ciattarelli","Mikie Sherill","Gubernatorial","New Jersey",86,0,0,0,1,"Mikie Sherill",0,0,0,1,6,4,6.5,3,7,2,6,4,"Yes","Mikie Sherill",2,"Democrat","Strong",NA,NA,"Democrat | Strong","Dem",1,65,"man","White","GED","$20,001-$40,000",2,2,1,1,0,1,0,NA
"LQ562zz","New Jersey","Bergen","Jack Ciattarelli","Mikie Sherill","Gubernatorial","New Jersey",27,0,0,0,1,"Mikie Sherill",0,0,0,1,5,4,7,2.5,7,2,7,3,"Yes","Mikie Sherill",2,"Democrat","Strong",NA,NA,"Democrat | Strong","Dem",1,37,"man","Hispanic, Latino, or Spanish origin","MA","Over $200,000",11,5,0,1,0,1,0,NA
"LS516mm","New Jersey","Gloucester","Jack Ciattarelli","Mikie Sherill","Gubernatorial","New Jersey",100,0,0,0,1,"Mikie Sherill",0,0,0,1,7,2,7,2.5,7,4,7,1,"Yes","Mikie Sherill",1,"Democrat","Not very strong",NA,NA,"Democrat | Not very strong","Dem",1,25,"woman","White","2yearColl","$20,001-$40,000",2,3,1,0,0,1,0,NA
"LW529wu","Minnesota","Hennepin","Jacob Frey","Omar Fateh","Mayoral","Minneapolis",23,0,0,0,1,NA,NA,0,1,0,4,7,2.5,1.5,2,1,3,2,"Not sure","Jacob Frey",5,"Republican",NA,"Not very strong",NA,"Republican | Not very strong","Rep",1,20,"man","Asian","GED","Over $200,000",11,2,0,1,1,0,0,NA
"LZ303dz","New York","Queens","Zohran Mamdani","Andrew Cuomo","Mayoral","New York City",18,NA,0,1,0,"Zohran Mamdani",1,1,0,0,2,2,4,4,4,4,4,4,"Yes",NA,3,"Democrat","Not very strong",NA,NA,"Democrat | Not very strong","Dem",1,19,"man","White","4yearColl","$0-$20,000",1,4,1,1,0,1,0,NA
"MA935sa","New York","New York","Zohran Mamdani","Andrew Cuomo","Mayoral","New York City",54,NA,0,1,0,NA,NA,NA,NA,NA,7,3,2,5,1,5,3,5,"No",NA,4,"Independent",NA,NA,"Neither","Independent | Neither","Ind",1,23,"man","Hispanic, Latino, or Spanish origin","4yearColl","$160,001-$180,000",9,4,0,1,0,0,1,NA
"MC845la","New Jersey","Mercer","Jack Ciattarelli","Mikie Sherill","Gubernatorial","New Jersey",34,NA,0,1,0,"Mikie Sherill",0,0,0,1,6,3,5,3,6,2,4,4,"Yes",NA,2,"Democrat","Strong",NA,NA,"Democrat | Strong","Dem",1,47,"woman","Hispanic, Latino, or Spanish origin","MA","$60,001-$80,000",4,5,0,0,0,1,0,NA
"ME301fj","New York","New York","Zohran Mamdani","Andrew Cuomo","Mayoral","New York City",7,NA,0,1,0,"Andrew Cuomo",0,0,0,1,7,3,1,5.5,1,7,1,4,"Not sure","Curtis Sliwa",2,"Democrat","Not very strong",NA,NA,"Democrat | Not very strong","Dem",1,25,"woman","White","4yearColl","Over $200,000",11,4,1,0,0,1,0,NA
"MH201rc","New Jersey","Morris","Jack Ciattarelli","Mikie Sherill","Gubernatorial","New Jersey",65,0,0,0,1,NA,NA,NA,NA,NA,6,3,6.5,2,7,2,6,2,"Yes","Mikie Sherill",2,"Democrat","Strong",NA,NA,"Democrat | Strong","Dem",1,37,"man","White","MA","$180,001-$200,000",10,5,1,1,0,1,0,NA
"MH844on","New Jersey","Hudson","Jack Ciattarelli","Mikie Sherill","Gubernatorial","New Jersey",100,NA,0,1,0,NA,NA,NA,NA,NA,4,4,4,4,4,4,4,4,"No",NA,1,"No preference",NA,NA,"Neither","Independent | Neither","Ind",1,42,"woman","Black or African American","noHS","$20,001-$40,000",2,1,0,0,0,0,0,NA
"MI393gs","New York","Kings","Zohran Mamdani","Andrew Cuomo","Mayoral","New York City",63,1,1,0,0,"Zohran Mamdani",1,1,0,0,4,3,4,4.5,3,5,5,4,"Yes","Zohran Mamdani",2,"Democrat","Not very strong",NA,NA,"Democrat | Not very strong","Dem",1,24,"woman","White","4yearColl","$100,001-$120,000",6,4,1,0,0,1,0,NA
"MI735as","New Jersey","Union","Jack Ciattarelli","Mikie Sherill","Gubernatorial","New Jersey",34,0,0,0,1,NA,NA,NA,NA,NA,4,4,7,3,7,3,7,3,"Yes","Mikie Sherill",2,"Democrat","Strong",NA,NA,"Democrat | Strong","Dem",1,32,"man","White","4yearColl","Over $200,000",11,4,1,1,0,1,0,NA
"MJ115sc","New York","New York","Zohran Mamdani","Andrew Cuomo","Mayoral","New York City",64,0,0,0,1,"Andrew Cuomo",0,0,0,1,7,4,1,1.5,1,1,1,2,"Yes","Andrew Cuomo",6,"Republican",NA,"Strong",NA,"Republican | Strong","Rep",1,33,"man","White","4yearColl","$120,001-$140,000",7,4,1,1,1,0,0,NA
"MM374tj","New York","Kings","Zohran Mamdani","Andrew Cuomo","Mayoral","New York City",26,0,0,0,1,NA,NA,NA,NA,NA,6,1,2.5,6,4,6,1,6,"Yes","Andrew Cuomo",2,"Independent",NA,NA,"Closer to Republican","Independent | Closer to Republican","Rep",1,26,"man","Black or African American","4yearColl","$100,001-$120,000",6,4,0,1,0,0,1,NA
"MM645rc","New Jersey","Bergen","Jack Ciattarelli","Mikie Sherill","Gubernatorial","New Jersey",51,1,1,0,0,"Jack Ciattarelli",1,1,0,0,6,1,5.5,1.5,5,1,6,2,"Yes","Jack Ciattarelli",6,"Republican",NA,"Strong",NA,"Republican | Strong","Rep",1,61,"woman","White","4yearColl","Over $200,000",11,4,1,0,1,0,0,"N/A"
"MN590ya","New Jersey","Camden","Jack Ciattarelli","Mikie Sherill","Gubernatorial","New Jersey",50,NA,0,1,0,NA,NA,NA,NA,NA,4,4,4,4,4,4,4,4,"No",NA,4,"Independent",NA,NA,"Neither","Independent | Neither","Ind",1,19,"man","Asian","GED","$20,001-$40,000",2,2,0,1,0,0,1,NA
"MQ395px","New York","Richmond","Zohran Mamdani","Andrew Cuomo","Mayoral","New York City",43,1,1,0,0,"Zohran Mamdani",1,1,0,0,6,2,2,6,2,5,2,7,"Yes","Zohran Mamdani",3,"Democrat","Strong",NA,NA,"Democrat | Strong","Dem",1,54,"man","multiracial","4yearColl","$20,001-$40,000",2,4,0,1,0,1,0,NA
"MR401rq","New York","Kings","Zohran Mamdani","Andrew Cuomo","Mayoral","New York City",21,NA,0,1,0,"Andrew Cuomo",0,0,0,1,2,6,1.5,5.5,1,6,2,5,"Yes","Curtis Sliwa",5,"Republican",NA,"Not very strong",NA,"Republican | Not very strong","Rep",1,49,"woman","White","MA","Over $200,000",11,5,1,0,1,0,0,NA
"MS118bf","New Jersey","Essex","Jack Ciattarelli","Mikie Sherill","Gubernatorial","New Jersey",62,0,0,0,1,"Mikie Sherill",0,0,0,1,1,7,7,1,7,1,7,1,"Yes","Mikie Sherill",2,"Democrat","Strong",NA,NA,"Democrat | Strong","Dem",1,56,"woman","Black or African American","GED","$20,001-$40,000",2,2,0,0,0,1,0,NA
"MS886wg","Minnesota","Hennepin","Jacob Frey","Omar Fateh","Mayoral","Minneapolis",0,NA,0,1,0,NA,NA,0,1,0,1,7,3.5,7,3,7,4,7,"No",NA,4,"Independent",NA,NA,"Closer to Democratic","Independent | Closer to Democratic","Dem",1,62,"man","Other (please specify)","2yearColl","$0-$20,000",1,3,0,1,0,0,1,"Thank You for the opportunity to participate!"
"MV815xy","New York","Bronx","Zohran Mamdani","Andrew Cuomo","Mayoral","New York City",42,1,1,0,0,"Zohran Mamdani",1,1,0,0,5,3,3,4,1,4,5,4,"Yes","Zohran Mamdani",2,"Democrat","Strong",NA,NA,"Democrat | Strong","Dem",1,37,"man","Black or African American","GED","$0-$20,000",1,2,0,1,0,1,0,NA
"MW758ne","New York","Kings","Zohran Mamdani","Andrew Cuomo","Mayoral","New York City",29,1,1,0,0,"Zohran Mamdani",1,1,0,0,7,1,1,7,1,7,1,7,"Yes","Zohran Mamdani",2,"Democrat","Not very strong",NA,NA,"Democrat | Not very strong","Dem",1,28,NA,"Middle Eastern or North African","GED","$60,001-$80,000",4,2,0,NA,0,1,0,NA
"MX534mo","New York","Kings","Zohran Mamdani","Andrew Cuomo","Mayoral","New York City",35,1,1,0,0,"Zohran Mamdani",1,1,0,0,6,3,2.5,5,2,5,3,5,"Yes","Zohran Mamdani",2,"Democrat","Strong",NA,NA,"Democrat | Strong","Dem",1,36,"woman","Black or African American","GED","$20,001-$40,000",2,2,0,0,0,1,0,"I really wish it had been Lander in this last part of the election, sadly it was not meant to be."
"MY174ro","New York","Queens","Zohran Mamdani","Andrew Cuomo","Mayoral","New York City",35,1,1,0,0,"Zohran Mamdani",1,1,0,0,5,2,2.5,6.5,2,6,3,7,"Yes","Zohran Mamdani",2,"Democrat","Strong",NA,NA,"Democrat | Strong","Dem",1,46,"woman","Hispanic, Latino, or Spanish origin","4yearColl","$60,001-$80,000",4,4,0,0,0,1,0,NA
"MY230sq","New Jersey","Middlesex","Jack Ciattarelli","Mikie Sherill","Gubernatorial","New Jersey",85,0,0,0,1,NA,NA,0,1,0,5,2,7,3,7,3,7,3,"Not sure","Mikie Sherill",2,"Democrat","Not very strong",NA,NA,"Democrat | Not very strong","Dem",1,37,"man","White","MA","$0-$20,000",1,5,1,1,0,1,0,NA
"MY870bf","New Jersey","Essex","Jack Ciattarelli","Mikie Sherill","Gubernatorial","New Jersey",20,NA,0,1,0,"Mikie Sherill",0,0,0,1,4,5,4,4.5,4,5,4,4,"Yes",NA,4,"Independent",NA,NA,"Neither","Independent | Neither","Ind",1,44,"woman","Black or African American","4yearColl","$100,001-$120,000",6,4,0,0,0,0,1,NA
"NC289vo","New Jersey","Union","Jack Ciattarelli","Mikie Sherill","Gubernatorial","New Jersey",51,0,0,0,1,"Mikie Sherill",0,0,0,1,5,4,7,1.5,7,1,7,2,"Not sure","Mikie Sherill",1,"Democrat","Strong",NA,NA,"Democrat | Strong","Dem",1,31,"woman","Black or African American","MA","$140,001-$160,000",8,5,0,0,0,1,0,NA
"NE718cp","New York","Richmond","Zohran Mamdani","Andrew Cuomo","Mayoral","New York City",67,NA,0,1,0,"No Vote",NA,0,1,0,5,1,2,6.5,2,7,2,6,"Yes",NA,2,"Independent",NA,NA,"Neither","Independent | Neither","Ind",1,22,"woman","Asian","GED","$100,001-$120,000",6,2,0,0,0,0,1,NA
"NF125ia","New York","New York","Zohran Mamdani","Andrew Cuomo","Mayoral","New York City",6,1,1,0,0,"Zohran Mamdani",1,1,0,0,5,2,1.5,5,2,5,1,5,"Yes","Zohran Mamdani",3,"Independent",NA,NA,"Closer to Democratic","Independent | Closer to Democratic","Dem",1,43,"man","White","4yearColl","$160,001-$180,000",9,4,1,1,0,0,1,NA
"NF230az","New Jersey","Bergen","Jack Ciattarelli","Mikie Sherill","Gubernatorial","New Jersey",40,1,1,0,0,"Jack Ciattarelli",1,1,0,0,6,2,5.5,1.5,6,1,5,2,"Yes","Jack Ciattarelli",6,"Republican",NA,"Not very strong",NA,"Republican | Not very strong","Rep",1,38,"man","White","4yearColl","$140,001-$160,000",8,4,1,1,1,0,0,NA
"NF512fq","New Jersey","Union","Jack Ciattarelli","Mikie Sherill","Gubernatorial","New Jersey",0,0,0,0,1,NA,NA,NA,NA,NA,3,7,6.5,1,7,1,6,1,"Yes","Mikie Sherill",4,"Independent",NA,NA,"Closer to Democratic","Independent | Closer to Democratic","Dem",1,25,"woman","Black or African American","4yearColl",NA,NA,4,0,0,0,0,1,NA
"NH185va","New Jersey","Burlington","Jack Ciattarelli","Mikie Sherill","Gubernatorial","New Jersey",65,0,0,0,1,"Mikie Sherill",0,0,0,1,1,4,5,3,7,1,3,5,"Yes","Mikie Sherill",1,"Democrat","Strong",NA,NA,"Democrat | Strong","Dem",1,33,"woman","White","4yearColl","$0-$20,000",1,4,1,0,0,1,0,NA
"NI000mu","Minnesota","Hennepin","Jacob Frey","Omar Fateh","Mayoral","Minneapolis",60,0,0,0,1,NA,NA,NA,NA,NA,2,5,4,2.5,3,3,5,2,"Yes","Jacob Frey",2,"Democrat","Strong",NA,NA,"Democrat | Strong","Dem",1,38,"woman","White","4yearColl","$80,001-$100,000",5,4,1,0,0,1,0,NA
"NI175le","New York","Queens","Zohran Mamdani","Andrew Cuomo","Mayoral","New York City",33,NA,0,1,0,"No Vote",NA,0,1,0,7,1,4,2.5,1,3,7,2,"Yes",NA,2,"Democrat","Not very strong",NA,NA,"Democrat | Not very strong","Dem",1,24,"woman","Asian","4yearColl","$0-$20,000",1,4,0,0,0,1,0,NA
"NI790xj","New Jersey","Somerset","Jack Ciattarelli","Mikie Sherill","Gubernatorial","New Jersey",63,0,0,0,1,"Mikie Sherill",0,0,0,1,4,1,7,2.5,7,1,7,4,"Yes","Mikie Sherill",2,"Independent",NA,NA,"Neither","Independent | Neither","Ind",1,36,"man","White","MA","$80,001-$100,000",5,5,1,1,0,0,1,NA
"NJ041xa","Washington","King","Bruce Harrell","Katie Wilson","Mayoral","Seattle",10,1,1,0,0,NA,NA,NA,NA,NA,3,5,2.5,1.5,2,1,3,2,"Yes","Katie Wilson",2,"Democrat","Strong",NA,NA,"Democrat | Strong","Dem",1,21,"woman","White","GED","$160,001-$180,000",9,2,1,0,0,1,0,NA
"NO580xe","New Jersey","Burlington","Jack Ciattarelli","Mikie Sherill","Gubernatorial","New Jersey",10,0,0,0,1,NA,NA,NA,NA,NA,4,4,7,3,7,3,7,3,"Yes","Mikie Sherill",1,"Democrat","Strong",NA,NA,"Democrat | Strong","Dem",1,74,"woman","White","MA","$100,001-$120,000",6,5,1,0,0,1,0,NA
"NO843jb","New Jersey","Union","Jack Ciattarelli","Mikie Sherill","Gubernatorial","New Jersey",74,0,0,0,1,"Mikie Sherill",0,0,0,1,3,5,5.5,2.5,6,2,5,3,"Yes","Mikie Sherill",4,"Independent",NA,NA,"Neither","Independent | Neither","Ind",1,23,"woman","Black or African American","2yearColl","$180,001-$200,000",10,3,0,0,0,0,1,NA
"NQ116lr","Washington","King","Bruce Harrell","Katie Wilson","Mayoral","Seattle",60,0,0,0,1,"Bruce Harrell",0,0,0,1,5,3,2.5,2.5,2,1,3,4,"Yes","Bruce Harrell",2,"Democrat","Not very strong",NA,NA,"Democrat | Not very strong","Dem",1,36,"woman","White","MA","$80,001-$100,000",5,5,1,0,0,1,0,NA
"NQ532lm","New Jersey","Ocean","Jack Ciattarelli","Mikie Sherill","Gubernatorial","New Jersey",66,1,1,0,0,NA,NA,NA,NA,NA,5,4,5.5,2,6,2,5,2,"No","Jack Ciattarelli",5,"Republican",NA,"Not very strong",NA,"Republican | Not very strong","Rep",1,31,"man","White","noHS","$20,001-$40,000",2,1,1,1,1,0,0,NA
"NT400hp","New York","Kings","Zohran Mamdani","Andrew Cuomo","Mayoral","New York City",50,0,0,0,1,"Andrew Cuomo",0,0,0,1,7,5,2.5,2.5,1,4,4,1,"Yes","Andrew Cuomo",3,"Democrat","Strong",NA,NA,"Democrat | Strong","Dem",1,61,"woman","Black or African American","4yearColl","$80,001-$100,000",5,4,0,0,0,1,0,NA
"NT407eg","New Jersey","Camden","Jack Ciattarelli","Mikie Sherill","Gubernatorial","New Jersey",30,NA,0,1,0,NA,NA,0,1,0,4,4,4,4,4,4,4,4,"Yes",NA,2,"Democrat","Not very strong",NA,NA,"Democrat | Not very strong","Dem",1,36,"woman","White","4yearColl","$80,001-$100,000",5,4,1,0,0,1,0,NA
"NU200qs","New Jersey","Middlesex","Jack Ciattarelli","Mikie Sherill","Gubernatorial","New Jersey",55,0,0,0,1,NA,NA,NA,NA,NA,4,3,7,3.5,7,3,7,4,"Yes","Mikie Sherill",2,"Independent",NA,NA,"Closer to Democratic","Independent | Closer to Democratic","Dem",1,35,"woman","White","4yearColl","Over $200,000",11,4,1,0,0,0,1,NA
"NU704ry","New Jersey","Middlesex","Jack Ciattarelli","Mikie Sherill","Gubernatorial","New Jersey",26,NA,0,1,0,"Jack Ciattarelli",1,1,0,0,4,2,5.5,2.5,6,2,5,3,"Yes",NA,4,"Independent",NA,NA,"Neither","Independent | Neither","Ind",1,70,"man","White","4yearColl","$60,001-$80,000",4,4,1,1,0,0,1,NA
"NV515fj","New Jersey","Middlesex","Jack Ciattarelli","Mikie Sherill","Gubernatorial","New Jersey",75,0,0,0,1,"Mikie Sherill",0,0,0,1,4,4,7,3,7,2,7,4,"Yes","Mikie Sherill",4,"Independent",NA,NA,"Neither","Independent | Neither","Ind",1,22,"woman","White","4yearColl","$80,001-$100,000",5,4,1,0,0,0,1,NA
"NX382mv","New Jersey","Warren","Jack Ciattarelli","Mikie Sherill","Gubernatorial","New Jersey",80,0,0,0,1,"Mikie Sherill",0,0,0,1,1,3,4,3,7,2,1,4,"Yes","Mikie Sherill",1,"Democrat","Strong",NA,NA,"Democrat | Strong","Dem",1,62,"woman","White","2yearColl","$60,001-$80,000",4,3,1,0,0,1,0,NA
"NX642jm","New Jersey","Camden","Jack Ciattarelli","Mikie Sherill","Gubernatorial","New Jersey",76,0,0,0,1,"Mikie Sherill",0,0,0,1,7,3,7,2,7,2,7,2,"Yes","Mikie Sherill",3,"Democrat","Not very strong",NA,NA,"Democrat | Not very strong","Dem",1,30,"woman","Black or African American","4yearColl","$0-$20,000",1,4,0,0,0,1,0,NA
"OB951tk","Washington","King","Bruce Harrell","Katie Wilson","Mayoral","Seattle",27,0,0,0,1,"Bruce Harrell",0,0,0,1,3,6,3,1.5,3,2,3,1,"Yes","Bruce Harrell",2,"Democrat","Strong",NA,NA,"Democrat | Strong","Dem",1,77,"man","White","MA","Over $200,000",11,5,1,1,0,1,0,"just thanks for the opportunity to participate in this study"
"OB951tk","Washington","King","Bruce Harrell","Katie Wilson","Mayoral","Seattle",27,0,0,0,1,NA,NA,0,1,0,3,6,3,1.5,3,2,3,1,"Yes","Bruce Harrell",2,"Democrat","Strong",NA,NA,"Democrat | Strong","Dem",1,77,"man","White","MA","Over $200,000",11,5,1,1,0,1,0,"just thanks for the opportunity to participate in this study"
"OD169hz","New Jersey","Middlesex","Jack Ciattarelli","Mikie Sherill","Gubernatorial","New Jersey",0,0,0,0,1,"Mikie Sherill",0,0,0,1,5,4,5.5,3.5,6,3,5,4,"Yes","Mikie Sherill",7,"Republican",NA,"Strong",NA,"Republican | Strong","Rep",1,28,"woman","White","4yearColl","$0-$20,000",1,4,1,0,1,0,0,NA
"OD774fy","New Jersey","Essex","Jack Ciattarelli","Mikie Sherill","Gubernatorial","New Jersey",87,0,0,0,1,"Mikie Sherill",0,0,0,1,7,2,7,4.5,7,3,7,6,"Yes","Mikie Sherill",1,"Democrat","Strong",NA,NA,"Democrat | Strong","Dem",1,61,"woman","White","4yearColl","$20,001-$40,000",2,4,1,0,0,1,0,NA
"OE388um","New Jersey","Bergen","Jack Ciattarelli","Mikie Sherill","Gubernatorial","New Jersey",87,0,0,0,1,NA,NA,0,1,0,4,6,5.5,3,7,2,4,4,"Not sure","Mikie Sherill",1,"Independent",NA,NA,"Closer to Democratic","Independent | Closer to Democratic","Dem",1,19,"man","White","GED","$60,001-$80,000",4,2,1,1,0,0,1,NA
"OG689mh","New York","Kings","Zohran Mamdani","Andrew Cuomo","Mayoral","New York City",80,1,1,0,0,"Zohran Mamdani",1,1,0,0,5,2,2,5,2,5,2,5,"Yes","Zohran Mamdani",2,"Democrat","Strong",NA,NA,"Democrat | Strong","Dem",1,29,"man","Asian","4yearColl","$40,001-$60,000",3,4,0,1,0,1,0,NA
"OI589ak","New York","Queens","Zohran Mamdani","Andrew Cuomo","Mayoral","New York City",65,1,1,0,0,NA,NA,NA,NA,NA,6,2,1.5,6,1,6,2,6,"Yes","Zohran Mamdani",1,"Democrat","Strong",NA,NA,"Democrat | Strong","Dem",1,22,"woman","multiracial","4yearColl","$140,001-$160,000",8,4,0,0,0,1,0,NA
"OL666ho","New Jersey","Camden","Jack Ciattarelli","Mikie Sherill","Gubernatorial","New Jersey",51,0,0,0,1,"Mikie Sherill",0,0,0,1,6,3,6.5,2,7,1,6,3,"Yes","Mikie Sherill",2,"Democrat","Strong",NA,NA,"Democrat | Strong","Dem",1,55,"woman","multiracial","PHD","$180,001-$200,000",10,6,0,0,0,1,0,"Generally governmental change is slow, but given how the current administration is ignoring legal, constitutional and governmental norms to effect sweeping changes, I'm very concerned about the state of the country, and this race."
"OM665cd","New York","Queens","Zohran Mamdani","Andrew Cuomo","Mayoral","New York City",42,1,1,0,0,"Zohran Mamdani",1,1,0,0,5,1,2.5,4.5,2,3,3,6,"Yes","Zohran Mamdani",1,"Democrat","Not very strong",NA,NA,"Democrat | Not very strong","Dem",1,39,"man","Hispanic, Latino, or Spanish origin","PHD","$180,001-$200,000",10,6,0,1,0,1,0,NA
"OM966so","New Jersey","Bergen","Jack Ciattarelli","Mikie Sherill","Gubernatorial","New Jersey",20,NA,0,1,0,"Mikie Sherill",0,0,0,1,4,4,4,4,4,4,4,4,"Yes",NA,3,"Democrat","Not very strong",NA,NA,"Democrat | Not very strong","Dem",1,20,"man","Asian","GED","$140,001-$160,000",8,2,0,1,0,1,0,NA
"ON065fz","Washington","King","Bruce Harrell","Katie Wilson","Mayoral","Seattle",0,1,1,0,0,"Katie Wilson",1,1,0,0,3,4,5,2,3,3,7,1,"Yes","Katie Wilson",3,"Democrat","Strong",NA,NA,"Democrat | Strong","Dem",1,29,"man","Asian","4yearColl","$100,001-$120,000",6,4,0,1,0,1,0,NA
"OS223wz","New Jersey","Sussex","Jack Ciattarelli","Mikie Sherill","Gubernatorial","New Jersey",0,1,1,0,0,"Jack Ciattarelli",1,1,0,0,2,5,7,1,7,1,7,1,"Yes","Jack Ciattarelli",7,"Republican",NA,"Strong",NA,"Republican | Strong","Rep",1,52,"woman","White","GED","$100,001-$120,000",6,2,1,0,1,0,0,NA
"OU114yu","Minnesota","Hennepin","Jacob Frey","Omar Fateh","Mayoral","Minneapolis",0,0,0,0,1,NA,NA,NA,NA,NA,4,4,4,4,4,4,4,4,"No","Jacob Frey",5,"Independent",NA,NA,"Closer to Republican","Independent | Closer to Republican","Rep",1,22,"man","White","GED","$0-$20,000",1,2,1,1,0,0,1,NA
"OV648vo","New Jersey","Ocean","Jack Ciattarelli","Mikie Sherill","Gubernatorial","New Jersey",80,0,0,0,1,"Mikie Sherill",0,0,0,1,4,4,6.5,2.5,6,3,7,2,"Not sure","Mikie Sherill",1,"Democrat","Strong",NA,NA,"Democrat | Strong","Dem",1,28,NA,"White","4yearColl",NA,NA,4,1,NA,0,1,0,NA
"OV955gw","New York","New York","Zohran Mamdani","Andrew Cuomo","Mayoral","New York City",90,1,1,0,0,"Zohran Mamdani",1,1,0,0,6,1,1,6,1,6,1,6,"Yes","Zohran Mamdani",1,"Democrat","Strong",NA,NA,"Democrat | Strong","Dem",1,62,"man","Asian","4yearColl","$40,001-$60,000",3,4,0,1,0,1,0,NA
"OW789tz","New York","Bronx","Zohran Mamdani","Andrew Cuomo","Mayoral","New York City",51,NA,0,1,0,"Curtis Sliwa",NA,0,1,0,1,2,2.5,5.5,1,7,4,4,"Yes",NA,4,"Independent",NA,NA,"Neither","Independent | Neither","Ind",1,25,"woman","Hispanic, Latino, or Spanish origin","4yearColl","$60,001-$80,000",4,4,0,0,0,0,1,"n/a"
"OY678gt","New Jersey","Middlesex","Jack Ciattarelli","Mikie Sherill","Gubernatorial","New Jersey",63,NA,0,1,0,"Joanne Kuniansky",NA,0,1,0,6,1,7,4,7,3,7,5,"Yes","ACP Candidate",1,"Other party",NA,NA,"Closer to Democratic","Independent | Closer to Democratic","Dem",1,46,"man","White","4yearColl","$20,001-$40,000",2,4,1,1,0,0,0,NA
"OZ118gv","New Jersey","Bergen","Jack Ciattarelli","Mikie Sherill","Gubernatorial","New Jersey",91,NA,0,1,0,NA,NA,0,1,0,4,4,4,4,4,4,4,4,"No",NA,4,"Independent",NA,NA,"Neither","Independent | Neither","Ind",1,31,"man","Asian","4yearColl","$80,001-$100,000",5,4,0,1,0,0,1,NA
"OZ371na","New Jersey","Bergen","Jack Ciattarelli","Mikie Sherill","Gubernatorial","New Jersey",18,0,0,0,1,"Mikie Sherill",0,0,0,1,6,2,5.5,2.5,6,3,5,2,"Yes","Mikie Sherill",3,"Democrat","Not very strong",NA,NA,"Democrat | Not very strong","Dem",1,69,"man","White","GED","$140,001-$160,000",8,2,1,1,0,1,0,NA
"PB184je","New Jersey","Gloucester","Jack Ciattarelli","Mikie Sherill","Gubernatorial","New Jersey",9,1,1,0,0,"Mikie Sherill",0,0,0,1,3,3,6.5,2,7,2,6,2,"Yes","Jack Ciattarelli",5,"Republican",NA,"Not very strong",NA,"Republican | Not very strong","Rep",1,49,"man","White","4yearColl","$120,001-$140,000",7,4,1,1,1,0,0,NA
"PB522ly","Minnesota","Hennepin","Jacob Frey","Omar Fateh","Mayoral","Minneapolis",16,NA,0,1,0,NA,NA,0,1,0,1,4,4.5,3,4,3,5,3,"No",NA,1,"Independent",NA,NA,"Closer to Democratic","Independent | Closer to Democratic","Dem",1,24,"woman","Black or African American","4yearColl","$20,001-$40,000",2,4,0,0,0,0,1,NA
"PC461qr","New Jersey","Ocean","Jack Ciattarelli","Mikie Sherill","Gubernatorial","New Jersey",40,1,1,0,0,"Jack Ciattarelli",1,1,0,0,3,4,6.5,2,6,2,7,2,"Yes","Jack Ciattarelli",5,"Independent",NA,NA,"Closer to Republican","Independent | Closer to Republican","Rep",1,37,"man","White","4yearColl","$140,001-$160,000",8,4,1,1,0,0,1,NA
"PC805ur","New York","Kings","Zohran Mamdani","Andrew Cuomo","Mayoral","New York City",50,1,1,0,0,"Zohran Mamdani",1,1,0,0,7,1,4,5.5,1,4,7,7,"Yes","Zohran Mamdani",1,"Democrat","Strong",NA,NA,"Democrat | Strong","Dem",1,27,"woman","Black or African American","MA","$100,001-$120,000",6,5,0,0,0,1,0,"This study was a good length. It managed to touch on a variety of topics without sacrificing brevity. Great work!"
"PI869kn","New Jersey","Bergen","Jack Ciattarelli","Mikie Sherill","Gubernatorial","New Jersey",17,NA,0,1,0,NA,NA,0,1,0,4,4,4,4,3,6,5,2,"Yes",NA,2,"Democrat","Strong",NA,NA,"Democrat | Strong","Dem",1,22,"woman","White","4yearColl","Over $200,000",11,4,1,0,0,1,0,NA
"PK786lg","New York","Queens","Zohran Mamdani","Andrew Cuomo","Mayoral","New York City",33,1,1,0,0,"Zohran Mamdani",1,1,0,0,7,1,1.5,6,1,7,2,5,"Yes","Zohran Mamdani",1,"Democrat","Strong",NA,NA,"Democrat | Strong","Dem",1,24,"woman","Asian","4yearColl","$40,001-$60,000",3,4,0,0,0,1,0,NA
"PQ031ja","New York","Kings","Zohran Mamdani","Andrew Cuomo","Mayoral","New York City",59,1,1,0,0,"Zohran Mamdani",1,1,0,0,6,1,1,5.5,1,5,1,6,"Yes","Zohran Mamdani",2,"Democrat","Not very strong",NA,NA,"Democrat | Not very strong","Dem",1,61,"man","White","2yearColl","$40,001-$60,000",3,3,1,1,0,1,0,NA
"PQ033ut","New Jersey","Middlesex","Jack Ciattarelli","Mikie Sherill","Gubernatorial","New Jersey",40,0,0,0,1,"Mikie Sherill",0,0,0,1,3,2,6.5,4,6,3,7,5,"Yes","Mikie Sherill",4,"No preference",NA,NA,"Closer to Democratic","Independent | Closer to Democratic","Dem",1,18,"man","White","2yearColl","$40,001-$60,000",3,3,1,1,0,0,0,NA
"PR170fr","New Jersey","Hudson","Jack Ciattarelli","Mikie Sherill","Gubernatorial","New Jersey",60,0,0,0,1,NA,NA,NA,NA,NA,1,5,7,3.5,7,3,7,4,"Yes","Mikie Sherill",2,"Democrat","Strong",NA,NA,"Democrat | Strong","Dem",1,34,"woman","multiracial","MA","Over $200,000",11,5,0,0,0,1,0,"N/A"
"PS671jk","New York","Kings","Zohran Mamdani","Andrew Cuomo","Mayoral","New York City",62,0,0,0,1,"Zohran Mamdani",1,1,0,0,4,5,4,4.5,3,4,5,5,"Yes","Andrew Cuomo",5,"Democrat","Not very strong",NA,NA,"Democrat | Not very strong","Dem",1,38,"man","Black or African American","2yearColl","$20,001-$40,000",2,3,0,1,0,1,0,NA
"PT117ou","New Jersey","Burlington","Jack Ciattarelli","Mikie Sherill","Gubernatorial","New Jersey",45,0,0,0,1,"Mikie Sherill",0,0,0,1,4,4,7,1,7,1,7,1,"Yes","Mikie Sherill",1,"Democrat","Strong",NA,NA,"Democrat | Strong","Dem",1,52,"woman","White","MA","$140,001-$160,000",8,5,1,0,0,1,0,NA
"PT660zo","New Jersey","Bergen","Jack Ciattarelli","Mikie Sherill","Gubernatorial","New Jersey",6,0,0,0,1,"Mikie Sherill",0,0,0,1,6,4,4.5,4,6,3,3,5,"Yes","Mikie Sherill",2,"Democrat","Strong",NA,NA,"Democrat | Strong","Dem",1,70,"woman","White","4yearColl","$60,001-$80,000",4,4,1,0,0,1,0,NA
"PU382sp","New York","Kings","Zohran Mamdani","Andrew Cuomo","Mayoral","New York City",100,1,1,0,0,"Zohran Mamdani",1,1,0,0,7,1,1,7,1,7,1,7,"Yes","Zohran Mamdani",1,"Democrat","Strong",NA,NA,"Democrat | Strong","Dem",1,34,"man","Black or African American","4yearColl","Over $200,000",11,4,0,1,0,1,0,NA
"PV134ys","New York","New York","Zohran Mamdani","Andrew Cuomo","Mayoral","New York City",8,NA,0,1,0,NA,NA,NA,NA,NA,7,6,1,1.5,1,1,1,2,"Yes","Curtis Sliwa",6,"Republican",NA,"Not very strong",NA,"Republican | Not very strong","Rep",1,57,"woman","White","2yearColl","$40,001-$60,000",3,3,1,0,1,0,0,NA
"PW029rg","Minnesota","Hennepin","Jacob Frey","Omar Fateh","Mayoral","Minneapolis",80,0,0,0,1,"Jacob Frey",0,0,0,1,7,7,4,4,2,2,6,6,"Yes","Jacob Frey",2,"Democrat","Strong",NA,NA,"Democrat | Strong","Dem",1,29,"man","White","4yearColl","$40,001-$60,000",3,4,1,1,0,1,0,NA
"PW423em","New Jersey","Atlantic","Jack Ciattarelli","Mikie Sherill","Gubernatorial","New Jersey",21,0,0,0,1,"Mikie Sherill",0,0,0,1,5,5,7,1,7,1,7,1,"Yes","Mikie Sherill",3,"Democrat","Not very strong",NA,NA,"Democrat | Not very strong","Dem",1,56,"woman","White","4yearColl","$80,001-$100,000",5,4,1,0,0,1,0,NA
"QB365bj","New York","New York","Zohran Mamdani","Andrew Cuomo","Mayoral","New York City",79,1,1,0,0,"Zohran Mamdani",1,1,0,0,7,7,4,4,1,7,7,1,"Yes","Zohran Mamdani",2,"Democrat","Strong",NA,NA,"Democrat | Strong","Dem",1,32,"man","Asian","MA","Over $200,000",11,5,0,1,0,1,0,NA
"QB795tk","Washington","King","Bruce Harrell","Katie Wilson","Mayoral","Seattle",80,1,1,0,0,"Katie Wilson",1,1,0,0,3,4,4,3,4,2,4,4,"Not sure","Katie Wilson",4,"Democrat","Not very strong",NA,NA,"Democrat | Not very strong","Dem",1,38,"woman","Asian","4yearColl","$20,001-$40,000",2,4,0,0,0,1,0,NA
"QH964vf","New Jersey","Bergen","Jack Ciattarelli","Mikie Sherill","Gubernatorial","New Jersey",51,0,0,0,1,"Mikie Sherill",0,0,0,1,6,3,6.5,2.5,6,3,7,2,"Yes","Mikie Sherill",2,"Independent",NA,NA,"Neither","Independent | Neither","Ind",1,61,"woman","White","2yearColl","$160,001-$180,000",9,3,1,0,0,0,1,NA
"QJ317re","New York","New York","Zohran Mamdani","Andrew Cuomo","Mayoral","New York City",20,1,1,0,0,"Zohran Mamdani",1,1,0,0,6,1,2.5,4,1,4,4,4,"Yes","Zohran Mamdani",6,"Democrat","Strong",NA,NA,"Democrat | Strong","Dem",1,37,"woman","Black or African American","4yearColl","$0-$20,000",1,4,0,0,0,1,0,NA
"QM051yo","Washington","King","Bruce Harrell","Katie Wilson","Mayoral","Seattle",10,1,1,0,0,"Katie Wilson",1,1,0,0,1,2,4,2.5,3,2,5,3,"Yes","Katie Wilson",2,"Democrat","Strong",NA,NA,"Democrat | Strong","Dem",1,40,"man","multiracial","MA","$160,001-$180,000",9,5,0,1,0,1,0,NA
"QN054pv","New Jersey","Somerset","Jack Ciattarelli","Mikie Sherill","Gubernatorial","New Jersey",100,NA,0,1,0,"Mikie Sherill",0,0,0,1,1,7,7,1,7,1,7,1,"Not sure",NA,4,"Independent",NA,NA,"Closer to Democratic","Independent | Closer to Democratic","Dem",1,30,"man","Black or African American","GED","$0-$20,000",1,2,0,1,0,0,1,NA
"QP352vh","New Jersey","Morris","Jack Ciattarelli","Mikie Sherill","Gubernatorial","New Jersey",70,0,0,0,1,"Mikie Sherill",0,0,0,1,6,6,7,1.5,7,1,7,2,"Not sure","Mikie Sherill",2,"Democrat","Strong",NA,NA,"Democrat | Strong","Dem",1,41,"man","White","GED","$0-$20,000",1,2,1,1,0,1,0,NA
"QP756mt","New York","New York","Zohran Mamdani","Andrew Cuomo","Mayoral","New York City",63,1,1,0,0,NA,NA,NA,NA,NA,6,1,2,6,1,5,3,7,"Yes","Zohran Mamdani",1,"Democrat","Not very strong",NA,NA,"Democrat | Not very strong","Dem",1,35,"man","Hispanic, Latino, or Spanish origin","4yearColl","$20,001-$40,000",2,4,0,1,0,1,0,NA
"QS429ek","New Jersey","Middlesex","Jack Ciattarelli","Mikie Sherill","Gubernatorial","New Jersey",40,0,0,0,1,"Mikie Sherill",0,0,0,1,7,3,7,3.5,7,4,7,3,"Yes","Mikie Sherill",4,"No preference",NA,NA,"Neither","Independent | Neither","Ind",1,24,"man","Hispanic, Latino, or Spanish origin","2yearColl","$60,001-$80,000",4,3,0,1,0,0,0,NA
"QS929nk","New Jersey","Morris","Jack Ciattarelli","Mikie Sherill","Gubernatorial","New Jersey",0,1,1,0,0,"Jack Ciattarelli",1,1,0,0,4,4,5,3,5,2,5,4,"Yes","Jack Ciattarelli",6,"Republican",NA,"Not very strong",NA,"Republican | Not very strong","Rep",1,26,"man","White","4yearColl","$80,001-$100,000",5,4,1,1,1,0,0,"none thank you!!"
"QT146sd","New York","Queens","Zohran Mamdani","Andrew Cuomo","Mayoral","New York City",75,1,1,0,0,NA,NA,NA,NA,NA,6,2,1.5,4,1,3,2,5,"Yes","Zohran Mamdani",1,"Democrat","Strong",NA,NA,"Democrat | Strong","Dem",1,34,"man","White","GED","$80,001-$100,000",5,2,1,1,0,1,0,NA
"QZ707yt","New York","Richmond","Zohran Mamdani","Andrew Cuomo","Mayoral","New York City",74,1,1,0,0,"Zohran Mamdani",1,1,0,0,4,3,3,2.5,1,2,5,3,"Yes","Zohran Mamdani",3,"Democrat","Not very strong",NA,NA,"Democrat | Not very strong","Dem",1,38,"man","White","4yearColl","$140,001-$160,000",8,4,1,1,0,1,0,NA
"RD641uk","New Jersey","Hudson","Jack Ciattarelli","Mikie Sherill","Gubernatorial","New Jersey",100,0,0,0,1,"Mikie Sherill",0,0,0,1,7,1,7,1,7,1,7,1,"Yes","Mikie Sherill",1,"Independent",NA,NA,"Neither","Independent | Neither","Ind",1,25,NA,"White",NA,NA,NA,NA,1,NA,0,0,1,NA
"RD904ds","New Jersey","Bergen","Jack Ciattarelli","Mikie Sherill","Gubernatorial","New Jersey",24,NA,0,1,0,NA,NA,NA,NA,NA,5,4,4,3.5,4,3,4,4,"Not sure",NA,5,"Republican",NA,"Not very strong",NA,"Republican | Not very strong","Rep",1,30,"woman","multiracial","4yearColl","$160,001-$180,000",9,4,0,0,1,0,0,"no further comments"
"RE637zp","New Jersey","Cumberland","Jack Ciattarelli","Mikie Sherill","Gubernatorial","New Jersey",80,1,1,0,0,"Jack Ciattarelli",1,1,0,0,5,4,5.5,1,7,1,4,1,"Yes","Jack Ciattarelli",4,"Independent",NA,NA,"Neither","Independent | Neither","Ind",1,42,"woman","White","GED","$80,001-$100,000",5,2,1,0,0,0,1,NA
"RE905az","New Jersey","Camden","Jack Ciattarelli","Mikie Sherill","Gubernatorial","New Jersey",30,0,0,0,1,"Mikie Sherill",0,0,0,1,3,3,5.5,2.5,6,2,5,3,"Yes","Mikie Sherill",2,"Democrat","Strong",NA,NA,"Democrat | Strong","Dem",1,33,"woman","Hispanic, Latino, or Spanish origin","4yearColl","$100,001-$120,000",6,4,0,0,0,1,0,NA
"RF821pd","New Jersey","Cumberland","Jack Ciattarelli","Mikie Sherill","Gubernatorial","New Jersey",55,1,1,0,0,"Jack Ciattarelli",1,1,0,0,3,3,3,5.5,4,5,2,6,"Not sure","Jack Ciattarelli",4,"Republican",NA,"Strong",NA,"Republican | Strong","Rep",1,33,"man","White","2yearColl","$140,001-$160,000",8,3,1,1,1,0,0,NA
"RG991ef","New Jersey","Union","Jack Ciattarelli","Mikie Sherill","Gubernatorial","New Jersey",84,0,0,0,1,NA,NA,NA,NA,NA,6,4,4.5,3.5,6,3,3,4,"Yes","Mikie Sherill",1,"Democrat","Strong",NA,NA,"Democrat | Strong","Dem",1,19,"woman","Asian","4yearColl","Over $200,000",11,4,0,0,0,1,0,NA
"RH292ze","New York","New York","Zohran Mamdani","Andrew Cuomo","Mayoral","New York City",38,1,1,0,0,"Zohran Mamdani",1,1,0,0,6,2,2,6,1,6,3,6,"Yes","Zohran Mamdani",4,"Independent",NA,NA,"Neither","Independent | Neither","Ind",1,32,"man","Middle Eastern or North African","PHD","Over $200,000",11,6,0,1,0,0,1,NA
"RI278hm","New York","Bronx","Zohran Mamdani","Andrew Cuomo","Mayoral","New York City",100,1,1,0,0,NA,NA,NA,NA,NA,7,3,1,7,1,7,1,7,"Yes","Zohran Mamdani",1,"Independent",NA,NA,"Closer to Democratic","Independent | Closer to Democratic","Dem",1,22,"man","multiracial","GED","$0-$20,000",1,2,0,1,0,0,1,NA
"RL458io","New Jersey","Union","Jack Ciattarelli","Mikie Sherill","Gubernatorial","New Jersey",76,0,0,0,1,NA,NA,NA,NA,NA,7,1,4,4,7,1,1,7,"Yes","Mikie Sherill",1,"Independent",NA,NA,"Closer to Democratic","Independent | Closer to Democratic","Dem",1,21,"woman","Asian","GED","$60,001-$80,000",4,2,0,0,0,0,1,NA
"RL705pj","New York","New York","Zohran Mamdani","Andrew Cuomo","Mayoral","New York City",43,1,1,0,0,"Zohran Mamdani",1,1,0,0,3,5,2,4,2,4,2,4,"Yes","Zohran Mamdani",2,"Democrat","Strong",NA,NA,"Democrat | Strong","Dem",1,28,"woman","White","4yearColl","$120,001-$140,000",7,4,1,0,0,1,0,NA
"RM262mv","New Jersey","Ocean","Jack Ciattarelli","Mikie Sherill","Gubernatorial","New Jersey",72,1,1,0,0,"Jack Ciattarelli",1,1,0,0,5,1,6,1,5,1,7,1,"Yes","Jack Ciattarelli",5,"Independent",NA,NA,"Closer to Republican","Independent | Closer to Republican","Rep",1,33,"woman","multiracial","4yearColl","$40,001-$60,000",3,4,0,0,0,0,1,NA
"RM328wx","New Jersey","Passaic","Jack Ciattarelli","Mikie Sherill","Gubernatorial","New Jersey",65,0,0,0,1,NA,NA,NA,NA,NA,5,3,4.5,4,5,4,4,4,"Yes","Mikie Sherill",2,"Democrat","Strong",NA,NA,"Democrat | Strong","Dem",1,22,"woman","White","4yearColl","$60,001-$80,000",4,4,1,0,0,1,0,NA
"RO780rc","New York","New York","Zohran Mamdani","Andrew Cuomo","Mayoral","New York City",55,0,0,0,1,NA,NA,NA,NA,NA,7,4,3,2.5,5,1,1,4,"Yes","Andrew Cuomo",2,"Democrat","Strong",NA,NA,"Democrat | Strong","Dem",1,26,"woman","White","4yearColl","$120,001-$140,000",7,4,1,0,0,1,0,"the first two questions i thought mamdani was first then cuomo so my answers are swapped! SORRY, couldn't go back"
"RP209bc","New York","Kings","Zohran Mamdani","Andrew Cuomo","Mayoral","New York City",37,0,0,0,1,"Andrew Cuomo",0,0,0,1,7,2,1,2.5,1,2,1,3,"Yes","Andrew Cuomo",6,"Republican",NA,"Strong",NA,"Republican | Strong","Rep",1,32,"woman","White","GED","Over $200,000",11,2,1,0,1,0,0,"Despite opposing Cuomo (my primary vote was for Adams), I believe he will do less damage than Mamdani, thus I intend to vote for him. I dont think Sliwa has a chance of winning, so while I prefer his policies, I unfortunately think that voting for him is useless"
"RP221tw","New York","New York","Zohran Mamdani","Andrew Cuomo","Mayoral","New York City",60,1,1,0,0,NA,NA,NA,NA,NA,5,2,1,7,1,7,1,7,"Yes","Zohran Mamdani",1,"Democrat","Strong",NA,NA,"Democrat | Strong","Dem",1,39,"woman","White","MA","$60,001-$80,000",4,5,1,0,0,1,0,NA
"RP282hz","New Jersey","Gloucester","Jack Ciattarelli","Mikie Sherill","Gubernatorial","New Jersey",50,NA,0,1,0,NA,NA,NA,NA,NA,5,3,6,2,6,2,6,2,"Yes","Definitely leaning towards Jack, but I do have some concerns. I'm really not super fond of either one when it comes down to it. They both worry me in different ways.",5,"Republican",NA,"Not very strong",NA,"Republican | Not very strong","Rep",1,37,"woman","White","GED","$60,001-$80,000",4,2,1,0,1,0,0,NA
"RQ056mx","New Jersey","Camden","Jack Ciattarelli","Mikie Sherill","Gubernatorial","New Jersey",100,0,0,0,1,NA,NA,0,1,0,4,4,4,4,4,4,4,4,"No","Mikie Sherill",3,"No preference",NA,NA,"Closer to Democratic","Independent | Closer to Democratic","Dem",1,24,"woman","White","GED","$120,001-$140,000",7,2,1,0,0,0,0,NA
"RQ063iz","Washington","King","Bruce Harrell","Katie Wilson","Mayoral","Seattle",32,0,0,0,1,"Bruce Harrell",0,0,0,1,3,5,3,1.5,3,1,3,2,"Yes","Bruce Harrell",3,"Democrat","Strong",NA,NA,"Democrat | Strong","Dem",1,60,"woman","Black or African American","2yearColl","$20,001-$40,000",2,3,0,0,0,1,0,NA
"RQ115hx","New Jersey","Ocean","Jack Ciattarelli","Mikie Sherill","Gubernatorial","New Jersey",30,0,0,0,1,"Mikie Sherill",0,0,0,1,6,3,5.5,3,7,2,4,4,"Not sure","Mikie Sherill",4,"Independent",NA,NA,"Neither","Independent | Neither","Ind",1,24,"man","White","4yearColl","Over $200,000",11,4,1,1,0,0,1,NA
"RQ250os","New Jersey","Monmouth","Jack Ciattarelli","Mikie Sherill","Gubernatorial","New Jersey",11,1,1,0,0,"Jack Ciattarelli",1,1,0,0,5,1,5.5,2.5,5,3,6,2,"Yes","Jack Ciattarelli",6,"Republican",NA,"Strong",NA,"Republican | Strong","Rep",1,36,"man","Hispanic, Latino, or Spanish origin","4yearColl","$60,001-$80,000",4,4,0,1,1,0,0,NA
"RT413zu","New York","Kings","Zohran Mamdani","Andrew Cuomo","Mayoral","New York City",75,0,0,0,1,"Andrew Cuomo",0,0,0,1,7,1,1,4,1,4,1,4,"Yes","Andrew Cuomo",5,"Independent",NA,NA,"Closer to Republican","Independent | Closer to Republican","Rep",1,27,"man","Asian","4yearColl","$20,001-$40,000",2,4,0,1,0,0,1,NA
"RU160di","New Jersey","Mercer","Jack Ciattarelli","Mikie Sherill","Gubernatorial","New Jersey",54,0,0,0,1,"Mikie Sherill",0,0,0,1,7,2,7,2.5,7,3,7,2,"Yes","Mikie Sherill",3,"Democrat","Not very strong",NA,NA,"Democrat | Not very strong","Dem",1,54,"man","Black or African American","MA","Over $200,000",11,5,0,1,0,1,0,NA
"RV098em","New York","New York","Zohran Mamdani","Andrew Cuomo","Mayoral","New York City",65,1,1,0,0,"Zohran Mamdani",1,1,0,0,6,2,2,5,2,5,2,5,"Yes","Zohran Mamdani",2,"Independent",NA,NA,"Closer to Democratic","Independent | Closer to Democratic","Dem",1,34,"man","Black or African American","GED","$60,001-$80,000",4,2,0,1,0,0,1,NA
"RV794ye","New York","Queens","Zohran Mamdani","Andrew Cuomo","Mayoral","New York City",80,NA,0,1,0,"No Vote",NA,0,1,0,7,1,1,7,1,7,1,7,"Not sure",NA,1,"Democrat","Strong",NA,NA,"Democrat | Strong","Dem",1,43,"woman","Asian","4yearColl","$100,001-$120,000",6,4,0,0,0,1,0,NA
"RW414oe","New York","New York","Zohran Mamdani","Andrew Cuomo","Mayoral","New York City",60,1,1,0,0,NA,NA,NA,NA,NA,4,1,2,6,1,5,3,7,"Yes","Zohran Mamdani",1,"Democrat","Strong",NA,NA,"Democrat | Strong","Dem",1,32,"woman","Hispanic, Latino, or Spanish origin","MA","$120,001-$140,000",7,5,0,0,0,1,0,NA
"RW420za","New York","Kings","Zohran Mamdani","Andrew Cuomo","Mayoral","New York City",29,NA,0,1,0,NA,NA,NA,NA,NA,4,4,4,4,4,4,4,4,"No","Curtis Sliwa",3,"Independent",NA,NA,"Closer to Republican","Independent | Closer to Republican","Rep",1,20,"man","White","GED","$40,001-$60,000",3,2,1,1,0,0,1,NA
"RY602zl","New Jersey","Monmouth","Jack Ciattarelli","Mikie Sherill","Gubernatorial","New Jersey",39,0,0,0,1,NA,NA,NA,NA,NA,6,1,3.5,4,6,2,1,6,"Yes","Mikie Sherill",2,"Democrat","Strong",NA,NA,"Democrat | Strong","Dem",1,47,"woman","Hispanic, Latino, or Spanish origin","2yearColl","$40,001-$60,000",3,3,0,0,0,1,0,NA
"RY713mz","Minnesota","Hennepin","Jacob Frey","Omar Fateh","Mayoral","Minneapolis",69,0,0,0,1,"Jacob Frey",0,0,0,1,2,3,2.5,3.5,3,3,2,4,"Not sure","Jacob Frey",1,"Democrat","Not very strong",NA,NA,"Democrat | Not very strong","Dem",1,38,"woman","White","2yearColl","$20,001-$40,000",2,3,1,0,0,1,0,"No comments"
"RZ373wv","New York","Queens","Zohran Mamdani","Andrew Cuomo","Mayoral","New York City",20,NA,0,1,0,"No Vote",NA,0,1,0,4,4,4.5,4.5,3,5,6,4,"No",NA,4,"Independent",NA,NA,"Neither","Independent | Neither","Ind",1,43,"man","Asian","4yearColl","$100,001-$120,000",6,4,0,1,0,0,1,NA
"SA761zd","New Jersey","Ocean","Jack Ciattarelli","Mikie Sherill","Gubernatorial","New Jersey",50,0,0,0,1,"Mikie Sherill",0,0,0,1,5,3,7,1.5,7,2,7,1,"Yes","Mikie Sherill",1,"Democrat","Strong",NA,NA,"Democrat | Strong","Dem",1,35,"woman","White","GED","$120,001-$140,000",7,2,1,0,0,1,0,NA
"SA940ez","New Jersey","Hudson","Jack Ciattarelli","Mikie Sherill","Gubernatorial","New Jersey",100,0,0,0,1,"Mikie Sherill",0,0,0,1,7,1,7,2,7,3,7,1,"Yes","Mikie Sherill",1,"Democrat","Not very strong",NA,NA,"Democrat | Not very strong","Dem",1,26,"woman","Hispanic, Latino, or Spanish origin","4yearColl","$140,001-$160,000",8,4,0,0,0,1,0,NA
"SD171ax","New York","New York","Zohran Mamdani","Andrew Cuomo","Mayoral","New York City",62,1,1,0,0,"Zohran Mamdani",1,1,0,0,5,1,2,6,2,6,2,6,"Yes","Zohran Mamdani",2,"Democrat","Not very strong",NA,NA,"Democrat | Not very strong","Dem",1,27,"woman","Asian","4yearColl","$120,001-$140,000",7,4,0,0,0,1,0,NA
"SF309gj","New Jersey","Monmouth","Jack Ciattarelli","Mikie Sherill","Gubernatorial","New Jersey",46,0,0,0,1,"Mikie Sherill",0,0,0,1,7,2,6,3.5,7,4,5,3,"Yes","Mikie Sherill",3,"Independent",NA,NA,"Closer to Democratic","Independent | Closer to Democratic","Dem",1,37,"woman","White","4yearColl","$120,001-$140,000",7,4,1,0,0,0,1,NA
"SF961oi","Washington","King","Bruce Harrell","Katie Wilson","Mayoral","Seattle",25,NA,0,1,0,"Jason Rantz",NA,0,1,0,2,5,1,1,1,1,1,1,"Yes","Jason Rantz",7,"Republican",NA,"Strong",NA,"Republican | Strong","Rep",1,56,"man","White","MA","$160,001-$180,000",9,5,1,1,1,0,0,"I feel frustrated that my mayoral choices are two progressive liberals and no way to ever get a republican or conservative candidate even on the ballot."
"SG246do","New York","Kings","Zohran Mamdani","Andrew Cuomo","Mayoral","New York City",62,1,1,0,0,"Zohran Mamdani",1,1,0,0,7,1,4,4,1,7,7,1,"No","Zohran Mamdani",2,"Democrat","Strong",NA,NA,"Democrat | Strong","Dem",1,28,"man","Asian","4yearColl","$80,001-$100,000",5,4,0,1,0,1,0,NA
"SK441vn","New Jersey","Mercer","Jack Ciattarelli","Mikie Sherill","Gubernatorial","New Jersey",51,0,0,0,1,"Mikie Sherill",0,0,0,1,6,2,6,2,6,2,6,2,"Yes","Mikie Sherill",2,"Democrat","Strong",NA,NA,"Democrat | Strong","Dem",1,28,"woman","White","2yearColl","$100,001-$120,000",6,3,1,0,0,1,0,NA
"SL063eh","New Jersey","Middlesex","Jack Ciattarelli","Mikie Sherill","Gubernatorial","New Jersey",40,0,0,0,1,"Mikie Sherill",0,0,0,1,5,1,6,3,6,3,6,3,"Not sure","Mikie Sherill",3,"No preference",NA,NA,"Closer to Democratic","Independent | Closer to Democratic","Dem",1,22,"man","Asian","4yearColl","Over $200,000",11,4,0,1,0,0,0,NA
"SL096ra","New Jersey","Monmouth","Jack Ciattarelli","Mikie Sherill","Gubernatorial","New Jersey",67,0,0,0,1,"Mikie Sherill",0,0,0,1,2,7,7,1,7,1,7,1,"Yes","Mikie Sherill",3,"Democrat","Not very strong",NA,NA,"Democrat | Not very strong","Dem",1,72,"woman","Black or African American","2yearColl","$60,001-$80,000",4,3,0,0,0,1,0,NA
"SM684cd","New Jersey","Gloucester","Jack Ciattarelli","Mikie Sherill","Gubernatorial","New Jersey",47,NA,0,1,0,"Mikie Sherill",0,0,0,1,3,5,4.5,3,5,2,4,4,"Not sure",NA,4,"Independent",NA,NA,"Neither","Independent | Neither","Ind",1,38,"woman","White","2yearColl","$40,001-$60,000",3,3,1,0,0,0,1,"Thank You!"
"SP372tv","New Jersey","Hudson","Jack Ciattarelli","Mikie Sherill","Gubernatorial","New Jersey",63,0,0,0,1,"Mikie Sherill",0,0,0,1,2,7,4,4,7,1,1,7,"Yes","Mikie Sherill",2,"Democrat","Strong",NA,NA,"Democrat | Strong","Dem",1,32,"man","Hispanic, Latino, or Spanish origin","2yearColl","$40,001-$60,000",3,3,0,1,0,1,0,NA
"SP917fq","New Jersey","Bergen","Jack Ciattarelli","Mikie Sherill","Gubernatorial","New Jersey",50,0,0,0,1,"Mikie Sherill",0,0,0,1,7,1,7,1.5,7,2,7,1,"Yes","Mikie Sherill",2,"Democrat","Strong",NA,NA,"Democrat | Strong","Dem",1,44,"woman","White","4yearColl","$140,001-$160,000",8,4,1,0,0,1,0,NA
"SS094in","New York","New York","Zohran Mamdani","Andrew Cuomo","Mayoral","New York City",60,1,1,0,0,"Zohran Mamdani",1,1,0,0,7,3,1.5,5,1,5,2,5,"Yes","Zohran Mamdani",5,"Republican",NA,"Not very strong",NA,"Republican | Not very strong","Rep",1,32,"man","White","MA","$120,001-$140,000",7,5,1,1,1,0,0,"no"
"SS699cv","New York","Queens","Zohran Mamdani","Andrew Cuomo","Mayoral","New York City",30,1,1,0,0,NA,NA,NA,NA,NA,6,3,1.5,5,1,6,2,4,"Yes","Zohran Mamdani",3,"Democrat","Not very strong",NA,NA,"Democrat | Not very strong","Dem",1,28,"man","Hispanic, Latino, or Spanish origin","GED","$60,001-$80,000",4,2,0,1,0,1,0,NA
"ST288bn","New Jersey","Bergen","Jack Ciattarelli","Mikie Sherill","Gubernatorial","New Jersey",81,0,0,0,1,NA,NA,0,1,0,1,4,7,1,7,1,7,1,"No","Mikie Sherill",3,"Democrat","Not very strong",NA,NA,"Democrat | Not very strong","Dem",1,29,"woman","White","GED","$40,001-$60,000",3,2,1,0,0,1,0,NA
"ST918xb","New Jersey","Morris","Jack Ciattarelli","Mikie Sherill","Gubernatorial","New Jersey",58,0,0,0,1,"Mikie Sherill",0,0,0,1,3,2,6,3,6,3,6,3,"Yes","Mikie Sherill",4,"Independent",NA,NA,"Neither","Independent | Neither","Ind",1,28,"man","White","4yearColl","$80,001-$100,000",5,4,1,1,0,0,1,NA
"SV448du","New Jersey","Camden","Jack Ciattarelli","Mikie Sherill","Gubernatorial","New Jersey",21,0,0,0,1,"Mikie Sherill",0,0,0,1,1,2,6.5,2.5,7,2,6,3,"Yes","Mikie Sherill",2,"Democrat","Not very strong",NA,NA,"Democrat | Not very strong","Dem",1,21,"man","multiracial","GED",NA,NA,2,0,1,0,1,0,NA
"SX692vo","New York","Kings","Zohran Mamdani","Andrew Cuomo","Mayoral","New York City",59,NA,0,1,0,"No Vote",NA,0,1,0,4,4,4,4,4,4,4,4,"Not sure",NA,4,"No preference",NA,NA,"Neither","Independent | Neither","Ind",1,33,"woman","Black or African American","GED","$0-$20,000",1,2,0,0,0,0,0,NA
"SY443rs","New Jersey","Essex","Jack Ciattarelli","Mikie Sherill","Gubernatorial","New Jersey",67,0,0,0,1,NA,NA,NA,NA,NA,3,4,5.5,1.5,6,1,5,2,"Yes","Mikie Sherill",1,"No preference",NA,NA,"Closer to Democratic","Independent | Closer to Democratic","Dem",1,34,"man","Black or African American","MA","$160,001-$180,000",9,5,0,1,0,0,0,NA
"SY850rg","Washington","King","Bruce Harrell","Katie Wilson","Mayoral","Seattle",75,1,1,0,0,"Katie Wilson",1,1,0,0,1,2,4,3,3,2,5,4,"Yes","Katie Wilson",1,"Independent",NA,NA,"Closer to Democratic","Independent | Closer to Democratic","Dem",1,20,"man","Hispanic, Latino, or Spanish origin","GED","Over $200,000",11,2,0,1,0,0,1,NA
"TC272ll","New York","Kings","Zohran Mamdani","Andrew Cuomo","Mayoral","New York City",29,1,1,0,0,NA,NA,NA,NA,NA,2,5,1.5,5.5,1,5,2,6,"Yes","Zohran Mamdani",1,"Democrat","Strong",NA,NA,"Democrat | Strong","Dem",1,54,"woman","Black or African American","GED","$20,001-$40,000",2,2,0,0,0,1,0,NA
"TD449ms","New York","New York","Zohran Mamdani","Andrew Cuomo","Mayoral","New York City",31,1,1,0,0,"Zohran Mamdani",1,1,0,0,5,6,3,5.5,2,7,4,4,"Yes","Zohran Mamdani",2,"Democrat","Not very strong",NA,NA,"Democrat | Not very strong","Dem",1,28,"woman","White","PHD","$80,001-$100,000",5,6,1,0,0,1,0,NA
"TG553iq","New York","Queens","Zohran Mamdani","Andrew Cuomo","Mayoral","New York City",83,1,1,0,0,"Zohran Mamdani",1,1,0,0,5,1,1.5,6.5,1,6,2,7,"Yes","Zohran Mamdani",1,"Democrat","Strong",NA,NA,"Democrat | Strong","Dem",1,31,NA,"White","4yearColl","$0-$20,000",1,4,1,NA,0,1,0,"n/a"
"TG698zt","New Jersey","Ocean","Jack Ciattarelli","Mikie Sherill","Gubernatorial","New Jersey",30,0,0,0,1,"Mikie Sherill",0,0,0,1,7,4,6.5,2.5,6,2,7,3,"Yes","Mikie Sherill",4,"Independent",NA,NA,"Closer to Democratic","Independent | Closer to Democratic","Dem",1,33,"woman","White","PHD","Over $200,000",11,6,1,0,0,0,1,NA
"TG767sv","New Jersey","Bergen","Jack Ciattarelli","Mikie Sherill","Gubernatorial","New Jersey",40,0,0,0,1,NA,NA,NA,NA,NA,7,1,7,2,7,1,7,3,"Yes","Mikie Sherill",1,"Democrat","Strong",NA,NA,"Democrat | Strong","Dem",1,30,"woman","Hispanic, Latino, or Spanish origin","4yearColl","$40,001-$60,000",3,4,0,0,0,1,0,NA
"TI181rx","New Jersey","Bergen","Jack Ciattarelli","Mikie Sherill","Gubernatorial","New Jersey",20,NA,0,1,0,NA,NA,NA,NA,NA,4,4,5.5,2.5,6,2,5,3,"Not sure",NA,5,"Independent",NA,NA,"Closer to Republican","Independent | Closer to Republican","Rep",1,45,"woman","White","PHD","Over $200,000",11,6,1,0,0,0,1,NA
"TL004op","Washington","King","Bruce Harrell","Katie Wilson","Mayoral","Seattle",39,NA,0,1,0,NA,NA,0,1,0,4,4,4,4,4,4,4,4,"Not sure",NA,4,"Independent",NA,NA,"Neither","Independent | Neither","Ind",1,66,"woman","Asian","4yearColl","$40,001-$60,000",3,4,0,0,0,0,1,NA
"TL796bo","New York","Bronx","Zohran Mamdani","Andrew Cuomo","Mayoral","New York City",61,1,1,0,0,"Zohran Mamdani",1,1,0,0,5,2,1.5,5.5,1,5,2,6,"Yes","Zohran Mamdani",1,"Democrat","Not very strong",NA,NA,"Democrat | Not very strong","Dem",1,34,"man","Hispanic, Latino, or Spanish origin","GED","$0-$20,000",1,2,0,1,0,1,0,NA
"TN451lv","New Jersey","Monmouth","Jack Ciattarelli","Mikie Sherill","Gubernatorial","New Jersey",75,1,1,0,0,"Jack Ciattarelli",1,1,0,0,1,1,5.5,2.5,7,1,4,4,"Yes","Jack Ciattarelli",5,"Republican",NA,"Not very strong",NA,"Republican | Not very strong","Rep",1,33,"man","White","2yearColl","$40,001-$60,000",3,3,1,1,1,0,0,NA
"TN954ai","New Jersey","Hudson","Jack Ciattarelli","Mikie Sherill","Gubernatorial","New Jersey",0,NA,0,1,0,NA,NA,0,1,0,6,4,2.5,4,3,5,2,3,"No",NA,4,"Independent",NA,NA,"Neither","Independent | Neither","Ind",1,30,"woman","multiracial","2yearColl","$0-$20,000",1,3,0,0,0,0,1,NA
"TP817vk","New Jersey","Mercer","Jack Ciattarelli","Mikie Sherill","Gubernatorial","New Jersey",90,NA,0,1,0,NA,NA,NA,NA,NA,5,3,5.5,3,5,2,6,4,"Not sure",NA,5,"Independent",NA,NA,"Closer to Republican","Independent | Closer to Republican","Rep",1,52,"man","Black or African American","4yearColl","$60,001-$80,000",4,4,0,1,0,0,1,"Just my ID - CFD8B9CEF458441AA2C895A6EBB20C1C"
"TP854ds","New Jersey","Bergen","Jack Ciattarelli","Mikie Sherill","Gubernatorial","New Jersey",73,0,0,0,1,"Mikie Sherill",0,0,0,1,4,2,6,2.5,6,3,6,2,"Yes","Mikie Sherill",4,"Independent",NA,NA,"Closer to Democratic","Independent | Closer to Democratic","Dem",1,27,"woman","Black or African American","4yearColl","$60,001-$80,000",4,4,0,0,0,0,1,NA
"TQ280bm","New York","Bronx","Zohran Mamdani","Andrew Cuomo","Mayoral","New York City",41,1,1,0,0,"Zohran Mamdani",1,1,0,0,6,4,1.5,4.5,1,3,2,6,"Not sure","Zohran Mamdani",1,"Independent",NA,NA,"Closer to Democratic","Independent | Closer to Democratic","Dem",1,48,"woman","White","GED","$80,001-$100,000",5,2,1,0,0,0,1,"Thank you"
"TR222vi","New Jersey","Sussex","Jack Ciattarelli","Mikie Sherill","Gubernatorial","New Jersey",19,1,1,0,0,NA,NA,NA,NA,NA,4,4,5,2.5,5,2,5,3,"No","Jack Ciattarelli",5,"Republican",NA,"Strong",NA,"Republican | Strong","Rep",1,34,"woman","White","4yearColl","$140,001-$160,000",8,4,1,0,1,0,0,NA
"TR853gz","New Jersey","Ocean","Jack Ciattarelli","Mikie Sherill","Gubernatorial","New Jersey",42,1,1,0,0,"Jack Ciattarelli",1,1,0,0,5,2,4.5,4.5,6,3,3,6,"Yes","Jack Ciattarelli",4,"Republican",NA,"Strong",NA,"Republican | Strong","Rep",1,50,"woman","White","MA","$100,001-$120,000",6,5,1,0,1,0,0,NA
"TT727as","New Jersey","Middlesex","Jack Ciattarelli","Mikie Sherill","Gubernatorial","New Jersey",30,1,1,0,0,NA,NA,NA,NA,NA,5,3,5.5,1,5,1,6,1,"Yes","Jack Ciattarelli",6,"Republican",NA,"Strong",NA,"Republican | Strong","Rep",1,42,"woman","White","MA","$140,001-$160,000",8,5,1,0,1,0,0,NA
"TW617be","New Jersey","Essex","Jack Ciattarelli","Mikie Sherill","Gubernatorial","New Jersey",75,0,0,0,1,"Mikie Sherill",0,0,0,1,7,2,5,3.5,7,3,3,4,"Yes","Mikie Sherill",1,"Independent",NA,NA,"Closer to Democratic","Independent | Closer to Democratic","Dem",1,33,NA,"multiracial","GED","$0-$20,000",1,2,0,NA,0,0,1,NA
"UA033sv","New Jersey","Hudson","Jack Ciattarelli","Mikie Sherill","Gubernatorial","New Jersey",80,0,0,0,1,NA,NA,NA,NA,NA,3,5,6,3.5,6,3,6,4,"Not sure","Mikie Sherill",2,"Democrat","Not very strong",NA,NA,"Democrat | Not very strong","Dem",1,39,"man","multiracial","4yearColl","$20,001-$40,000",2,4,0,1,0,1,0,NA
"UA460ii","New Jersey","Morris","Jack Ciattarelli","Mikie Sherill","Gubernatorial","New Jersey",19,1,1,0,0,NA,NA,NA,NA,NA,5,3,6.5,1.5,7,1,6,2,"Yes","Jack Ciattarelli",6,"Republican",NA,"Not very strong",NA,"Republican | Not very strong","Rep",1,56,"woman","White","4yearColl","$60,001-$80,000",4,4,1,0,1,0,0,NA
"UA503vj","New York","New York","Zohran Mamdani","Andrew Cuomo","Mayoral","New York City",0,NA,0,1,0,"No Vote",NA,0,1,0,7,4,1,3.5,1,4,1,3,"No",NA,4,"Independent",NA,NA,"Neither","Independent | Neither","Ind",1,33,"woman","multiracial","4yearColl","$0-$20,000",1,4,0,0,0,0,1,NA
"UC357lh","New Jersey","Mercer","Jack Ciattarelli","Mikie Sherill","Gubernatorial","New Jersey",0,0,0,0,1,"Mikie Sherill",0,0,0,1,6,4,7,1.5,7,2,7,1,"Yes","Mikie Sherill",1,"Democrat","Strong",NA,NA,"Democrat | Strong","Dem",1,50,"woman","White","2yearColl","Over $200,000",11,3,1,0,0,1,0,NA
"UD677gt","New York","New York","Zohran Mamdani","Andrew Cuomo","Mayoral","New York City",80,NA,0,1,0,"Zohran Mamdani",1,1,0,0,4,4,4,4,4,4,4,4,"No",NA,4,"Independent",NA,NA,"Neither","Independent | Neither","Ind",1,31,"man","Black or African American","GED","$40,001-$60,000",3,2,0,1,0,0,1,"N/a"
"UD814sw","New York","New York","Zohran Mamdani","Andrew Cuomo","Mayoral","New York City",0,NA,0,1,0,"Andrew Cuomo",0,0,0,1,7,7,1,4.5,1,4,1,5,"Yes","Curtis Sliwa",4,"Republican",NA,"Not very strong",NA,"Republican | Not very strong","Rep",1,29,"woman",NA,"4yearColl","Over $200,000",11,4,NA,0,1,0,0,NA
"UD958rn","New Jersey","Bergen","Jack Ciattarelli","Mikie Sherill","Gubernatorial","New Jersey",14,1,1,0,0,"Jack Ciattarelli",1,1,0,0,5,2,6,1.5,6,1,6,2,"Yes","Jack Ciattarelli",6,"Republican",NA,"Strong",NA,"Republican | Strong","Rep",1,39,"woman","Black or African American","4yearColl","$40,001-$60,000",3,4,0,0,1,0,0,NA
"UE322bz","New Jersey","Gloucester","Jack Ciattarelli","Mikie Sherill","Gubernatorial","New Jersey",40,NA,0,1,0,NA,NA,0,1,0,4,5,3.5,4.5,4,4,3,5,"No",NA,3,"Democrat","Not very strong",NA,NA,"Democrat | Not very strong","Dem",1,32,"man","Asian","4yearColl","$20,001-$40,000",2,4,0,1,0,1,0,NA
"UE766qa","Washington","King","Bruce Harrell","Katie Wilson","Mayoral","Seattle",40,NA,0,1,0,NA,NA,0,1,0,4,5,4.5,4,5,3,4,5,"No","I would not vote.",4,"Independent",NA,NA,"Neither","Independent | Neither","Ind",1,39,"man","White","2yearColl","$40,001-$60,000",3,3,1,1,0,0,1,NA
"UF439lc","New York","Richmond","Zohran Mamdani","Andrew Cuomo","Mayoral","New York City",100,NA,0,1,0,NA,NA,NA,NA,NA,1,7,3.5,5.5,3,7,4,4,"Not sure","Curtis Sliwa",5,"Independent",NA,NA,"Neither","Independent | Neither","Ind",1,31,"woman","multiracial","GED","$0-$20,000",1,2,0,0,0,0,1,NA
"UJ092wh","New York","Kings","Zohran Mamdani","Andrew Cuomo","Mayoral","New York City",53,1,1,0,0,NA,NA,NA,NA,NA,5,2,2,5,2,5,2,5,"Yes","Zohran Mamdani",2,"Democrat","Strong",NA,NA,"Democrat | Strong","Dem",1,26,"woman","Black or African American","4yearColl","$100,001-$120,000",6,4,0,0,0,1,0,NA
"UJ141og","New Jersey","Bergen","Jack Ciattarelli","Mikie Sherill","Gubernatorial","New Jersey",63,0,0,0,1,NA,NA,NA,NA,NA,5,3,6.5,1.5,7,2,6,1,"Yes","Mikie Sherill",2,"Democrat","Not very strong",NA,NA,"Democrat | Not very strong","Dem",1,32,"woman","White","4yearColl","$160,001-$180,000",9,4,1,0,0,1,0,NA
"UK158gr","New Jersey","Camden","Jack Ciattarelli","Mikie Sherill","Gubernatorial","New Jersey",20,0,0,0,1,"Mikie Sherill",0,0,0,1,6,4,6,2,6,2,6,2,"Yes","Mikie Sherill",2,"Democrat","Strong",NA,NA,"Democrat | Strong","Dem",1,43,"woman","White","PHD","$100,001-$120,000",6,6,1,0,0,1,0,NA
"UK244ee","New York","Richmond","Zohran Mamdani","Andrew Cuomo","Mayoral","New York City",37,0,0,0,1,NA,NA,NA,NA,NA,5,3,3,4.5,5,5,1,4,"Yes","Andrew Cuomo",5,"Republican",NA,"Not very strong",NA,"Republican | Not very strong","Rep",1,25,"woman","White","4yearColl","$120,001-$140,000",7,4,1,0,1,0,0,NA
"UL319pv","New Jersey","Gloucester","Jack Ciattarelli","Mikie Sherill","Gubernatorial","New Jersey",0,0,0,0,1,NA,NA,NA,NA,NA,6,4,6,1.5,7,1,5,2,"Yes","Mikie Sherill",3,"Democrat","Not very strong",NA,NA,"Democrat | Not very strong","Dem",1,25,"woman","Black or African American","GED","$80,001-$100,000",5,2,0,0,0,1,0,NA
"UL472ta","Minnesota","Hennepin","Jacob Frey","Omar Fateh","Mayoral","Minneapolis",31,0,0,0,1,"Jazz Hampton",NA,0,1,0,1,6,3,1.5,2,2,4,1,"Yes","Jacob Frey",2,"Democrat","Strong",NA,NA,"Democrat | Strong","Dem",1,23,"man","White","4yearColl","$80,001-$100,000",5,4,1,1,0,1,0,NA
"UL619hx","Washington","King","Bruce Harrell","Katie Wilson","Mayoral","Seattle",47,1,1,0,0,NA,NA,NA,NA,NA,2,3,6,1.5,7,1,5,2,"Yes","Katie Wilson",2,"Democrat","Strong",NA,NA,"Democrat | Strong","Dem",1,43,"woman","White","4yearColl","Over $200,000",11,4,1,0,0,1,0,NA
"UM025ug","Minnesota","Hennepin","Jacob Frey","Omar Fateh","Mayoral","Minneapolis",100,0,0,0,1,"Jacob Frey",0,0,0,1,4,5,3.5,3,3,2,4,4,"Yes","Jacob Frey",1,"Democrat","Strong",NA,NA,"Democrat | Strong","Dem",1,38,"woman","White","2yearColl","$20,001-$40,000",2,3,1,0,0,1,0,NA
"UN128fx","New York","New York","Zohran Mamdani","Andrew Cuomo","Mayoral","New York City",24,0,0,0,1,"Andrew Cuomo",0,0,0,1,5,4,4,5.5,4,5,4,6,"Not sure","Andrew Cuomo",4,"Independent",NA,NA,"Closer to Republican","Independent | Closer to Republican","Rep",1,60,"man","Black or African American","4yearColl","$40,001-$60,000",3,4,0,1,0,0,1,NA
"UO172lx","New Jersey","Bergen","Jack Ciattarelli","Mikie Sherill","Gubernatorial","New Jersey",10,NA,0,1,0,"Mikie Sherill",0,0,0,1,1,6,6.5,1.5,6,1,7,2,"Yes",NA,2,"Democrat","Not very strong",NA,NA,"Democrat | Not very strong","Dem",1,57,"woman","White","PHD","Over $200,000",11,6,1,0,0,1,0,NA
"UP155xb","New Jersey","Union","Jack Ciattarelli","Mikie Sherill","Gubernatorial","New Jersey",58,0,0,0,1,"Mikie Sherill",0,0,0,1,4,4,4.5,4.5,6,4,3,5,"Yes","Mikie Sherill",3,"Democrat","Strong",NA,NA,"Democrat | Strong","Dem",1,48,"woman","White","MA","$80,001-$100,000",5,5,1,0,0,1,0,NA
"UT345jp","New Jersey","Ocean","Jack Ciattarelli","Mikie Sherill","Gubernatorial","New Jersey",15,1,1,0,0,"Jack Ciattarelli",1,1,0,0,7,1,6,1,6,1,6,1,"Yes","Jack Ciattarelli",6,"Independent",NA,NA,"Closer to Republican","Independent | Closer to Republican","Rep",1,29,"man","multiracial","MA","$40,001-$60,000",3,5,0,1,0,0,1,NA
"UU199ye","New York","New York","Zohran Mamdani","Andrew Cuomo","Mayoral","New York City",23,1,1,0,0,NA,NA,NA,NA,NA,3,1,1.5,5,1,4,2,6,"Yes","Zohran Mamdani",1,"Democrat","Strong",NA,NA,"Democrat | Strong","Dem",1,23,"woman","White","4yearColl","$40,001-$60,000",3,4,1,0,0,1,0,NA
"UU726fo","New York","New York","Zohran Mamdani","Andrew Cuomo","Mayoral","New York City",39,1,1,0,0,"No Vote",NA,0,1,0,7,3,1.5,5,1,5,2,5,"No","Zohran Mamdani",2,"Democrat","Strong",NA,NA,"Democrat | Strong","Dem",1,24,"woman","White","4yearColl","Over $200,000",11,4,1,0,0,1,0,NA
"UW645mh","New York","Kings","Zohran Mamdani","Andrew Cuomo","Mayoral","New York City",75,1,1,0,0,"Zohran Mamdani",1,1,0,0,5,3,3,3.5,4,2,2,5,"Yes","Zohran Mamdani",3,"Independent",NA,NA,"Neither","Independent | Neither","Ind",1,37,"man","Hispanic, Latino, or Spanish origin","4yearColl","$60,001-$80,000",4,4,0,1,0,0,1,"none"
"UX267tm","Washington","King","Bruce Harrell","Katie Wilson","Mayoral","Seattle",60,1,1,0,0,NA,NA,NA,NA,NA,1,6,6,2.5,5,3,7,2,"Yes","Katie Wilson",1,"Democrat","Strong",NA,NA,"Democrat | Strong","Dem",1,30,"man","White","GED","$80,001-$100,000",5,2,1,1,0,1,0,"None at all, thank you! :)"
"UZ019lc","New Jersey","Middlesex","Jack Ciattarelli","Mikie Sherill","Gubernatorial","New Jersey",86,0,0,0,1,"Mikie Sherill",0,0,0,1,5,3,4,3,7,1,1,5,"Yes","Mikie Sherill",1,"Other party",NA,NA,"Closer to Democratic","Independent | Closer to Democratic","Dem",1,30,"woman","Hispanic, Latino, or Spanish origin","GED","$40,001-$60,000",3,2,0,0,0,0,0,NA
"UZ113kw","New York","New York","Zohran Mamdani","Andrew Cuomo","Mayoral","New York City",70,1,1,0,0,"Zohran Mamdani",1,1,0,0,4,1,1,5,1,5,1,5,"Yes","Zohran Mamdani",2,"Democrat","Strong",NA,NA,"Democrat | Strong","Dem",1,36,"man","Asian","4yearColl","$60,001-$80,000",4,4,0,1,0,1,0,NA
"UZ950jz","New York","New York","Zohran Mamdani","Andrew Cuomo","Mayoral","New York City",55,NA,0,1,0,"Curtis Sliwa",NA,0,1,0,6,3,2,5.5,2,5,2,6,"Yes","Curtis Sliwa",4,"Independent",NA,NA,"Closer to Democratic","Independent | Closer to Democratic","Dem",1,49,"man","Black or African American","2yearColl","$0-$20,000",1,3,0,1,0,0,1,"None"
"VG601ud","New Jersey","Sussex","Jack Ciattarelli","Mikie Sherill","Gubernatorial","New Jersey",55,0,0,0,1,"Mikie Sherill",0,0,0,1,7,2,7,2.5,7,2,7,3,"Yes","Mikie Sherill",2,"Democrat","Strong",NA,NA,"Democrat | Strong","Dem",1,46,"man","White","4yearColl","$120,001-$140,000",7,4,1,1,0,1,0,NA
"VI941pa","New Jersey","Somerset","Jack Ciattarelli","Mikie Sherill","Gubernatorial","New Jersey",65,1,1,0,0,"Jack Ciattarelli",1,1,0,0,3,6,5,2,5,2,5,2,"Yes","Jack Ciattarelli",6,"Republican",NA,"Strong",NA,"Republican | Strong","Rep",1,40,"woman","White","MA","$100,001-$120,000",6,5,1,0,1,0,0,NA
"VJ468wn","Minnesota","Hennepin","Jacob Frey","Omar Fateh","Mayoral","Minneapolis",80,NA,0,1,0,NA,NA,NA,NA,NA,3,5,5,3,5,3,5,3,"Not sure",NA,5,"No preference",NA,NA,"Neither","Independent | Neither","Ind",1,26,"man","Black or African American","4yearColl","$60,001-$80,000",4,4,0,1,0,0,0,NA
"VL031iw","New Jersey","Bergen","Jack Ciattarelli","Mikie Sherill","Gubernatorial","New Jersey",67,0,0,0,1,"Mikie Sherill",0,0,0,1,6,2,6.5,2.5,6,2,7,3,"Yes","Mikie Sherill",4,"Independent",NA,NA,"Closer to Democratic","Independent | Closer to Democratic","Dem",1,35,"man","White","4yearColl","$60,001-$80,000",4,4,1,1,0,0,1,NA
"VL512ui","New York","Kings","Zohran Mamdani","Andrew Cuomo","Mayoral","New York City",39,NA,0,1,0,"No Vote",NA,0,1,0,4,2,4,3.5,3,5,5,2,"No",NA,4,"No preference",NA,NA,"Neither","Independent | Neither","Ind",1,36,"man","White","GED","$80,001-$100,000",5,2,1,1,0,0,0,NA
"VO417sg","New Jersey","Burlington","Jack Ciattarelli","Mikie Sherill","Gubernatorial","New Jersey",70,0,0,0,1,"Mikie Sherill",0,0,0,1,6,3,7,3,7,3,7,3,"Yes","Mikie Sherill",2,"Democrat","Not very strong",NA,NA,"Democrat | Not very strong","Dem",1,70,"woman","White","2yearColl","$40,001-$60,000",3,3,1,0,0,1,0,NA
"VR257oj","Washington","Pierce","Bruce Harrell","Katie Wilson","Mayoral","Seattle",11,NA,0,1,0,"Bruce Harrell",0,0,0,1,5,4,4,3.5,4,4,4,3,"Not sure",NA,4,"Independent",NA,NA,"Closer to Democratic","Independent | Closer to Democratic","Dem",1,36,"man","Black or African American","4yearColl","$60,001-$80,000",4,4,0,1,0,0,1,NA
"VR296ax","New York","Queens","Zohran Mamdani","Andrew Cuomo","Mayoral","New York City",18,0,0,0,1,NA,NA,NA,NA,NA,7,2,2,3,3,1,1,5,"Yes","Andrew Cuomo",7,"Republican",NA,"Strong",NA,"Republican | Strong","Rep",1,23,"woman","White","MA","$180,001-$200,000",10,5,1,0,1,0,0,NA
"VR867rn","New Jersey","Warren","Jack Ciattarelli","Mikie Sherill","Gubernatorial","New Jersey",19,0,0,0,1,"Mikie Sherill",0,0,0,1,7,3,4,5,7,3,1,7,"Yes","Mikie Sherill",3,"Democrat","Not very strong",NA,NA,"Democrat | Not very strong","Dem",1,33,"woman","White","4yearColl","$40,001-$60,000",3,4,1,0,0,1,0,NA
"VS376ev","New Jersey","Hudson","Jack Ciattarelli","Mikie Sherill","Gubernatorial","New Jersey",100,NA,0,1,0,NA,NA,NA,NA,NA,4,4,3.5,3.5,3,4,4,3,"Yes",NA,1,"Other party",NA,NA,"Closer to Democratic","Independent | Closer to Democratic","Dem",1,22,"man","White","2yearColl","$20,001-$40,000",2,3,1,1,0,0,0,NA
"VS389vp","New Jersey","Mercer","Jack Ciattarelli","Mikie Sherill","Gubernatorial","New Jersey",0,0,0,0,1,"Mikie Sherill",0,0,0,1,6,3,7,1,7,1,7,1,"Yes","Mikie Sherill",2,"Democrat","Strong",NA,NA,"Democrat | Strong","Dem",1,43,"man","White","4yearColl","Over $200,000",11,4,1,1,0,1,0,NA
"VT896go","New Jersey","Ocean","Jack Ciattarelli","Mikie Sherill","Gubernatorial","New Jersey",31,1,1,0,0,"Jack Ciattarelli",1,1,0,0,6,3,7,4.5,7,2,7,7,"Yes","Jack Ciattarelli",6,"Republican",NA,"Not very strong",NA,"Republican | Not very strong","Rep",1,21,"man","multiracial","GED","$60,001-$80,000",4,2,0,1,1,0,0,NA
"VV521iv","New Jersey","Cumberland","Jack Ciattarelli","Mikie Sherill","Gubernatorial","New Jersey",50,NA,0,1,0,NA,NA,NA,NA,NA,5,3,4,4,5,3,3,5,"No",NA,4,"Independent",NA,NA,"Neither","Independent | Neither","Ind",1,33,"woman","White","MA","$180,001-$200,000",10,5,1,0,0,0,1,NA
"VW091tw","Minnesota","Hennepin","Jacob Frey","Omar Fateh","Mayoral","Minneapolis",7,NA,0,1,0,NA,NA,0,1,0,4,4,4.5,4,2,2,7,6,"Yes",NA,5,"Republican",NA,"Not very strong",NA,"Republican | Not very strong","Rep",1,29,"woman","White","4yearColl",NA,NA,4,1,0,1,0,0,NA
"VW399al","New York","New York","Zohran Mamdani","Andrew Cuomo","Mayoral","New York City",65,1,1,0,0,NA,NA,NA,NA,NA,5,4,3,4,4,4,2,4,"Yes","Zohran Mamdani",3,"Democrat","Not very strong",NA,NA,"Democrat | Not very strong","Dem",1,35,"man","White","4yearColl","$20,001-$40,000",2,4,1,1,0,1,0,NA
"VW756wq","Minnesota","Hennepin","Jacob Frey","Omar Fateh","Mayoral","Minneapolis",82,NA,0,1,0,"DeWayne Davis",NA,0,1,0,1,6,4,1.5,3,1,5,2,"Yes","DeWayne Davis",1,"Democrat","Strong",NA,NA,"Democrat | Strong","Dem",1,43,"woman","White","4yearColl","$40,001-$60,000",3,4,1,0,0,1,0,NA
"VY505cl","New Jersey","Hudson","Jack Ciattarelli","Mikie Sherill","Gubernatorial","New Jersey",40,0,0,0,1,"Mikie Sherill",0,0,0,1,4,4,5,3.5,6,3,4,4,"Yes","Mikie Sherill",2,"Democrat","Strong",NA,NA,"Democrat | Strong","Dem",1,21,"man","Hispanic, Latino, or Spanish origin","GED","$40,001-$60,000",3,2,0,1,0,1,0,NA
"WB088sg","Washington","King","Bruce Harrell","Katie Wilson","Mayoral","Seattle",20,0,0,0,1,"Katie Wilson",1,1,0,0,5,3,4.5,4,6,2,3,6,"Yes","Bruce Harrell",2,"Independent",NA,NA,"Neither","Independent | Neither","Ind",1,44,"man","multiracial","MA","$0-$20,000",1,5,0,1,0,0,1,NA
"WB411lt","New Jersey","Camden","Jack Ciattarelli","Mikie Sherill","Gubernatorial","New Jersey",70,1,1,0,0,"Jack Ciattarelli",1,1,0,0,7,1,7,1,7,1,7,1,"No","Jack Ciattarelli",6,"Republican",NA,"Strong",NA,"Republican | Strong","Rep",1,40,"woman","White","GED","$140,001-$160,000",8,2,1,0,1,0,0,NA
"WD754jk","New Jersey","Ocean","Jack Ciattarelli","Mikie Sherill","Gubernatorial","New Jersey",60,1,1,0,0,"Jack Ciattarelli",1,1,0,0,6,2,5,1.5,5,2,5,1,"Yes","Jack Ciattarelli",6,"Republican",NA,"Not very strong",NA,"Republican | Not very strong","Rep",1,42,"woman","White","MA","$100,001-$120,000",6,5,1,0,1,0,0,NA
"WE401ji","New Jersey","Ocean","Jack Ciattarelli","Mikie Sherill","Gubernatorial","New Jersey",50,1,1,0,0,"Jack Ciattarelli",1,1,0,0,4,4,6,1,6,1,6,1,"Yes","Jack Ciattarelli",5,"Republican",NA,"Not very strong",NA,"Republican | Not very strong","Rep",1,29,"woman","White","GED","$60,001-$80,000",4,2,1,0,1,0,0,NA
"WE625gl","New York","Kings","Zohran Mamdani","Andrew Cuomo","Mayoral","New York City",50,0,0,0,1,"No Vote",NA,0,1,0,4,5,4,4,4,4,4,4,"Not sure","Andrew Cuomo",4,"No preference",NA,NA,"Neither","Independent | Neither","Ind",1,27,"man","Asian","2yearColl","$40,001-$60,000",3,3,0,1,0,0,0,NA
"WF303cq","New Jersey","Middlesex","Jack Ciattarelli","Mikie Sherill","Gubernatorial","New Jersey",45,0,0,0,1,"Mikie Sherill",0,0,0,1,5,4,4.5,3.5,5,3,4,4,"Yes","Mikie Sherill",3,"Democrat","Not very strong",NA,NA,"Democrat | Not very strong","Dem",1,46,"man","Asian","4yearColl","$60,001-$80,000",4,4,0,1,0,1,0,NA
"WF305ds","New Jersey","Hudson","Jack Ciattarelli","Mikie Sherill","Gubernatorial","New Jersey",40,0,0,0,1,NA,NA,NA,NA,NA,4,5,5.5,2.5,6,2,5,3,"Yes","Mikie Sherill",2,"Democrat","Strong",NA,NA,"Democrat | Strong","Dem",1,40,"woman","Hispanic, Latino, or Spanish origin","4yearColl","$80,001-$100,000",5,4,0,0,0,1,0,NA
"WH514vw","New Jersey","Essex","Jack Ciattarelli","Mikie Sherill","Gubernatorial","New Jersey",0,0,0,0,1,"Mikie Sherill",0,0,0,1,7,4,5,5,7,3,3,7,"Yes","Mikie Sherill",4,"Independent",NA,NA,"Neither","Independent | Neither","Ind",1,73,"man","Black or African American","GED","$140,001-$160,000",8,2,0,1,0,0,1,NA
"WL537sa","Washington","King","Bruce Harrell","Katie Wilson","Mayoral","Seattle",41,1,1,0,0,NA,NA,0,1,0,6,3,1,6.5,1,7,1,6,"No","Katie Wilson",5,"Republican",NA,"Not very strong",NA,"Republican | Not very strong","Rep",1,54,"man","White","GED","$0-$20,000",1,2,1,1,1,0,0,NA
"WM995qh","Minnesota","Hennepin","Jacob Frey","Omar Fateh","Mayoral","Minneapolis",90,NA,0,1,0,"Omar Fateh",1,1,0,0,1,6,6.5,1.5,6,1,7,2,"Yes",NA,1,"Democrat","Not very strong",NA,NA,"Democrat | Not very strong","Dem",1,38,"man","Asian","4yearColl","$40,001-$60,000",3,4,0,1,0,1,0,NA
"WO088bm","New Jersey","Sussex","Jack Ciattarelli","Mikie Sherill","Gubernatorial","New Jersey",77,0,0,0,1,"Mikie Sherill",0,0,0,1,7,5,7,2.5,7,3,7,2,"Yes","Mikie Sherill",1,"Independent",NA,NA,"Closer to Democratic","Independent | Closer to Democratic","Dem",1,45,"woman","multiracial","GED","$0-$20,000",1,2,0,0,0,0,1,NA
"WQ299vq","Washington","King","Bruce Harrell","Katie Wilson","Mayoral","Seattle",40,1,1,0,0,NA,NA,NA,NA,NA,1,4,3.5,2,3,2,4,2,"Yes","Katie Wilson",1,"Democrat","Strong",NA,NA,"Democrat | Strong","Dem",1,25,"woman","White","4yearColl","$40,001-$60,000",3,4,1,0,0,1,0,NA
"WS773ny","New Jersey","Monmouth","Jack Ciattarelli","Mikie Sherill","Gubernatorial","New Jersey",46,0,0,0,1,NA,NA,NA,NA,NA,7,3,5.5,2.5,7,1,4,4,"Yes","Mikie Sherill",5,"Republican",NA,"Not very strong",NA,"Republican | Not very strong","Rep",1,60,"woman","White","4yearColl","Over $200,000",11,4,1,0,1,0,0,NA
"WT858vf","New Jersey","Hudson","Jack Ciattarelli","Mikie Sherill","Gubernatorial","New Jersey",83,0,0,0,1,"Mikie Sherill",0,0,0,1,2,5,5,3,7,2,3,4,"Yes","Mikie Sherill",2,"Democrat","Strong",NA,NA,"Democrat | Strong","Dem",1,37,"woman","White","4yearColl","$100,001-$120,000",6,4,1,0,0,1,0,NA
"WU392mq","New York","Kings","Zohran Mamdani","Andrew Cuomo","Mayoral","New York City",29,1,1,0,0,"Zohran Mamdani",1,1,0,0,4,4,3,4,1,5,5,3,"Yes","Zohran Mamdani",1,"Democrat","Strong",NA,NA,"Democrat | Strong","Dem",1,27,"woman","White","PHD","Over $200,000",11,6,1,0,0,1,0,NA
"WW726jb","New Jersey","Hunterdon","Jack Ciattarelli","Mikie Sherill","Gubernatorial","New Jersey",40,1,1,0,0,"Jack Ciattarelli",1,1,0,0,5,1,5.5,2,6,1,5,3,"Yes","Jack Ciattarelli",6,"Republican",NA,"Not very strong",NA,"Republican | Not very strong","Rep",1,49,"man","White","GED","$80,001-$100,000",5,2,1,1,1,0,0,"Not a robot."
"WX707gp","New York","New York","Zohran Mamdani","Andrew Cuomo","Mayoral","New York City",65,1,1,0,0,"No Vote",NA,0,1,0,5,3,1,5,1,4,1,6,"No","Zohran Mamdani",2,"Democrat","Not very strong",NA,NA,"Democrat | Not very strong","Dem",1,24,"woman","White","GED","$20,001-$40,000",2,2,1,0,0,1,0,NA
"WX753px","New Jersey","Camden","Jack Ciattarelli","Mikie Sherill","Gubernatorial","New Jersey",60,0,0,0,1,NA,NA,NA,NA,NA,7,3,6.5,1.5,7,1,6,2,"Yes","Mikie Sherill",2,"Democrat","Not very strong",NA,NA,"Democrat | Not very strong","Dem",1,41,"man","White","MA","Over $200,000",11,5,1,1,0,1,0,NA
"XA505yz","New Jersey","Ocean","Jack Ciattarelli","Mikie Sherill","Gubernatorial","New Jersey",100,0,0,0,1,"Mikie Sherill",0,0,0,1,6,4,7,4.5,7,4,7,5,"Yes","Mikie Sherill",1,"Independent",NA,NA,"Closer to Democratic","Independent | Closer to Democratic","Dem",1,29,"man","White","4yearColl","$0-$20,000",1,4,1,1,0,0,1,NA
"XA708cx","New Jersey","Gloucester","Jack Ciattarelli","Mikie Sherill","Gubernatorial","New Jersey",100,0,0,0,1,NA,NA,NA,NA,NA,1,7,4,4,7,1,1,7,"Yes","Mikie Sherill",1,"Democrat","Strong",NA,NA,"Democrat | Strong","Dem",1,63,"woman","Black or African American","MA","$80,001-$100,000",5,5,0,0,0,1,0,NA
"XC776br","New Jersey","Burlington","Jack Ciattarelli","Mikie Sherill","Gubernatorial","New Jersey",22,NA,0,1,0,"Mikie Sherill",0,0,0,1,6,3,7,3,7,2,7,4,"Yes",NA,3,"No preference",NA,NA,"Closer to Democratic","Independent | Closer to Democratic","Dem",1,19,NA,"White",NA,"$100,001-$120,000",6,NA,1,NA,0,0,0,NA
"XC798ke","New Jersey","Bergen","Jack Ciattarelli","Mikie Sherill","Gubernatorial","New Jersey",45,0,0,0,1,NA,NA,NA,NA,NA,6,4,7,2,7,2,7,2,"Yes","Mikie Sherill",2,"Democrat","Strong",NA,NA,"Democrat | Strong","Dem",1,46,"woman","White","GED","$20,001-$40,000",2,2,1,0,0,1,0,NA
"XD222bz","New York","Kings","Zohran Mamdani","Andrew Cuomo","Mayoral","New York City",30,NA,0,1,0,NA,NA,NA,NA,NA,1,3,1,3,1,3,1,3,"Yes",NA,6,"Republican",NA,"Not very strong",NA,"Republican | Not very strong","Rep",1,25,"woman","White","4yearColl","Over $200,000",11,4,1,0,1,0,0,NA
"XD565hk","New Jersey","Burlington","Jack Ciattarelli","Mikie Sherill","Gubernatorial","New Jersey",10,NA,0,1,0,NA,NA,0,1,0,4,4,4,4,4,4,4,4,"No",NA,4,"Independent",NA,NA,"Neither","Independent | Neither","Ind",1,29,"woman","White","4yearColl","$160,001-$180,000",9,4,1,0,0,0,1,NA
"XE186hl","New Jersey","Ocean","Jack Ciattarelli","Mikie Sherill","Gubernatorial","New Jersey",100,NA,0,1,0,NA,NA,NA,NA,NA,7,1,5.5,2.5,7,1,4,4,"Yes",NA,4,"No preference",NA,NA,"Neither","Independent | Neither","Ind",1,27,"man","White","4yearColl","$80,001-$100,000",5,4,1,1,0,0,0,NA
"XF345fi","Minnesota","Anoka","Jacob Frey","Omar Fateh","Mayoral","Minneapolis",68,0,0,0,1,"Jacob Frey",0,0,0,1,4,6,2.5,1,2,1,3,1,"Yes","Jacob Frey",2,"Democrat","Not very strong",NA,NA,"Democrat | Not very strong","Dem",1,30,"woman","White","MA","$60,001-$80,000",4,5,1,0,0,1,0,NA
"XF345ze","New Jersey","Ocean","Jack Ciattarelli","Mikie Sherill","Gubernatorial","New Jersey",43,0,0,0,1,"Mikie Sherill",0,0,0,1,6,4,5.5,3.5,6,3,5,4,"Yes","Mikie Sherill",3,"Independent",NA,NA,"Closer to Democratic","Independent | Closer to Democratic","Dem",1,47,"man","White","GED","$40,001-$60,000",3,2,1,1,0,0,1,NA
"XF374ny","New York","Kings","Zohran Mamdani","Andrew Cuomo","Mayoral","New York City",81,1,1,0,0,"Zohran Mamdani",1,1,0,0,7,1,2.5,7,2,7,3,7,"Yes","Zohran Mamdani",1,"Independent",NA,NA,"Closer to Democratic","Independent | Closer to Democratic","Dem",1,31,"woman","Asian","4yearColl","$140,001-$160,000",8,4,0,0,0,0,1,NA
"XF498fv","New Jersey","Passaic","Jack Ciattarelli","Mikie Sherill","Gubernatorial","New Jersey",50,0,0,0,1,"Mikie Sherill",0,0,0,1,7,3,5.5,1.5,7,1,4,2,"Yes","Mikie Sherill",2,"Independent",NA,NA,"Closer to Democratic","Independent | Closer to Democratic","Dem",1,29,"man","Hispanic, Latino, or Spanish origin","4yearColl","$60,001-$80,000",4,4,0,1,0,0,1,NA
"XH382vt","New Jersey","Ocean","Jack Ciattarelli","Mikie Sherill","Gubernatorial","New Jersey",40,1,1,0,0,NA,NA,0,1,0,2,5,5,3,5,3,5,3,"Not sure","Jack Ciattarelli",5,"Republican",NA,"Not very strong",NA,"Republican | Not very strong","Rep",1,52,"man","White","GED","$40,001-$60,000",3,2,1,1,1,0,0,"Thank you for taking the time to read my responses."
"XH755kg","New York","New York","Zohran Mamdani","Andrew Cuomo","Mayoral","New York City",55,1,1,0,0,"Zohran Mamdani",1,1,0,0,5,3,4,3.5,6,2,2,5,"Yes","Zohran Mamdani",3,"Democrat","Not very strong",NA,NA,"Democrat | Not very strong","Dem",1,18,"woman","White","GED","$0-$20,000",1,2,1,0,0,1,0,NA
"XJ732pm","Minnesota","Hennepin","Jacob Frey","Omar Fateh","Mayoral","Minneapolis",5,NA,0,1,0,"Davis",NA,0,1,0,2,5,3.5,2.5,4,4,3,1,"Yes",NA,2,"Democrat","Strong",NA,NA,"Democrat | Strong","Dem",1,33,"woman","White","MA","$80,001-$100,000",5,5,1,0,0,1,0,NA
"XL286uv","New Jersey","Middlesex","Jack Ciattarelli","Mikie Sherill","Gubernatorial","New Jersey",20,0,0,0,1,"Mikie Sherill",0,0,0,1,4,4,5.5,2.5,6,2,5,3,"Yes","Mikie Sherill",4,"Independent",NA,NA,"Neither","Independent | Neither","Ind",1,59,"man","Black or African American","GED","$140,001-$160,000",8,2,0,1,0,0,1,NA
"XL740mz","New Jersey","Essex","Jack Ciattarelli","Mikie Sherill","Gubernatorial","New Jersey",0,1,1,0,0,"Jack Ciattarelli",1,1,0,0,3,6,6.5,1,6,1,7,1,"Yes","Jack Ciattarelli",6,"Republican",NA,"Strong",NA,"Republican | Strong","Rep",1,47,"man","White","GED",NA,NA,2,1,1,1,0,0,NA
"XL921ry","New Jersey","Gloucester","Jack Ciattarelli","Mikie Sherill","Gubernatorial","New Jersey",25,0,0,0,1,"Mikie Sherill",0,0,0,1,4,4,4,4,4,4,4,4,"Yes","Mikie Sherill",4,"Independent",NA,NA,"Neither","Independent | Neither","Ind",1,59,"man","White","2yearColl","$160,001-$180,000",9,3,1,1,0,0,1,NA
"XM001ju","Washington","King","Bruce Harrell","Katie Wilson","Mayoral","Seattle",60,1,1,0,0,"Katie Wilson",1,1,0,0,2,5,5.5,3,5,2,6,4,"Yes","Katie Wilson",2,"Democrat","Strong",NA,NA,"Democrat | Strong","Dem",1,47,"man","White","2yearColl","$180,001-$200,000",10,3,1,1,0,1,0,NA
"XN343vk","Washington","King","Bruce Harrell","Katie Wilson","Mayoral","Seattle",28,1,1,0,0,"Katie Wilson",1,1,0,0,4,5,4.5,2.5,4,2,5,3,"Yes","Katie Wilson",1,"Democrat","Strong",NA,NA,"Democrat | Strong","Dem",1,47,"woman","White","2yearColl","Over $200,000",11,3,1,0,0,1,0,NA
"XN784lr","New Jersey","Union","Jack Ciattarelli","Mikie Sherill","Gubernatorial","New Jersey",40,0,0,0,1,"Mikie Sherill",0,0,0,1,7,3,7,3,7,3,7,3,"Yes","Mikie Sherill",3,"Independent",NA,NA,"Closer to Democratic","Independent | Closer to Democratic","Dem",1,42,"man","White","4yearColl","$100,001-$120,000",6,4,1,1,0,0,1,NA
"XO306rv","New Jersey","Burlington","Jack Ciattarelli","Mikie Sherill","Gubernatorial","New Jersey",25,0,0,0,1,"Mikie Sherill",0,0,0,1,7,2,6.5,1.5,7,1,6,2,"Yes","Mikie Sherill",2,"Democrat","Strong",NA,NA,"Democrat | Strong","Dem",1,23,"woman","White","MA","Over $200,000",11,5,1,0,0,1,0,NA
"XP326sf","New York","New York","Zohran Mamdani","Andrew Cuomo","Mayoral","New York City",46,1,1,0,0,"Zohran Mamdani",1,1,0,0,5,2,2,6,1,7,3,5,"Yes","Zohran Mamdani",2,"Democrat","Strong",NA,NA,"Democrat | Strong","Dem",1,40,"man","White","MA","Over $200,000",11,5,1,1,0,1,0,NA
"XP879rt","New York","Queens","Zohran Mamdani","Andrew Cuomo","Mayoral","New York City",50,1,1,0,0,NA,NA,NA,NA,NA,5,2,2.5,5,1,6,4,4,"Yes","Zohran Mamdani",3,"Democrat","Strong",NA,NA,"Democrat | Strong","Dem",1,27,"man","White","PHD","$100,001-$120,000",6,6,1,1,0,1,0,NA
"XR727zi","Washington","King","Bruce Harrell","Katie Wilson","Mayoral","Seattle",39,0,0,0,1,NA,NA,NA,NA,NA,2,3,2.5,1,3,1,2,1,"Yes","Bruce Harrell",3,"Democrat","Not very strong",NA,NA,"Democrat | Not very strong","Dem",1,51,"man","White","MA","$160,001-$180,000",9,5,1,1,0,1,0,NA
"XS215nv","New Jersey","Cumberland","Jack Ciattarelli","Mikie Sherill","Gubernatorial","New Jersey",0,0,0,0,1,NA,NA,0,1,0,4,4,5.5,2.5,7,1,4,4,"No","Mikie Sherill",6,"Independent",NA,NA,"Closer to Republican","Independent | Closer to Republican","Rep",1,40,"woman","multiracial","GED","$20,001-$40,000",2,2,0,0,0,0,1,"I had to pick the middle option for a few questions because I haven't been following their campaigns or their promises. Thank you!"
"XS376pv","New York","Kings","Zohran Mamdani","Andrew Cuomo","Mayoral","New York City",36,1,1,0,0,"Zohran Mamdani",1,1,0,0,3,2,1,4,1,3,1,5,"Yes","Zohran Mamdani",1,"Democrat","Strong",NA,NA,"Democrat | Strong","Dem",1,18,"woman","multiracial","GED","Over $200,000",11,2,0,0,0,1,0,NA
"XT725hh","New Jersey","Passaic","Jack Ciattarelli","Mikie Sherill","Gubernatorial","New Jersey",50,NA,0,1,0,NA,NA,NA,NA,NA,4,4,4,4,4,4,4,4,"Not sure",NA,2,"Democrat","Not very strong",NA,NA,"Democrat | Not very strong","Dem",1,25,"man","Middle Eastern or North African","4yearColl","$40,001-$60,000",3,4,0,1,0,1,0,NA
"XU231tn","New York","Kings","Zohran Mamdani","Andrew Cuomo","Mayoral","New York City",100,NA,0,1,0,NA,NA,NA,NA,NA,1,1,1,7,1,7,1,7,"Not sure",NA,3,"No preference",NA,NA,"Neither","Independent | Neither","Ind",1,34,"man","Asian","GED","$20,001-$40,000",2,2,0,1,0,0,0,NA
"XU283xr","New Jersey","Passaic","Jack Ciattarelli","Mikie Sherill","Gubernatorial","New Jersey",100,0,0,0,1,"Mikie Sherill",0,0,0,1,7,3,7,3.5,7,3,7,4,"Yes","Mikie Sherill",2,"Democrat","Strong",NA,NA,"Democrat | Strong","Dem",1,33,"man","multiracial","GED","$20,001-$40,000",2,2,0,1,0,1,0,NA
"XU306vh","New Jersey","Passaic","Jack Ciattarelli","Mikie Sherill","Gubernatorial","New Jersey",51,NA,0,1,0,NA,NA,NA,NA,NA,4,4,4,4,4,4,4,4,"No",NA,4,"No preference",NA,NA,"Neither","Independent | Neither","Ind",1,38,"woman","multiracial","4yearColl","$160,001-$180,000",9,4,0,0,0,0,0,NA
"XU372fk","New Jersey","Somerset","Jack Ciattarelli","Mikie Sherill","Gubernatorial","New Jersey",0,NA,0,1,0,NA,NA,NA,NA,NA,3,6,4,4,6,2,2,6,"Not sure",NA,3,"Democrat","Strong",NA,NA,"Democrat | Strong","Dem",1,21,"woman","Asian","4yearColl","$80,001-$100,000",5,4,0,0,0,1,0,NA
"XV177nq","Washington","King","Bruce Harrell","Katie Wilson","Mayoral","Seattle",12,0,0,0,1,"Bruce Harrell",0,0,0,1,2,4,3.5,1,3,1,4,1,"Yes","Bruce Harrell",6,"Republican",NA,"Strong",NA,"Republican | Strong","Rep",1,50,"man","White","4yearColl","$140,001-$160,000",8,4,1,1,1,0,0,NA
"XZ269hq","New Jersey","Somerset","Jack Ciattarelli","Mikie Sherill","Gubernatorial","New Jersey",20,0,0,0,1,"Mikie Sherill",0,0,0,1,2,4,6.5,4,6,3,7,5,"Yes","Mikie Sherill",4,"Independent",NA,NA,"Neither","Independent | Neither","Ind",1,30,"man","White","4yearColl","Over $200,000",11,4,1,1,0,0,1,NA
"YB286fs","New York","Kings","Zohran Mamdani","Andrew Cuomo","Mayoral","New York City",90,1,1,0,0,NA,NA,NA,NA,NA,5,1,1,5.5,1,7,1,4,"Yes","Zohran Mamdani",1,"Democrat","Strong",NA,NA,"Democrat | Strong","Dem",1,18,"man","White","GED","$20,001-$40,000",2,2,1,1,0,1,0,NA
"YF122dn","New Jersey","Union","Jack Ciattarelli","Mikie Sherill","Gubernatorial","New Jersey",25,1,1,0,0,"Mikie Sherill",0,0,0,1,3,2,3.5,4.5,5,3,2,6,"Yes","Jack Ciattarelli",2,"Democrat","Strong",NA,NA,"Democrat | Strong","Dem",1,44,"woman","White","PHD","$180,001-$200,000",10,6,1,0,0,1,0,NA
"YF795nd","New Jersey","Morris","Jack Ciattarelli","Mikie Sherill","Gubernatorial","New Jersey",79,0,0,0,1,"Mikie Sherill",0,0,0,1,6,3,4.5,4,6,3,3,5,"Yes","Mikie Sherill",2,"Independent",NA,NA,"Closer to Democratic","Independent | Closer to Democratic","Dem",1,47,"woman","White","MA","$0-$20,000",1,5,1,0,0,0,1,NA
"YF848zd","New York","Bronx","Zohran Mamdani","Andrew Cuomo","Mayoral","New York City",40,1,1,0,0,"Zohran Mamdani",1,1,0,0,6,2,1.5,4,1,3,2,5,"Yes","Zohran Mamdani",2,"Democrat","Strong",NA,NA,"Democrat | Strong","Dem",1,56,"man","Hispanic, Latino, or Spanish origin","2yearColl","$20,001-$40,000",2,3,0,1,0,1,0,NA
"YH329sw","New York","Bronx","Zohran Mamdani","Andrew Cuomo","Mayoral","New York City",100,1,1,0,0,NA,NA,NA,NA,NA,1,5,1,6,1,5,1,7,"Yes","Zohran Mamdani",1,"Democrat","Strong",NA,NA,"Democrat | Strong","Dem",1,26,"woman","multiracial","2yearColl","$40,001-$60,000",3,3,0,0,0,1,0,NA
"YL230nv","New York","Queens","Zohran Mamdani","Andrew Cuomo","Mayoral","New York City",60,1,1,0,0,"Zohran Mamdani",1,1,0,0,5,2,2.5,4.5,2,5,3,4,"Yes","Zohran Mamdani",5,"Independent",NA,NA,"Closer to Republican","Independent | Closer to Republican","Rep",1,51,"man","White","4yearColl","$100,001-$120,000",6,4,1,1,0,0,1,"Cuomo reminds me too much of Trump these days. Also, I believe the women who testified against him."
"YL559gf","New York","New York","Zohran Mamdani","Andrew Cuomo","Mayoral","New York City",76,1,1,0,0,"Zohran Mamdani",1,1,0,0,5,1,1.5,7,1,7,2,7,"Yes","Zohran Mamdani",1,"Democrat","Not very strong",NA,NA,"Democrat | Not very strong","Dem",1,48,"woman","White","4yearColl","$120,001-$140,000",7,4,1,0,0,1,0,NA
"YM126yg","New Jersey","Bergen","Jack Ciattarelli","Mikie Sherill","Gubernatorial","New Jersey",95,0,0,0,1,"Mikie Sherill",0,0,0,1,3,5,3,3,2,2,4,4,"Yes","Mikie Sherill",2,"Democrat","Not very strong",NA,NA,"Democrat | Not very strong","Dem",1,35,"woman","Black or African American","MA","$40,001-$60,000",3,5,0,0,0,1,0,NA
"YM224cr","New Jersey","Bergen","Jack Ciattarelli","Mikie Sherill","Gubernatorial","New Jersey",46,0,0,0,1,"Mikie Sherill",0,0,0,1,3,4,5.5,2.5,5,3,6,2,"Yes","Mikie Sherill",3,"Democrat","Not very strong",NA,NA,"Democrat | Not very strong","Dem",1,40,"man","White","GED","$40,001-$60,000",3,2,1,1,0,1,0,NA
"YM921yk","New York","New York","Zohran Mamdani","Andrew Cuomo","Mayoral","New York City",50,1,1,0,0,"No Vote",NA,0,1,0,5,3,3,4.5,3,5,3,4,"No","Zohran Mamdani",1,"Democrat","Strong",NA,NA,"Democrat | Strong","Dem",1,41,"woman","Asian","MA","Over $200,000",11,5,0,0,0,1,0,NA
"YO395gt","New Jersey","Essex","Jack Ciattarelli","Mikie Sherill","Gubernatorial","New Jersey",70,NA,0,1,0,NA,NA,NA,NA,NA,5,2,3,2.5,3,2,3,3,"No",NA,6,"Democrat","Not very strong",NA,NA,"Democrat | Not very strong","Dem",1,33,"woman","Black or African American","GED","$20,001-$40,000",2,2,0,0,0,1,0,"none"
"YP509lw","New York","New York","Zohran Mamdani","Andrew Cuomo","Mayoral","New York City",59,1,1,0,0,"Zohran Mamdani",1,1,0,0,5,2,3.5,5,2,7,5,3,"Yes","Zohran Mamdani",2,"Democrat","Strong",NA,NA,"Democrat | Strong","Dem",1,20,"woman","Asian","4yearColl","Over $200,000",11,4,0,0,0,1,0,NA
"YR233so","New Jersey","Hudson","Jack Ciattarelli","Mikie Sherill","Gubernatorial","New Jersey",78,NA,0,1,0,NA,NA,0,1,0,4,3,4,3.5,3,4,5,3,"Not sure",NA,3,"Democrat","Not very strong",NA,NA,"Democrat | Not very strong","Dem",1,25,"man","Hispanic, Latino, or Spanish origin","GED","$60,001-$80,000",4,2,0,1,0,1,0,NA
"YV547xn","New Jersey","Burlington","Jack Ciattarelli","Mikie Sherill","Gubernatorial","New Jersey",50,0,0,0,1,"Mikie Sherill",0,0,0,1,5,2,7,2,7,2,7,2,"Yes","Mikie Sherill",1,"Democrat","Strong",NA,NA,"Democrat | Strong","Dem",1,58,"man","White","MA","$140,001-$160,000",8,5,1,1,0,1,0,"Thank you."
"YV981cx","Minnesota","Hennepin","Jacob Frey","Omar Fateh","Mayoral","Minneapolis",80,1,1,0,0,"Omar Fateh",1,1,0,0,2,5,5,2,5,2,5,2,"Yes","Omar Fateh",1,"Independent",NA,NA,"Closer to Democratic","Independent | Closer to Democratic","Dem",1,22,"woman","White","2yearColl","$20,001-$40,000",2,3,1,0,0,0,1,NA
"YW388js","New York","Bronx","Zohran Mamdani","Andrew Cuomo","Mayoral","New York City",82,1,1,0,0,"Zohran Mamdani",1,1,0,0,4,1,1.5,7,2,7,1,7,"Yes","Zohran Mamdani",1,"Independent",NA,NA,"Closer to Democratic","Independent | Closer to Democratic","Dem",1,37,"woman","Black or African American","4yearColl","$40,001-$60,000",3,4,0,0,0,0,1,NA
"YY506vl","New York","Queens","Zohran Mamdani","Andrew Cuomo","Mayoral","New York City",56,1,1,0,0,"Zohran Mamdani",1,1,0,0,6,2,3,5,1,6,5,4,"Yes","Zohran Mamdani",1,"Democrat","Strong",NA,NA,"Democrat | Strong","Dem",1,25,"woman","White","4yearColl","$100,001-$120,000",6,4,1,0,0,1,0,NA
"YZ196qz","Washington","King","Bruce Harrell","Katie Wilson","Mayoral","Seattle",60,1,1,0,0,"Katie Wilson",1,1,0,0,1,5,5.5,2.5,5,2,6,3,"Yes","Katie Wilson",2,"Democrat","Not very strong",NA,NA,"Democrat | Not very strong","Dem",1,37,"woman","White","4yearColl","$160,001-$180,000",9,4,1,0,0,1,0,NA
"YZ458ei","New York","New York","Zohran Mamdani","Andrew Cuomo","Mayoral","New York City",20,NA,0,1,0,NA,NA,NA,NA,NA,5,2,1,4,1,4,1,4,"Yes",NA,6,"Republican",NA,"Not very strong",NA,"Republican | Not very strong","Rep",1,25,"man","Black or African American","4yearColl","$120,001-$140,000",7,4,0,1,1,0,0,NA
"YZ826ba","New Jersey","Union","Jack Ciattarelli","Mikie Sherill","Gubernatorial","New Jersey",60,0,0,0,1,"Mikie Sherill",0,0,0,1,4,2,5.5,2,6,2,5,2,"Yes","Mikie Sherill",2,"Democrat","Strong",NA,NA,"Democrat | Strong","Dem",1,62,"man","White","MA","$140,001-$160,000",8,5,1,1,0,1,0,NA
"ZA509tl","Washington","Adams","Bruce Harrell","Katie Wilson","Mayoral","Seattle",81,1,1,0,0,NA,NA,NA,NA,NA,4,5,4.5,4.5,5,3,4,6,"Yes","Katie Wilson",2,"Democrat","Strong",NA,NA,"Democrat | Strong","Dem",1,27,"man","White","4yearColl","$20,001-$40,000",2,4,1,1,0,1,0,"N/A"
"ZC667mr","New York","Kings","Zohran Mamdani","Andrew Cuomo","Mayoral","New York City",21,0,0,0,1,"No Vote",NA,0,1,0,2,3,1.5,3.5,1,3,2,4,"Not sure","Andrew Cuomo",6,"Republican",NA,"Strong",NA,"Republican | Strong","Rep",1,28,"woman","White","4yearColl","$40,001-$60,000",3,4,1,0,1,0,0,NA
"ZD256fo","New York","Kings","Zohran Mamdani","Andrew Cuomo","Mayoral","New York City",65,0,0,0,1,NA,NA,NA,NA,NA,6,3,1,5,1,5,1,5,"Yes","Andrew Cuomo",5,"Republican",NA,"Not very strong",NA,"Republican | Not very strong","Rep",1,41,"woman","White","MA","$40,001-$60,000",3,5,1,0,1,0,0,NA
"ZD834rf","Washington","King","Bruce Harrell","Katie Wilson","Mayoral","Seattle",80,1,1,0,0,"Katie Wilson",1,1,0,0,3,5,4,2.5,4,3,4,2,"Yes","Katie Wilson",2,"Independent",NA,NA,"Closer to Democratic","Independent | Closer to Democratic","Dem",1,46,"man","multiracial","2yearColl","$0-$20,000",1,3,0,1,0,0,1,NA
"ZE827ci","New York","Kings","Zohran Mamdani","Andrew Cuomo","Mayoral","New York City",17,NA,0,1,0,"Curtis Sliwa",NA,0,1,0,3,4,3,4.5,1,5,5,4,"Not sure",NA,4,"Independent",NA,NA,"Neither","Independent | Neither","Ind",1,21,"woman","White","GED","$160,001-$180,000",9,2,1,0,0,0,1,NA
"ZF462xs","New Jersey","Mercer","Jack Ciattarelli","Mikie Sherill","Gubernatorial","New Jersey",19,0,0,0,1,NA,NA,NA,NA,NA,7,1,6,2.5,7,2,5,3,"Yes","Mikie Sherill",3,"Independent",NA,NA,"Closer to Democratic","Independent | Closer to Democratic","Dem",1,62,"woman","multiracial","4yearColl","$40,001-$60,000",3,4,0,0,0,0,1,"No comments"
"ZJ312dj","New Jersey","Monmouth","Jack Ciattarelli","Mikie Sherill","Gubernatorial","New Jersey",0,0,0,0,1,NA,NA,NA,NA,NA,1,7,7,1,7,1,7,1,"No","Mikie Sherill",1,"Democrat","Strong",NA,NA,"Democrat | Strong","Dem",1,32,"man","White","GED","$40,001-$60,000",3,2,1,1,0,1,0,NA
"ZN572wy","New York","New York","Zohran Mamdani","Andrew Cuomo","Mayoral","New York City",85,1,1,0,0,"Zohran Mamdani",1,1,0,0,5,1,1.5,6.5,1,6,2,7,"Yes","Zohran Mamdani",1,"Democrat","Strong",NA,NA,"Democrat | Strong","Dem",1,27,"man","White","MA","$80,001-$100,000",5,5,1,1,0,1,0,NA
"ZN644yl","New Jersey","Bergen","Jack Ciattarelli","Mikie Sherill","Gubernatorial","New Jersey",69,0,0,0,1,"Mikie Sherill",0,0,0,1,4,5,5,3.5,6,3,4,4,"Yes","Mikie Sherill",4,"No preference",NA,NA,"Closer to Democratic","Independent | Closer to Democratic","Dem",1,30,"woman","Hispanic, Latino, or Spanish origin","4yearColl","$80,001-$100,000",5,4,0,0,0,0,0,NA
"ZO724vr","New York","Queens","Zohran Mamdani","Andrew Cuomo","Mayoral","New York City",25,1,1,0,0,"Zohran Mamdani",1,1,0,0,4,3,3,4.5,3,4,3,5,"Yes","Zohran Mamdani",3,"Democrat","Not very strong",NA,NA,"Democrat | Not very strong","Dem",1,28,"man","Asian","GED","$60,001-$80,000",4,2,0,1,0,1,0,NA
"ZR648ru","New Jersey","Morris","Jack Ciattarelli","Mikie Sherill","Gubernatorial","New Jersey",20,1,1,0,0,"Jack Ciattarelli",1,1,0,0,7,2,7,1,7,1,7,1,"Yes","Jack Ciattarelli",6,"Republican",NA,"Strong",NA,"Republican | Strong","Rep",1,35,"man","White","4yearColl","$160,001-$180,000",9,4,1,1,1,0,0,"No comments thank you"
"ZR733wc","New Jersey","Essex","Jack Ciattarelli","Mikie Sherill","Gubernatorial","New Jersey",60,NA,0,1,0,"Mikie Sherill",0,0,0,1,4,4,4,4,4,4,4,4,"Yes",NA,4,"Independent",NA,NA,"Neither","Independent | Neither","Ind",1,34,"woman","Black or African American","GED","$40,001-$60,000",3,2,0,0,0,0,1,NA
"ZT836re","Minnesota","Hennepin","Jacob Frey","Omar Fateh","Mayoral","Minneapolis",0,NA,0,1,0,NA,NA,NA,NA,NA,3,5,2.5,2.5,2,2,3,3,"Yes",NA,5,"Republican",NA,"Not very strong",NA,"Republican | Not very strong","Rep",1,30,"man","White","4yearColl",NA,NA,4,1,1,1,0,0,NA
"ZU526tv","New Jersey","Hudson","Jack Ciattarelli","Mikie Sherill","Gubernatorial","New Jersey",80,NA,0,1,0,NA,NA,NA,NA,NA,5,3,4.5,2.5,6,3,3,2,"Yes",NA,4,"Democrat","Not very strong",NA,NA,"Democrat | Not very strong","Dem",1,37,"man","Asian","MA","$120,001-$140,000",7,5,0,1,0,1,0,NA
"ZW291vm","New Jersey","Monmouth","Jack Ciattarelli","Mikie Sherill","Gubernatorial","New Jersey",20,1,1,0,0,"Mikie Sherill",0,0,0,1,3,3,5,2.5,5,2,5,3,"Yes","Jack Ciattarelli",4,"Independent",NA,NA,"Neither","Independent | Neither","Ind",1,53,"woman","White","4yearColl","Over $200,000",11,4,1,0,0,0,1,NA
"ZW321fv","Washington","Kitsap","Bruce Harrell","Katie Wilson","Mayoral","Seattle",0,NA,0,1,0,"Katie Wilson",1,1,0,0,1,7,6,1,5,1,7,1,"No",NA,1,"Democrat","Strong",NA,NA,"Democrat | Strong","Dem",1,40,"man","White","4yearColl","$180,001-$200,000",10,4,1,1,0,1,0,"No further comments."
"ZW395uu","New York","Queens","Zohran Mamdani","Andrew Cuomo","Mayoral","New York City",53,NA,0,1,0,NA,NA,NA,NA,NA,5,4,4,3.5,4,4,4,3,"No",NA,4,"Democrat","Not very strong",NA,NA,"Democrat | Not very strong","Dem",1,20,"woman","Hispanic, Latino, or Spanish origin","GED",NA,NA,2,0,0,0,1,0,NA
"ZX324eo","Minnesota","Hennepin","Jacob Frey","Omar Fateh","Mayoral","Minneapolis",20,0,0,0,1,"Jacob Frey",0,0,0,1,1,7,5,1,5,1,5,1,"Yes","Jacob Frey",5,"Republican",NA,"Not very strong",NA,"Republican | Not very strong","Rep",1,20,"man","White","GED","$120,001-$140,000",7,2,1,1,1,0,0,NA
"ZZ424qy","New Jersey","Essex","Jack Ciattarelli","Mikie Sherill","Gubernatorial","New Jersey",25,0,0,0,1,NA,NA,NA,NA,NA,6,4,7,2,7,2,7,2,"Yes","Mikie Sherill",2,"Independent",NA,NA,"Closer to Democratic","Independent | Closer to Democratic","Dem",1,36,"woman","White","4yearColl","Over $200,000",11,4,1,0,0,0,1,NA
"ZZ872us","New Jersey","Hudson","Jack Ciattarelli","Mikie Sherill","Gubernatorial","New Jersey",0,0,0,0,1,NA,NA,NA,NA,NA,1,4,7,2,7,3,7,1,"No","Mikie Sherill",3,"Democrat","Strong",NA,NA,"Democrat | Strong","Dem",1,44,"woman","White","MA","$40,001-$60,000",3,5,1,0,0,1,0,"na"
