"PID","STATE","COUNTY","CAND_1","CAND_2","RACETYPE","PLACENAME","vote_sweep","vote_sweep_all","vote_other","vote_inc_all","cand1_change","cand2_change","cand1_rightwing","cand2_rightwing","cand1_cult","cand2_cult","cand1_econ","cand2_econ","vote_turnout","vote_who","ideo","party_gen","party_dem","party_rep","party_ind","party_followup","is_elg","age","gender","race","edu","income","income_num","edu_num","white_bin","man_bin","rep_bin","dem_bin","ind_bin","feedback"
"WU215kz","New York","New York","Zohran Mamdani","Andrew Cuomo","Mayoral","New York City",1,1,0,0,5,6,3,5.5,2,7,4,4,"Yes","Zohran Mamdani",2,"Democrat","Not very strong",NA,NA,"Democrat | Not very strong",1,28,"woman","White","PHD","$80,001-$100,000",5,6,1,0,0,1,0,NA
"HF781pp","New Jersey","Burlington","Jack Ciattarelli","Mikie Sherill","Gubernatorial","New Jersey",0,0,0,1,1,4,5,3,7,1,3,5,"Yes","Mikie Sherill",1,"Democrat","Strong",NA,NA,"Democrat | Strong",1,33,"woman","White","4yearColl","$0-$20,000",1,4,1,0,0,1,0,NA
"GE974ge","New York","Queens","Zohran Mamdani","Andrew Cuomo","Mayoral","New York City",1,1,0,0,3,3,4.5,5.5,2,4,7,7,"No","Zohran Mamdani",1,"No preference",NA,NA,"Neither","Independent | Neither",1,43,"man","Asian","GED","$0-$20,000",1,2,0,1,0,0,0,NA
"RS856ng","New Jersey","Middlesex","Jack Ciattarelli","Mikie Sherill","Gubernatorial","New Jersey",0,0,0,1,5,4,4.5,3.5,5,3,4,4,"Yes","Mikie Sherill",3,"Democrat","Not very strong",NA,NA,"Democrat | Not very strong",1,46,"man","Asian","4yearColl","$60,001-$80,000",4,4,0,1,0,1,0,NA
"BJ008qa","New Jersey","Morris","Jack Ciattarelli","Mikie Sherill","Gubernatorial","New Jersey",0,0,0,1,6,3,4.5,4,6,3,3,5,"Yes","Mikie Sherill",2,"Independent",NA,NA,"Closer to Democratic","Independent | Closer to Democratic",1,47,"woman","White","MA","$0-$20,000",1,5,1,0,0,0,1,NA
"YW383nt","New Jersey","Ocean","Jack Ciattarelli","Mikie Sherill","Gubernatorial","New Jersey",1,1,0,0,2,5,5,3,5,3,5,3,"Not sure","Jack Ciattarelli",5,"Republican",NA,"Not very strong",NA,"Republican | Not very strong",1,52,"man","White","GED","$40,001-$60,000",3,2,1,1,1,0,0,"Thank you for taking the time to read my responses."
"RQ736xm","New York","Kings","Zohran Mamdani","Andrew Cuomo","Mayoral","New York City",1,1,0,0,6,1,1.5,6,1,6,2,6,"Yes","Zohran Mamdani",2,"Democrat","Not very strong",NA,NA,"Democrat | Not very strong",1,28,"woman","White","4yearColl","$40,001-$60,000",3,4,1,0,0,1,0,NA
"GB719mv","New Jersey","Morris","Jack Ciattarelli","Mikie Sherill","Gubernatorial","New Jersey",0,0,0,1,6,6,7,1.5,7,1,7,2,"Not sure","Mikie Sherill",2,"Democrat","Strong",NA,NA,"Democrat | Strong",1,41,"man","White","GED","$0-$20,000",1,2,1,1,0,1,0,NA
"LI953xe","New York","Queens","Zohran Mamdani","Andrew Cuomo","Mayoral","New York City",1,1,0,0,5,2,2.5,6.5,2,6,3,7,"Yes","Zohran Mamdani",2,"Democrat","Strong",NA,NA,"Democrat | Strong",1,46,"woman","Hispanic, Latino, or Spanish origin","4yearColl","$60,001-$80,000",4,4,0,0,0,1,0,NA
"FV645ha","New York","New York","Zohran Mamdani","Andrew Cuomo","Mayoral","New York City",1,1,0,0,7,3,1.5,5,1,5,2,5,"Yes","Zohran Mamdani",5,"Republican",NA,"Not very strong",NA,"Republican | Not very strong",1,32,"man","White","MA","$120,001-$140,000",7,5,1,1,1,0,0,"no"
"CU500ay","New Jersey","Mercer","Jack Ciattarelli","Mikie Sherill","Gubernatorial","New Jersey",NA,0,1,0,6,3,5,3,6,2,4,4,"Yes",NA,2,"Democrat","Strong",NA,NA,"Democrat | Strong",1,47,"woman","Hispanic, Latino, or Spanish origin","MA","$60,001-$80,000",4,5,0,0,0,1,0,NA
"BK312ng","Washington","King","Bruce Harrell","Katie Wilson","Mayoral","Seattle",0,0,0,1,3,6,3,1.5,3,2,3,1,"Yes","Bruce Harrell",2,"Democrat","Strong",NA,NA,"Democrat | Strong",1,77,"man","White","MA","Over $200,000",11,5,1,1,0,1,0,"just thanks for the opportunity to participate in this study"
"PA382sj","New York","Bronx","Zohran Mamdani","Andrew Cuomo","Mayoral","New York City",1,1,0,0,5,2,3.5,3.5,2,4,5,3,"Yes","Zohran Mamdani",2,"Democrat","Strong",NA,NA,"Democrat | Strong",1,50,"woman","Black or African American","GED","$40,001-$60,000",3,2,0,0,0,1,0,NA
"GL172gw","New Jersey","Sussex","Jack Ciattarelli","Mikie Sherill","Gubernatorial","New Jersey",1,1,0,0,4,4,5,2.5,5,2,5,3,"No","Jack Ciattarelli",5,"Republican",NA,"Strong",NA,"Republican | Strong",1,34,"woman","White","4yearColl","$140,001-$160,000",8,4,1,0,1,0,0,NA
"KZ459rp","New Jersey","Burlington","Jack Ciattarelli","Mikie Sherill","Gubernatorial","New Jersey",1,1,0,0,5,2,6,2,7,1,5,3,"Yes","Jack Ciattarelli",6,"Republican",NA,"Strong",NA,"Republican | Strong",1,63,"woman","White","2yearColl","$80,001-$100,000",5,3,1,0,1,0,0,NA
"JP115rm","New Jersey","Burlington","Jack Ciattarelli","Mikie Sherill","Gubernatorial","New Jersey",1,1,0,0,5,1,7,1,7,1,7,1,"Yes","Jack Ciattarelli",5,"Republican",NA,"Not very strong",NA,"Republican | Not very strong",1,57,"woman","White","PHD","Over $200,000",11,6,1,0,1,0,0,NA
"UX201tg","New Jersey","Gloucester","Jack Ciattarelli","Mikie Sherill","Gubernatorial","New Jersey",0,0,0,1,4,4,4,4,4,4,4,4,"Yes","Mikie Sherill",4,"Independent",NA,NA,"Neither","Independent | Neither",1,59,"man","White","2yearColl","$160,001-$180,000",9,3,1,1,0,0,1,NA
"HF341el","New Jersey","Hudson","Jack Ciattarelli","Mikie Sherill","Gubernatorial","New Jersey",0,0,0,1,2,4,6.5,3.5,7,3,6,4,"Yes","Mikie Sherill",2,"Democrat","Strong",NA,NA,"Democrat | Strong",1,33,"man","Asian","4yearColl","$60,001-$80,000",4,4,0,1,0,1,0,NA
"LH282qr","Washington","King","Bruce Harrell","Katie Wilson","Mayoral","Seattle",1,1,0,0,3,4,5,2,3,3,7,1,"Yes","Katie Wilson",3,"Democrat","Strong",NA,NA,"Democrat | Strong",1,29,"man","Asian","4yearColl","$100,001-$120,000",6,4,0,1,0,1,0,NA
"NS185bh","New Jersey","Warren","Jack Ciattarelli","Mikie Sherill","Gubernatorial","New Jersey",0,0,0,1,1,3,4,3,7,2,1,4,"Yes","Mikie Sherill",1,"Democrat","Strong",NA,NA,"Democrat | Strong",1,62,"woman","White","2yearColl","$60,001-$80,000",4,3,1,0,0,1,0,NA
"OH399cu","New Jersey","Middlesex","Jack Ciattarelli","Mikie Sherill","Gubernatorial","New Jersey",0,0,0,1,5,4,5.5,3.5,6,3,5,4,"Yes","Mikie Sherill",7,"Republican",NA,"Strong",NA,"Republican | Strong",1,28,"woman","White","4yearColl","$0-$20,000",1,4,1,0,1,0,0,NA
"ZZ210da","New York","Kings","Zohran Mamdani","Andrew Cuomo","Mayoral","New York City",1,1,0,0,4,4,3,4,1,5,5,3,"Yes","Zohran Mamdani",1,"Democrat","Strong",NA,NA,"Democrat | Strong",1,27,"woman","White","PHD","Over $200,000",11,6,1,0,0,1,0,NA
"AO893bh","New York","Kings","Zohran Mamdani","Andrew Cuomo","Mayoral","New York City",NA,0,1,0,4,4,4,4,4,4,4,4,"Not sure",NA,4,"No preference",NA,NA,"Neither","Independent | Neither",1,33,"woman","Black or African American","GED","$0-$20,000",1,2,0,0,0,0,0,NA
"IQ180ww","New Jersey","Gloucester","Jack Ciattarelli","Mikie Sherill","Gubernatorial","New Jersey",1,1,0,0,5,1,5.5,1.5,5,1,6,2,"Yes","Jack Ciattarelli",6,"Republican",NA,"Strong",NA,"Republican | Strong",1,38,"man","White","MA","$180,001-$200,000",10,5,1,1,1,0,0,NA
"OZ484ib","New Jersey","Camden","Jack Ciattarelli","Mikie Sherill","Gubernatorial","New Jersey",0,0,0,1,5,2,5.5,2.5,6,2,5,3,"Yes","Mikie Sherill",4,"Republican",NA,"Not very strong",NA,"Republican | Not very strong",1,45,"man","White","4yearColl","$160,001-$180,000",9,4,1,1,1,0,0,NA
"YC268tl","New Jersey","Middlesex","Jack Ciattarelli","Mikie Sherill","Gubernatorial","New Jersey",0,0,0,1,4,4,7,3,7,2,7,4,"Yes","Mikie Sherill",4,"Independent",NA,NA,"Neither","Independent | Neither",1,22,"woman","White","4yearColl","$80,001-$100,000",5,4,1,0,0,0,1,NA
"SB861iy","New Jersey","Hudson","Jack Ciattarelli","Mikie Sherill","Gubernatorial","New Jersey",NA,0,1,0,4,4,3.5,3.5,3,4,4,3,"Yes",NA,1,"Other party",NA,NA,"Closer to Democratic","Independent | Closer to Democratic",1,22,"man","White","2yearColl","$20,001-$40,000",2,3,1,1,0,0,0,NA
"LH818up","New Jersey","Bergen","Jack Ciattarelli","Mikie Sherill","Gubernatorial","New Jersey",0,0,0,1,7,1,7,1.5,7,2,7,1,"Yes","Mikie Sherill",2,"Democrat","Strong",NA,NA,"Democrat | Strong",1,44,"woman","White","4yearColl","$140,001-$160,000",8,4,1,0,0,1,0,NA
"EE718ns","New Jersey","Bergen","Jack Ciattarelli","Mikie Sherill","Gubernatorial","New Jersey",0,0,0,1,6,4,4.5,4,6,3,3,5,"Yes","Mikie Sherill",2,"Democrat","Strong",NA,NA,"Democrat | Strong",1,70,"woman","White","4yearColl","$60,001-$80,000",4,4,1,0,0,1,0,NA
"XE304dh","Minnesota","Hennepin","Jacob Frey","Omar Fateh","Mayoral","Minneapolis",1,1,0,0,4,4,5,2.5,6,1,4,4,"Yes","Omar Fateh",2,"Democrat","Strong",NA,NA,"Democrat | Strong",1,28,"woman","Asian","4yearColl","$100,001-$120,000",6,4,0,0,0,1,0,NA
"MC025kx","New Jersey","Monmouth","Jack Ciattarelli","Mikie Sherill","Gubernatorial","New Jersey",0,0,0,1,5,3,6,3,7,3,5,3,"Yes","Mikie Sherill",1,"Democrat","Strong",NA,NA,"Democrat | Strong",1,30,"woman","White","2yearColl","$40,001-$60,000",3,3,1,0,0,1,0,NA
"DF696iq","New Jersey","Camden","Jack Ciattarelli","Mikie Sherill","Gubernatorial","New Jersey",0,0,0,1,6,3,6.5,2,7,1,6,3,"Yes","Mikie Sherill",2,"Democrat","Strong",NA,NA,"Democrat | Strong",1,55,"woman","multiracial","PHD","$180,001-$200,000",10,6,0,0,0,1,0,"Generally governmental change is slow, but given how the current administration is ignoring legal, constitutional and governmental norms to effect sweeping changes, I'm very concerned about the state of the country, and this race."
"KA823pt","New York","Kings","Zohran Mamdani","Andrew Cuomo","Mayoral","New York City",1,1,0,0,4,1,1.5,7,1,7,2,7,"Yes","Zohran Mamdani",1,"Democrat","Strong",NA,NA,"Democrat | Strong",1,46,"man","White","PHD","$80,001-$100,000",5,6,1,1,0,1,0,"n/a"
"LC567bd","New Jersey","Cumberland","Jack Ciattarelli","Mikie Sherill","Gubernatorial","New Jersey",1,1,0,0,3,3,3,5.5,4,5,2,6,"Not sure","Jack Ciattarelli",4,"Republican",NA,"Strong",NA,"Republican | Strong",1,33,"man","White","2yearColl","$140,001-$160,000",8,3,1,1,1,0,0,NA
"NX021hy","New Jersey","Middlesex","Jack Ciattarelli","Mikie Sherill","Gubernatorial","New Jersey",0,0,0,1,5,3,6,2,7,1,5,3,"Yes","Mikie Sherill",1,"Democrat","Strong",NA,NA,"Democrat | Strong",1,21,"man","White","GED","$60,001-$80,000",4,2,1,1,0,1,0,NA
"OT520tj","New Jersey","Middlesex","Jack Ciattarelli","Mikie Sherill","Gubernatorial","New Jersey",0,0,0,1,6,3,6,2,6,1,6,3,"Yes","Mikie Sherill",1,"Democrat","Strong",NA,NA,"Democrat | Strong",1,23,"woman","multiracial","2yearColl","Over $200,000",11,3,0,0,0,1,0,NA
"RI435ns","Washington","King","Bruce Harrell","Katie Wilson","Mayoral","Seattle",NA,0,1,0,3,4,4,2,3,2,5,2,"Not sure",NA,4,"Independent",NA,NA,"Closer to Democratic","Independent | Closer to Democratic",1,37,"man","White","GED","$40,001-$60,000",3,2,1,1,0,0,1,NA
"PN396kb","Washington",NA,"Bruce Harrell","Katie Wilson","Mayoral","Seattle",1,1,0,0,5,4,5,6,5,6,5,6,"Yes","Katie Wilson",7,"Democrat","Strong",NA,NA,"Democrat | Strong",1,26,"woman","White","4yearColl","$20,001-$40,000",2,4,1,0,0,1,0,NA
"MU552wy","New York","New York","Zohran Mamdani","Andrew Cuomo","Mayoral","New York City",1,1,0,0,7,1,2,6,2,5,2,7,"Yes","Zohran Mamdani",1,"Democrat","Strong",NA,NA,"Democrat | Strong",1,28,"man","Asian","4yearColl","$140,001-$160,000",8,4,0,1,0,1,0,NA
"TO529zk","New Jersey","Bergen","Jack Ciattarelli","Mikie Sherill","Gubernatorial","New Jersey",0,0,0,1,5,3,6.5,1.5,7,2,6,1,"Yes","Mikie Sherill",2,"Democrat","Not very strong",NA,NA,"Democrat | Not very strong",1,32,"woman","White","4yearColl","$160,001-$180,000",9,4,1,0,0,1,0,NA
"NW151bp","Washington","Adams","Bruce Harrell","Katie Wilson","Mayoral","Seattle",1,1,0,0,4,5,4.5,4.5,5,3,4,6,"Yes","Katie Wilson",2,"Democrat","Strong",NA,NA,"Democrat | Strong",1,27,"man","White","4yearColl","$20,001-$40,000",2,4,1,1,0,1,0,"N/A"
"IK082kl","Washington","King","Bruce Harrell","Katie Wilson","Mayoral","Seattle",1,1,0,0,2,5,5.5,3,5,2,6,4,"Yes","Katie Wilson",2,"Democrat","Strong",NA,NA,"Democrat | Strong",1,47,"man","White","2yearColl","$180,001-$200,000",10,3,1,1,0,1,0,NA
"HR367xo","New Jersey","Bergen","Jack Ciattarelli","Mikie Sherill","Gubernatorial","New Jersey",0,0,0,1,6,2,5.5,2.5,6,3,5,2,"Yes","Mikie Sherill",3,"Democrat","Not very strong",NA,NA,"Democrat | Not very strong",1,69,"man","White","GED","$140,001-$160,000",8,2,1,1,0,1,0,NA
"JH491tl","New York","Bronx","Zohran Mamdani","Andrew Cuomo","Mayoral","New York City",1,1,0,0,7,1,1,7,1,7,1,7,"Yes","Zohran Mamdani",2,"Democrat","Strong",NA,NA,"Democrat | Strong",1,34,"woman","Black or African American","4yearColl","$0-$20,000",1,4,0,0,0,1,0,NA
"UV448ff","Minnesota","Hennepin","Jacob Frey","Omar Fateh","Mayoral","Minneapolis",0,0,0,1,7,7,4,4,2,2,6,6,"Yes","Jacob Frey",2,"Democrat","Strong",NA,NA,"Democrat | Strong",1,29,"man","White","4yearColl","$40,001-$60,000",3,4,1,1,0,1,0,NA
"EY520hl","New York","New York","Zohran Mamdani","Andrew Cuomo","Mayoral","New York City",NA,0,1,0,4,4,4,4,4,4,4,4,"No",NA,4,"Independent",NA,NA,"Neither","Independent | Neither",1,31,"man","Black or African American","GED","$40,001-$60,000",3,2,0,1,0,0,1,"N/a"
"FS124qz","New Jersey","Gloucester","Jack Ciattarelli","Mikie Sherill","Gubernatorial","New Jersey",0,0,0,1,7,2,7,2.5,7,4,7,1,"Yes","Mikie Sherill",1,"Democrat","Not very strong",NA,NA,"Democrat | Not very strong",1,25,"woman","White","2yearColl","$20,001-$40,000",2,3,1,0,0,1,0,NA
"SK359mm","New Jersey","Ocean","Jack Ciattarelli","Mikie Sherill","Gubernatorial","New Jersey",0,0,0,1,6,4,7,4.5,7,4,7,5,"Yes","Mikie Sherill",1,"Independent",NA,NA,"Closer to Democratic","Independent | Closer to Democratic",1,29,"man","White","4yearColl","$0-$20,000",1,4,1,1,0,0,1,NA
"FC782em","Washington","King","Bruce Harrell","Katie Wilson","Mayoral","Seattle",0,0,0,1,5,3,2.5,2.5,2,1,3,4,"Yes","Bruce Harrell",2,"Democrat","Not very strong",NA,NA,"Democrat | Not very strong",1,36,"woman","White","MA","$80,001-$100,000",5,5,1,0,0,1,0,NA
"OT876xk","New Jersey","Essex","Jack Ciattarelli","Mikie Sherill","Gubernatorial","New Jersey",0,0,0,1,5,2,5.5,4.5,7,4,4,5,"Yes","Mikie Sherill",2,"Democrat","Strong",NA,NA,"Democrat | Strong",1,42,"woman","multiracial","4yearColl","$160,001-$180,000",9,4,0,0,0,1,0,NA
"KN873au","New Jersey","Mercer","Jack Ciattarelli","Mikie Sherill","Gubernatorial","New Jersey",0,0,0,1,6,4,7,1.5,7,2,7,1,"Yes","Mikie Sherill",1,"Democrat","Strong",NA,NA,"Democrat | Strong",1,50,"woman","White","2yearColl","Over $200,000",11,3,1,0,0,1,0,NA
"BG836rw","New York","Kings","Zohran Mamdani","Andrew Cuomo","Mayoral","New York City",NA,0,1,0,7,2,1,5,1,4,1,6,"Not sure","Curtis Sliwa",4,"No preference",NA,NA,"Neither","Independent | Neither",1,31,"man","Black or African American","2yearColl","$80,001-$100,000",5,3,0,1,0,0,0,NA
"ZE182rx","New Jersey","Ocean","Jack Ciattarelli","Mikie Sherill","Gubernatorial","New Jersey",0,0,0,1,6,3,5.5,3,7,2,4,4,"Not sure","Mikie Sherill",4,"Independent",NA,NA,"Neither","Independent | Neither",1,24,"man","White","4yearColl","Over $200,000",11,4,1,1,0,0,1,NA
"HL347ig","New Jersey","Morris","Jack Ciattarelli","Mikie Sherill","Gubernatorial","New Jersey",0,0,0,1,3,2,6,3,6,3,6,3,"Yes","Mikie Sherill",4,"Independent",NA,NA,"Neither","Independent | Neither",1,28,"man","White","4yearColl","$80,001-$100,000",5,4,1,1,0,0,1,NA
"GP666sx","New York","Queens","Zohran Mamdani","Andrew Cuomo","Mayoral","New York City",1,1,0,0,4,5,3.5,4,3,5,4,3,"Yes","Zohran Mamdani",5,"Democrat","Not very strong",NA,NA,"Democrat | Not very strong",1,32,"man","Asian","MA","$120,001-$140,000",7,5,0,1,0,1,0,NA
"HR510po","New Jersey","Ocean","Jack Ciattarelli","Mikie Sherill","Gubernatorial","New Jersey",0,0,0,1,1,6,6,1,7,1,5,1,"Yes","Mikie Sherill",1,"Democrat","Strong",NA,NA,"Democrat | Strong",1,39,"man","White","4yearColl","$40,001-$60,000",3,4,1,1,0,1,0,NA
"CG392zm","New Jersey","Union","Jack Ciattarelli","Mikie Sherill","Gubernatorial","New Jersey",1,1,0,0,3,2,3.5,4.5,5,3,2,6,"Yes","Jack Ciattarelli",2,"Democrat","Strong",NA,NA,"Democrat | Strong",1,44,"woman","White","PHD","$180,001-$200,000",10,6,1,0,0,1,0,NA
"YS955wr","New Jersey","Bergen","Jack Ciattarelli","Mikie Sherill","Gubernatorial","New Jersey",NA,0,1,0,5,4,4,3.5,4,3,4,4,"Not sure",NA,5,"Republican",NA,"Not very strong",NA,"Republican | Not very strong",1,30,"woman","multiracial","4yearColl","$160,001-$180,000",9,4,0,0,1,0,0,"no further comments"
"SK224iz","New Jersey","Burlington","Jack Ciattarelli","Mikie Sherill","Gubernatorial","New Jersey",NA,0,1,0,6,3,7,3,7,2,7,4,"Yes",NA,3,"No preference",NA,NA,"Closer to Democratic","Independent | Closer to Democratic",1,19,NA,"White",NA,"$100,001-$120,000",6,NA,1,NA,0,0,0,NA
"MP147qu","New Jersey","Essex","Jack Ciattarelli","Mikie Sherill","Gubernatorial","New Jersey",0,0,0,1,7,2,7,4.5,7,3,7,6,"Yes","Mikie Sherill",1,"Democrat","Strong",NA,NA,"Democrat | Strong",1,61,"woman","White","4yearColl","$20,001-$40,000",2,4,1,0,0,1,0,NA
"SL651fn","Minnesota","Hennepin","Jacob Frey","Omar Fateh","Mayoral","Minneapolis",NA,0,1,0,4,4,4.5,4,2,2,7,6,"Yes",NA,5,"Republican",NA,"Not very strong",NA,"Republican | Not very strong",1,29,"woman","White","4yearColl",NA,NA,4,1,0,1,0,0,NA
"CW289zu","New York","New York","Zohran Mamdani","Andrew Cuomo","Mayoral","New York City",1,1,0,0,7,7,4,4,1,7,7,1,"Yes","Zohran Mamdani",2,"Democrat","Strong",NA,NA,"Democrat | Strong",1,32,"man","Asian","MA","Over $200,000",11,5,0,1,0,1,0,NA
"XB778hp","Washington","Pierce","Bruce Harrell","Katie Wilson","Mayoral","Seattle",NA,0,1,0,5,4,4,3.5,4,4,4,3,"Not sure",NA,4,"Independent",NA,NA,"Closer to Democratic","Independent | Closer to Democratic",1,36,"man","Black or African American","4yearColl","$60,001-$80,000",4,4,0,1,0,0,1,NA
"RA295rb","Washington","King","Bruce Harrell","Katie Wilson","Mayoral","Seattle",1,1,0,0,4,5,4.5,2.5,4,2,5,3,"Yes","Katie Wilson",1,"Democrat","Strong",NA,NA,"Democrat | Strong",1,47,"woman","White","2yearColl","Over $200,000",11,3,1,0,0,1,0,NA
"OE805eb","Minnesota","Hennepin","Jacob Frey","Omar Fateh","Mayoral","Minneapolis",NA,0,1,0,1,6,6.5,1.5,6,1,7,2,"Yes",NA,1,"Democrat","Not very strong",NA,NA,"Democrat | Not very strong",1,38,"man","Asian","4yearColl","$40,001-$60,000",3,4,0,1,0,1,0,NA
"YR174af","New York","Kings","Zohran Mamdani","Andrew Cuomo","Mayoral","New York City",1,1,0,0,6,1,1.5,4.5,1,4,2,5,"Yes","Zohran Mamdani",1,"Democrat","Strong",NA,NA,"Democrat | Strong",1,37,"man","White","MA","$80,001-$100,000",5,5,1,1,0,1,0,NA
"KL204sn","Minnesota","Hennepin","Jacob Frey","Omar Fateh","Mayoral","Minneapolis",0,0,0,1,4,7,2.5,1.5,2,1,3,2,"Not sure","Jacob Frey",5,"Republican",NA,"Not very strong",NA,"Republican | Not very strong",1,20,"man","Asian","GED","Over $200,000",11,2,0,1,1,0,0,NA
"NR397qq","New Jersey","Union","Jack Ciattarelli","Mikie Sherill","Gubernatorial","New Jersey",0,0,0,1,4,2,5.5,2,6,2,5,2,"Yes","Mikie Sherill",2,"Democrat","Strong",NA,NA,"Democrat | Strong",1,62,"man","White","MA","$140,001-$160,000",8,5,1,1,0,1,0,NA
"UH839ji","New York","Kings","Zohran Mamdani","Andrew Cuomo","Mayoral","New York City",1,1,0,0,7,1,4,5.5,1,4,7,7,"Yes","Zohran Mamdani",1,"Democrat","Strong",NA,NA,"Democrat | Strong",1,27,"woman","Black or African American","MA","$100,001-$120,000",6,5,0,0,0,1,0,"This study was a good length. It managed to touch on a variety of topics without sacrificing brevity. Great work!"
"SN130eb","New York","Kings","Zohran Mamdani","Andrew Cuomo","Mayoral","New York City",0,0,0,1,7,1,1,4,1,4,1,4,"Yes","Andrew Cuomo",5,"Independent",NA,NA,"Closer to Republican","Independent | Closer to Republican",1,27,"man","Asian","4yearColl","$20,001-$40,000",2,4,0,1,0,0,1,NA
"ID032el","Washington","King","Bruce Harrell","Katie Wilson","Mayoral","Seattle",1,1,0,0,1,5,5.5,2.5,5,2,6,3,"Yes","Katie Wilson",2,"Democrat","Not very strong",NA,NA,"Democrat | Not very strong",1,37,"woman","White","4yearColl","$160,001-$180,000",9,4,1,0,0,1,0,NA
"FM248sp","New York","New York","Zohran Mamdani","Andrew Cuomo","Mayoral","New York City",1,1,0,0,5,4,3,4,4,4,2,4,"Yes","Zohran Mamdani",3,"Democrat","Not very strong",NA,NA,"Democrat | Not very strong",1,35,"man","White","4yearColl","$20,001-$40,000",2,4,1,1,0,1,0,NA
"CH426sq","New York","Bronx","Zohran Mamdani","Andrew Cuomo","Mayoral","New York City",1,1,0,0,3,4,1,5.5,1,6,1,5,"Yes","Zohran Mamdani",4,"Independent",NA,NA,"Neither","Independent | Neither",1,31,"man","Hispanic, Latino, or Spanish origin","4yearColl","$60,001-$80,000",4,4,0,1,0,0,1,NA
"GR611sz","New Jersey","Ocean","Jack Ciattarelli","Mikie Sherill","Gubernatorial","New Jersey",0,0,0,1,4,4,6.5,2.5,6,3,7,2,"Not sure","Mikie Sherill",1,"Democrat","Strong",NA,NA,"Democrat | Strong",1,28,NA,"White","4yearColl",NA,NA,4,1,NA,0,1,0,NA
"RG196td","Washington","Garfield","Bruce Harrell","Katie Wilson","Mayoral","Seattle",0,0,0,1,2,6,3.5,4,5,3,2,5,"Not sure","Bruce Harrell",6,"Republican",NA,"Strong",NA,"Republican | Strong",1,52,"man","White","MA","$100,001-$120,000",6,5,1,1,1,0,0,NA
"LO116se","New York","Queens","Zohran Mamdani","Andrew Cuomo","Mayoral","New York City",NA,0,1,0,2,2,4,4,4,4,4,4,"Yes",NA,3,"Democrat","Not very strong",NA,NA,"Democrat | Not very strong",1,19,"man","White","4yearColl","$0-$20,000",1,4,1,1,0,1,0,NA
"UT244mr","New York","Richmond","Zohran Mamdani","Andrew Cuomo","Mayoral","New York City",NA,0,1,0,5,1,2,6.5,2,7,2,6,"Yes",NA,2,"Independent",NA,NA,"Neither","Independent | Neither",1,22,"woman","Asian","GED","$100,001-$120,000",6,2,0,0,0,0,1,NA
"DI243ne","New Jersey","Sussex","Jack Ciattarelli","Mikie Sherill","Gubernatorial","New Jersey",0,0,0,1,6,2,6.5,3,7,3,6,3,"Yes","Mikie Sherill",2,"Democrat","Not very strong",NA,NA,"Democrat | Not very strong",1,42,"man","White","4yearColl","$60,001-$80,000",4,4,1,1,0,1,0,"Well done."
"ZY575vj","New Jersey","Union","Jack Ciattarelli","Mikie Sherill","Gubernatorial","New Jersey",0,0,0,1,5,4,7,1.5,7,1,7,2,"Not sure","Mikie Sherill",1,"Democrat","Strong",NA,NA,"Democrat | Strong",1,31,"woman","Black or African American","MA","$140,001-$160,000",8,5,0,0,0,1,0,NA
"OX721mi","New Jersey","Bergen","Jack Ciattarelli","Mikie Sherill","Gubernatorial","New Jersey",0,0,0,1,6,2,6.5,2.5,6,2,7,3,"Yes","Mikie Sherill",4,"Independent",NA,NA,"Closer to Democratic","Independent | Closer to Democratic",1,35,"man","White","4yearColl","$60,001-$80,000",4,4,1,1,0,0,1,NA
"RZ648bg","New Jersey","Gloucester","Jack Ciattarelli","Mikie Sherill","Gubernatorial","New Jersey",1,1,0,0,3,3,6.5,2,7,2,6,2,"Yes","Jack Ciattarelli",5,"Republican",NA,"Not very strong",NA,"Republican | Not very strong",1,49,"man","White","4yearColl","$120,001-$140,000",7,4,1,1,1,0,0,NA
"LR021yf","New Jersey","Bergen","Jack Ciattarelli","Mikie Sherill","Gubernatorial","New Jersey",0,0,0,1,5,4,7,2.5,7,2,7,3,"Yes","Mikie Sherill",2,"Democrat","Strong",NA,NA,"Democrat | Strong",1,37,"man","Hispanic, Latino, or Spanish origin","MA","Over $200,000",11,5,0,1,0,1,0,NA
"ER307vh","New York","New York","Zohran Mamdani","Andrew Cuomo","Mayoral","New York City",1,1,0,0,6,2,2,5,2,5,2,5,"Yes","Zohran Mamdani",2,"Independent",NA,NA,"Closer to Democratic","Independent | Closer to Democratic",1,34,"man","Black or African American","GED","$60,001-$80,000",4,2,0,1,0,0,1,NA
"JL308xp","New Jersey","Bergen","Jack Ciattarelli","Mikie Sherill","Gubernatorial","New Jersey",0,0,0,1,3,5,3,3,2,2,4,4,"Yes","Mikie Sherill",2,"Democrat","Not very strong",NA,NA,"Democrat | Not very strong",1,35,"woman","Black or African American","MA","$40,001-$60,000",3,5,0,0,0,1,0,NA
"JD325si","New Jersey","Middlesex","Jack Ciattarelli","Mikie Sherill","Gubernatorial","New Jersey",0,0,0,1,5,3,4,3,7,1,1,5,"Yes","Mikie Sherill",1,"Other party",NA,NA,"Closer to Democratic","Independent | Closer to Democratic",1,30,"woman","Hispanic, Latino, or Spanish origin","GED","$40,001-$60,000",3,2,0,0,0,0,0,NA
"IB035pd","New York","Bronx","Zohran Mamdani","Andrew Cuomo","Mayoral","New York City",1,1,0,0,5,3,3,4,1,4,5,4,"Yes","Zohran Mamdani",2,"Democrat","Strong",NA,NA,"Democrat | Strong",1,37,"man","Black or African American","GED","$0-$20,000",1,2,0,1,0,1,0,NA
"OT700vq","New York","New York","Zohran Mamdani","Andrew Cuomo","Mayoral","New York City",1,1,0,0,6,1,2.5,4,1,4,4,4,"Yes","Zohran Mamdani",6,"Democrat","Strong",NA,NA,"Democrat | Strong",1,37,"woman","Black or African American","4yearColl","$0-$20,000",1,4,0,0,0,1,0,NA
"UB477nu","Washington","King","Bruce Harrell","Katie Wilson","Mayoral","Seattle",NA,0,1,0,2,5,1,1,1,1,1,1,"Yes","Jason Rantz",7,"Republican",NA,"Strong",NA,"Republican | Strong",1,56,"man","White","MA","$160,001-$180,000",9,5,1,1,1,0,0,"I feel frustrated that my mayoral choices are two progressive liberals and no way to ever get a republican or conservative candidate even on the ballot."
"SZ625yb","New Jersey","Middlesex","Jack Ciattarelli","Mikie Sherill","Gubernatorial","New Jersey",0,0,0,1,7,1,7,1,7,1,7,1,"Yes","Mikie Sherill",2,"Democrat","Not very strong",NA,NA,"Democrat | Not very strong",1,27,"woman","White","4yearColl",NA,NA,4,1,0,0,1,0,NA
"TU325wf","New Jersey","Essex","Jack Ciattarelli","Mikie Sherill","Gubernatorial","New Jersey",NA,0,1,0,4,4,4,4,4,4,4,4,"No",NA,3,"No preference",NA,NA,"Closer to Democratic","Independent | Closer to Democratic",1,46,NA,"White",NA,NA,NA,NA,1,NA,0,0,0,NA
"ER881ek","New Jersey","Morris","Jack Ciattarelli","Mikie Sherill","Gubernatorial","New Jersey",1,1,0,0,3,6,6,1.5,5,1,7,2,"Yes","Jack Ciattarelli",5,"Republican",NA,"Not very strong",NA,"Republican | Not very strong",1,52,"woman","White","4yearColl","Over $200,000",11,4,1,0,1,0,0,NA
"DE149sl","New Jersey","Gloucester","Jack Ciattarelli","Mikie Sherill","Gubernatorial","New Jersey",NA,0,1,0,4,5,3.5,4.5,4,4,3,5,"No",NA,3,"Democrat","Not very strong",NA,NA,"Democrat | Not very strong",1,32,"man","Asian","4yearColl","$20,001-$40,000",2,4,0,1,0,1,0,NA
"ZB390ce","New York","Kings","Zohran Mamdani","Andrew Cuomo","Mayoral","New York City",NA,0,1,0,1,1,1,7,1,7,1,7,"Not sure",NA,3,"No preference",NA,NA,"Neither","Independent | Neither",1,34,"man","Asian","GED","$20,001-$40,000",2,2,0,1,0,0,0,NA
"LM474ob","Washington","King","Bruce Harrell","Katie Wilson","Mayoral","Seattle",NA,0,1,0,4,5,4.5,4,5,3,4,5,"No","I would not vote.",4,"Independent",NA,NA,"Neither","Independent | Neither",1,39,"man","White","2yearColl","$40,001-$60,000",3,3,1,1,0,0,1,NA
"XB528jx","New Jersey","Burlington","Jack Ciattarelli","Mikie Sherill","Gubernatorial","New Jersey",0,0,0,1,6,3,7,3,7,3,7,3,"Yes","Mikie Sherill",2,"Democrat","Not very strong",NA,NA,"Democrat | Not very strong",1,70,"woman","White","2yearColl","$40,001-$60,000",3,3,1,0,0,1,0,NA
"UA563sf","New York","New York","Zohran Mamdani","Andrew Cuomo","Mayoral","New York City",NA,0,1,0,7,4,1,3.5,1,4,1,3,"No",NA,4,"Independent",NA,NA,"Neither","Independent | Neither",1,33,"woman","multiracial","4yearColl","$0-$20,000",1,4,0,0,0,0,1,NA
"BZ552qi","New York","New York","Zohran Mamdani","Andrew Cuomo","Mayoral","New York City",1,1,0,0,3,5,2,4,2,4,2,4,"Yes","Zohran Mamdani",2,"Democrat","Strong",NA,NA,"Democrat | Strong",1,28,"woman","White","4yearColl","$120,001-$140,000",7,4,1,0,0,1,0,NA
"VL076lc","New Jersey","Bergen","Jack Ciattarelli","Mikie Sherill","Gubernatorial","New Jersey",NA,0,1,0,6,2,2,6,2,6,2,6,"Not sure",NA,4,"Democrat","Not very strong",NA,NA,"Democrat | Not very strong",1,25,"woman","White","2yearColl","$0-$20,000",1,3,1,0,0,1,0,NA
"RK865tv","New York","Queens","Zohran Mamdani","Andrew Cuomo","Mayoral","New York City",0,0,0,1,7,2,2,3,3,1,1,5,"Yes","Andrew Cuomo",7,"Republican",NA,"Strong",NA,"Republican | Strong",1,23,"woman","White","MA","$180,001-$200,000",10,5,1,0,1,0,0,NA
"WY273ap","New Jersey","Essex","Jack Ciattarelli","Mikie Sherill","Gubernatorial","New Jersey",0,0,0,1,7,4,5,5,7,3,3,7,"Yes","Mikie Sherill",4,"Independent",NA,NA,"Neither","Independent | Neither",1,73,"man","Black or African American","GED","$140,001-$160,000",8,2,0,1,0,0,1,NA
"DA955xx","New Jersey","Morris","Jack Ciattarelli","Mikie Sherill","Gubernatorial","New Jersey",1,1,0,0,7,2,7,1,7,1,7,1,"Yes","Jack Ciattarelli",6,"Republican",NA,"Strong",NA,"Republican | Strong",1,35,"man","White","4yearColl","$160,001-$180,000",9,4,1,1,1,0,0,"No comments thank you"
"CU590nn","New York","New York","Zohran Mamdani","Andrew Cuomo","Mayoral","New York City",0,0,0,1,7,4,1,1.5,1,1,1,2,"Yes","Andrew Cuomo",6,"Republican",NA,"Strong",NA,"Republican | Strong",1,33,"man","White","4yearColl","$120,001-$140,000",7,4,1,1,1,0,0,NA
"VB313fx","New Jersey","Union","Jack Ciattarelli","Mikie Sherill","Gubernatorial","New Jersey",0,0,0,1,7,1,4,4,7,1,1,7,"Yes","Mikie Sherill",1,"Independent",NA,NA,"Closer to Democratic","Independent | Closer to Democratic",1,21,"woman","Asian","GED","$60,001-$80,000",4,2,0,0,0,0,1,NA
"RM704bo","New York","Kings","Zohran Mamdani","Andrew Cuomo","Mayoral","New York City",1,1,0,0,5,2,3,4.5,2,4,4,5,"Yes","Zohran Mamdani",4,"No preference",NA,NA,"Neither","Independent | Neither",1,40,"man","Asian","4yearColl","$120,001-$140,000",7,4,0,1,0,0,0,NA
"RG209rz","New Jersey","Middlesex","Jack Ciattarelli","Mikie Sherill","Gubernatorial","New Jersey",1,1,0,0,7,2,6.5,1,7,1,6,1,"Yes","Jack Ciattarelli",4,"Independent",NA,NA,"Neither","Independent | Neither",1,36,"man","White","4yearColl","$20,001-$40,000",2,4,1,1,0,0,1,NA
"IN789tv","Minnesota","Hennepin","Jacob Frey","Omar Fateh","Mayoral","Minneapolis",NA,0,1,0,1,4,5,3,5,3,5,3,"Yes","Dewayne Davis",1,"Other party",NA,NA,"Closer to Democratic","Independent | Closer to Democratic",1,35,"woman","White","4yearColl","$40,001-$60,000",3,4,1,0,0,0,0,NA
"ZB985pc","New Jersey","Gloucester","Jack Ciattarelli","Mikie Sherill","Gubernatorial","New Jersey",1,1,0,0,6,2,5,3,6,2,4,4,"Not sure","Jack Ciattarelli",5,"Republican",NA,"Strong",NA,"Republican | Strong",1,32,"woman","White","MA","$60,001-$80,000",4,5,1,0,1,0,0,NA
"AL041ga","New Jersey","Hudson","Jack Ciattarelli","Mikie Sherill","Gubernatorial","New Jersey",NA,0,1,0,5,3,5.5,3,6,3,5,3,"No",NA,4,"Independent",NA,NA,"Neither","Independent | Neither",1,29,"woman","Asian","MA","$100,001-$120,000",6,5,0,0,0,0,1,NA
"CZ777vb","New Jersey","Cumberland","Jack Ciattarelli","Mikie Sherill","Gubernatorial","New Jersey",1,1,0,0,5,4,5.5,1,7,1,4,1,"Yes","Jack Ciattarelli",4,"Independent",NA,NA,"Neither","Independent | Neither",1,42,"woman","White","GED","$80,001-$100,000",5,2,1,0,0,0,1,NA
"VZ894wx","New York","Queens","Zohran Mamdani","Andrew Cuomo","Mayoral","New York City",0,0,0,1,5,2,1,3.5,1,3,1,4,"Yes","Andrew Cuomo",6,"Republican",NA,"Strong",NA,"Republican | Strong",1,39,"man","White","MA","Over $200,000",11,5,1,1,1,0,0,NA
"HB068vu","Washington","Kitsap","Bruce Harrell","Katie Wilson","Mayoral","Seattle",NA,0,1,0,1,7,6,1,5,1,7,1,"No",NA,1,"Democrat","Strong",NA,NA,"Democrat | Strong",1,40,"man","White","4yearColl","$180,001-$200,000",10,4,1,1,0,1,0,"No further comments."
"RQ975ka","New Jersey","Passaic","Jack Ciattarelli","Mikie Sherill","Gubernatorial","New Jersey",0,0,0,1,7,3,7,3.5,7,3,7,4,"Yes","Mikie Sherill",2,"Democrat","Strong",NA,NA,"Democrat | Strong",1,33,"man","multiracial","GED","$20,001-$40,000",2,2,0,1,0,1,0,NA
"CB997rn","New Jersey","Ocean","Jack Ciattarelli","Mikie Sherill","Gubernatorial","New Jersey",1,1,0,0,5,2,5.5,2,6,1,5,3,"Yes","Jack Ciattarelli",4,"Independent",NA,NA,"Closer to Republican","Independent | Closer to Republican",1,57,"man","White","4yearColl","$20,001-$40,000",2,4,1,1,0,0,1,NA
"UL920nq","New Jersey","Salem","Jack Ciattarelli","Mikie Sherill","Gubernatorial","New Jersey",1,1,0,0,4,5,5.5,1.5,5,1,6,2,"Yes","Jack Ciattarelli",5,"Republican",NA,"Not very strong",NA,"Republican | Not very strong",1,38,"man","White","4yearColl","$80,001-$100,000",5,4,1,1,1,0,0,NA
"WP610et","New Jersey","Sussex","Jack Ciattarelli","Mikie Sherill","Gubernatorial","New Jersey",1,1,0,0,2,5,7,1,7,1,7,1,"Yes","Jack Ciattarelli",7,"Republican",NA,"Strong",NA,"Republican | Strong",1,52,"woman","White","GED","$100,001-$120,000",6,2,1,0,1,0,0,NA
"GO668ju","Minnesota","Hennepin","Jacob Frey","Omar Fateh","Mayoral","Minneapolis",1,1,0,0,3,6,3,2,3,2,3,2,"Yes","Omar Fateh",2,"Democrat","Strong",NA,NA,"Democrat | Strong",1,45,"man","White","GED","$40,001-$60,000",3,2,1,1,0,1,0,NA
"UJ970im","New York","Bronx","Zohran Mamdani","Andrew Cuomo","Mayoral","New York City",1,1,0,0,6,4,1.5,4.5,1,3,2,6,"Not sure","Zohran Mamdani",1,"Independent",NA,NA,"Closer to Democratic","Independent | Closer to Democratic",1,48,"woman","White","GED","$80,001-$100,000",5,2,1,0,0,0,1,"Thank you"
"LT395th","New Jersey","Union","Jack Ciattarelli","Mikie Sherill","Gubernatorial","New Jersey",0,0,0,1,7,3,7,3,7,3,7,3,"Yes","Mikie Sherill",3,"Independent",NA,NA,"Closer to Democratic","Independent | Closer to Democratic",1,42,"man","White","4yearColl","$100,001-$120,000",6,4,1,1,0,0,1,NA
"SP742wp","New York","Kings","Zohran Mamdani","Andrew Cuomo","Mayoral","New York City",NA,0,1,0,2,6,1.5,5.5,1,6,2,5,"Yes","Curtis Sliwa",5,"Republican",NA,"Not very strong",NA,"Republican | Not very strong",1,49,"woman","White","MA","Over $200,000",11,5,1,0,1,0,0,NA
"BL293tk","Minnesota","Hennepin","Jacob Frey","Omar Fateh","Mayoral","Minneapolis",0,0,0,1,1,1,4,3.5,3,1,5,6,"No","Jacob Frey",1,"Democrat","Strong",NA,NA,"Democrat | Strong",1,26,"woman","Black or African American","4yearColl","$60,001-$80,000",4,4,0,0,0,1,0,NA
"OG269kw","New York","New York","Zohran Mamdani","Andrew Cuomo","Mayoral","New York City",NA,0,1,0,5,2,1,4,1,4,1,4,"Yes",NA,6,"Republican",NA,"Not very strong",NA,"Republican | Not very strong",1,25,"man","Black or African American","4yearColl","$120,001-$140,000",7,4,0,1,1,0,0,NA
"CT118eq","New Jersey","Mercer","Jack Ciattarelli","Mikie Sherill","Gubernatorial","New Jersey",0,0,0,1,6,2,6,2,6,2,6,2,"Yes","Mikie Sherill",2,"Democrat","Strong",NA,NA,"Democrat | Strong",1,28,"woman","White","2yearColl","$100,001-$120,000",6,3,1,0,0,1,0,NA
"YF547yz","New Jersey","Passaic","Jack Ciattarelli","Mikie Sherill","Gubernatorial","New Jersey",0,0,0,1,1,5,6.5,2.5,7,3,6,2,"Yes","Mikie Sherill",3,"Democrat","Strong",NA,NA,"Democrat | Strong",1,27,"woman","White","GED","$0-$20,000",1,2,1,0,0,1,0,NA
"ZF571lx","New York","New York","Zohran Mamdani","Andrew Cuomo","Mayoral","New York City",1,1,0,0,3,1,1.5,5,1,4,2,6,"Yes","Zohran Mamdani",1,"Democrat","Strong",NA,NA,"Democrat | Strong",1,23,"woman","White","4yearColl","$40,001-$60,000",3,4,1,0,0,1,0,NA
"VF847at","New York","New York","Zohran Mamdani","Andrew Cuomo","Mayoral","New York City",NA,0,1,0,6,6,6,6,6,6,6,6,"Yes","Curtis Sliwa",2,"Democrat","Strong",NA,NA,"Democrat | Strong",1,28,"woman","Black or African American","MA","$100,001-$120,000",6,5,0,0,0,1,0,NA
"ZD365wd","New Jersey","Atlantic","Jack Ciattarelli","Mikie Sherill","Gubernatorial","New Jersey",0,0,0,1,5,5,7,1,7,1,7,1,"Yes","Mikie Sherill",3,"Democrat","Not very strong",NA,NA,"Democrat | Not very strong",1,56,"woman","White","4yearColl","$80,001-$100,000",5,4,1,0,0,1,0,NA
"ZL290qs","New Jersey","Middlesex","Jack Ciattarelli","Mikie Sherill","Gubernatorial","New Jersey",1,1,0,0,6,3,4.5,5.5,6,6,3,5,"Yes","Jack Ciattarelli",6,"Republican",NA,"Strong",NA,"Republican | Strong",1,20,"woman","White","GED","$180,001-$200,000",10,2,1,0,1,0,0,NA
"EB724uj","New York","Kings","Zohran Mamdani","Andrew Cuomo","Mayoral","New York City",1,1,0,0,5,3,3,3.5,4,2,2,5,"Yes","Zohran Mamdani",3,"Independent",NA,NA,"Neither","Independent | Neither",1,37,"man","Hispanic, Latino, or Spanish origin","4yearColl","$60,001-$80,000",4,4,0,1,0,0,1,"none"
"HY120jk","New Jersey","Middlesex","Jack Ciattarelli","Mikie Sherill","Gubernatorial","New Jersey",NA,0,1,0,4,4,4,4,4,4,4,4,"No",NA,2,"No preference",NA,NA,"Closer to Democratic","Independent | Closer to Democratic",1,35,"woman","Black or African American","GED","$60,001-$80,000",4,2,0,0,0,0,0,NA
"RP022nz","New Jersey","Somerset","Jack Ciattarelli","Mikie Sherill","Gubernatorial","New Jersey",1,1,0,0,3,6,5,2,5,2,5,2,"Yes","Jack Ciattarelli",6,"Republican",NA,"Strong",NA,"Republican | Strong",1,40,"woman","White","MA","$100,001-$120,000",6,5,1,0,1,0,0,NA
"WB723rp","New Jersey","Essex","Jack Ciattarelli","Mikie Sherill","Gubernatorial","New Jersey",0,0,0,1,7,2,7,2,7,2,7,2,"Yes","Mikie Sherill",2,"Democrat","Strong",NA,NA,"Democrat | Strong",1,39,"woman","Black or African American","4yearColl","$80,001-$100,000",5,4,0,0,0,1,0,NA
"UE054ci","New York","Kings","Zohran Mamdani","Andrew Cuomo","Mayoral","New York City",1,1,0,0,7,1,1,7,1,7,1,7,"Yes","Zohran Mamdani",1,"Democrat","Strong",NA,NA,"Democrat | Strong",1,42,"man","White","4yearColl","Over $200,000",11,4,1,1,0,1,0,NA
"XA510tj","New Jersey","Atlantic","Jack Ciattarelli","Mikie Sherill","Gubernatorial","New Jersey",0,0,0,1,6,2,6.5,3,7,3,6,3,"Yes","Mikie Sherill",1,"Democrat","Not very strong",NA,NA,"Democrat | Not very strong",1,26,"man","White","GED","$80,001-$100,000",5,2,1,1,0,1,0,NA
"YU461je","New Jersey","Mercer","Jack Ciattarelli","Mikie Sherill","Gubernatorial","New Jersey",NA,0,1,0,5,3,5.5,3,5,2,6,4,"Not sure",NA,5,"Independent",NA,NA,"Closer to Republican","Independent | Closer to Republican",1,52,"man","Black or African American","4yearColl","$60,001-$80,000",4,4,0,1,0,0,1,"Just my ID - CFD8B9CEF458441AA2C895A6EBB20C1C"
"FE713pg","New York","New York","Zohran Mamdani","Andrew Cuomo","Mayoral","New York City",1,1,0,0,7,3,1.5,5,1,5,2,5,"No","Zohran Mamdani",2,"Democrat","Strong",NA,NA,"Democrat | Strong",1,24,"woman","White","4yearColl","Over $200,000",11,4,1,0,0,1,0,NA
"ZV920br","Minnesota","Hennepin","Jacob Frey","Omar Fateh","Mayoral","Minneapolis",0,0,0,1,4,5,3.5,3,3,2,4,4,"Yes","Jacob Frey",1,"Democrat","Strong",NA,NA,"Democrat | Strong",1,38,"woman","White","2yearColl","$20,001-$40,000",2,3,1,0,0,1,0,NA
"PC501vy","New Jersey","Monmouth","Jack Ciattarelli","Mikie Sherill","Gubernatorial","New Jersey",0,0,0,1,2,7,7,1,7,1,7,1,"Yes","Mikie Sherill",3,"Democrat","Not very strong",NA,NA,"Democrat | Not very strong",1,72,"woman","Black or African American","2yearColl","$60,001-$80,000",4,3,0,0,0,1,0,NA
"BD590ph","New Jersey","Morris","Jack Ciattarelli","Mikie Sherill","Gubernatorial","New Jersey",0,0,0,1,6,4,6.5,3,7,2,6,4,"Yes","Mikie Sherill",2,"Democrat","Strong",NA,NA,"Democrat | Strong",1,65,"man","White","GED","$20,001-$40,000",2,2,1,1,0,1,0,NA
"EZ214sr","New Jersey","Monmouth","Jack Ciattarelli","Mikie Sherill","Gubernatorial","New Jersey",0,0,0,1,7,3,5.5,2.5,7,1,4,4,"Yes","Mikie Sherill",5,"Republican",NA,"Not very strong",NA,"Republican | Not very strong",1,60,"woman","White","4yearColl","Over $200,000",11,4,1,0,1,0,0,NA
"IU148nz","New York","Kings","Zohran Mamdani","Andrew Cuomo","Mayoral","New York City",1,1,0,0,6,1,1,5.5,1,5,1,6,"Yes","Zohran Mamdani",2,"Democrat","Not very strong",NA,NA,"Democrat | Not very strong",1,61,"man","White","2yearColl","$40,001-$60,000",3,3,1,1,0,1,0,NA
"KF045az","New Jersey","Bergen","Jack Ciattarelli","Mikie Sherill","Gubernatorial","New Jersey",1,1,0,0,5,2,6,1.5,6,1,6,2,"Yes","Jack Ciattarelli",6,"Republican",NA,"Strong",NA,"Republican | Strong",1,39,"woman","Black or African American","4yearColl","$40,001-$60,000",3,4,0,0,1,0,0,NA
"CU770rf","New Jersey","Ocean","Jack Ciattarelli","Mikie Sherill","Gubernatorial","New Jersey",1,1,0,0,3,4,6.5,2,6,2,7,2,"Yes","Jack Ciattarelli",5,"Independent",NA,NA,"Closer to Republican","Independent | Closer to Republican",1,37,"man","White","4yearColl","$140,001-$160,000",8,4,1,1,0,0,1,NA
"YR698ya","New Jersey","Bergen","Jack Ciattarelli","Mikie Sherill","Gubernatorial","New Jersey",0,0,0,1,4,2,6,1.5,6,2,6,1,"Yes","Mikie Sherill",3,"Democrat","Not very strong",NA,NA,"Democrat | Not very strong",1,40,"woman","Black or African American","4yearColl","$100,001-$120,000",6,4,0,0,0,1,0,NA
"DM718su","New York","New York","Zohran Mamdani","Andrew Cuomo","Mayoral","New York City",1,1,0,0,3,5,3.5,4.5,3,5,4,4,"No","Zohran Mamdani",2,"Democrat","Strong",NA,NA,"Democrat | Strong",1,21,"woman","Asian","GED","$20,001-$40,000",2,2,0,0,0,1,0,NA
"OI466tw","New York","Kings","Zohran Mamdani","Andrew Cuomo","Mayoral","New York City",1,1,0,0,4,3,4,4.5,3,5,5,4,"Yes","Zohran Mamdani",2,"Democrat","Not very strong",NA,NA,"Democrat | Not very strong",1,24,"woman","White","4yearColl","$100,001-$120,000",6,4,1,0,0,1,0,NA
"OU774or","New Jersey","Burlington","Jack Ciattarelli","Mikie Sherill","Gubernatorial","New Jersey",NA,0,1,0,4,4,4,4,4,4,4,4,"No",NA,4,"Independent",NA,NA,"Neither","Independent | Neither",1,29,"woman","White","4yearColl","$160,001-$180,000",9,4,1,0,0,0,1,NA
"AT687ux","Minnesota","Hennepin","Jacob Frey","Omar Fateh","Mayoral","Minneapolis",NA,0,1,0,7,7,1,1,1,1,1,1,"Yes","Whoever is the Republican",7,"Republican",NA,"Strong",NA,"Republican | Strong",1,43,"man","White","4yearColl","$20,001-$40,000",2,4,1,1,1,0,0,NA
"BA526ts","New Jersey","Middlesex","Jack Ciattarelli","Mikie Sherill","Gubernatorial","New Jersey",0,0,0,1,7,3,7,3.5,7,4,7,3,"Yes","Mikie Sherill",4,"No preference",NA,NA,"Neither","Independent | Neither",1,24,"man","Hispanic, Latino, or Spanish origin","2yearColl","$60,001-$80,000",4,3,0,1,0,0,0,NA
"FH477br","New Jersey","Monmouth","Jack Ciattarelli","Mikie Sherill","Gubernatorial","New Jersey",1,1,0,0,3,3,5,2.5,5,2,5,3,"Yes","Jack Ciattarelli",4,"Independent",NA,NA,"Neither","Independent | Neither",1,53,"woman","White","4yearColl","Over $200,000",11,4,1,0,0,0,1,NA
"GO628ao","New Jersey","Hunterdon","Jack Ciattarelli","Mikie Sherill","Gubernatorial","New Jersey",1,1,0,0,5,1,5.5,2,6,1,5,3,"Yes","Jack Ciattarelli",6,"Republican",NA,"Not very strong",NA,"Republican | Not very strong",1,49,"man","White","GED","$80,001-$100,000",5,2,1,1,1,0,0,"Not a robot."
"OU253hc","Washington","Snohomish","Bruce Harrell","Katie Wilson","Mayoral","Seattle",NA,0,1,0,2,5,4.5,2,4,1,5,3,"No",NA,3,"Democrat","Not very strong",NA,NA,"Democrat | Not very strong",1,19,"woman","White","GED","$120,001-$140,000",7,2,1,0,0,1,0,NA
"FC930os","New Jersey","Morris","Jack Ciattarelli","Mikie Sherill","Gubernatorial","New Jersey",0,0,0,1,6,2,5.5,1.5,6,1,5,2,"Yes","Mikie Sherill",2,"Democrat","Strong",NA,NA,"Democrat | Strong",1,48,"man","multiracial","2yearColl","$60,001-$80,000",4,3,0,1,0,1,0,"Important election coming to our state. Hoping Sherrill can pull it off. Looks like it’s going to be tight. Thanks for the study on this topic!"
"AS270uu","New Jersey","Hunterdon","Jack Ciattarelli","Mikie Sherill","Gubernatorial","New Jersey",1,1,0,0,2,6,7,2,7,2,7,2,"Yes","Jack Ciattarelli",6,"Republican",NA,"Strong",NA,"Republican | Strong",1,52,"woman","White","GED","Over $200,000",11,2,1,0,1,0,0,NA
"AL317ec","New Jersey","Hudson","Jack Ciattarelli","Mikie Sherill","Gubernatorial","New Jersey",0,0,0,1,5,1,6,2.5,6,3,6,2,"Not sure","Mikie Sherill",4,"Independent",NA,NA,"Closer to Republican","Independent | Closer to Republican",1,27,"man","White","4yearColl",NA,NA,4,1,1,0,0,1,NA
"OI279zu","New Jersey","Sussex","Jack Ciattarelli","Mikie Sherill","Gubernatorial","New Jersey",0,0,0,1,7,2,7,2.5,7,2,7,3,"Yes","Mikie Sherill",2,"Democrat","Strong",NA,NA,"Democrat | Strong",1,46,"man","White","4yearColl","$120,001-$140,000",7,4,1,1,0,1,0,NA
"PY141yg","New York","New York","Zohran Mamdani","Andrew Cuomo","Mayoral","New York City",0,0,0,1,7,4,1,6,1,5,1,7,"Yes","Andrew Cuomo",6,"Republican",NA,"Strong",NA,"Republican | Strong",1,21,"man","White","GED","Over $200,000",11,2,1,1,1,0,0,NA
"SL906yr","Washington","King","Bruce Harrell","Katie Wilson","Mayoral","Seattle",0,0,0,1,3,5,3,1.5,3,1,3,2,"Yes","Bruce Harrell",3,"Democrat","Strong",NA,NA,"Democrat | Strong",1,60,"woman","Black or African American","2yearColl","$20,001-$40,000",2,3,0,0,0,1,0,NA
"CI108xp","Minnesota","Hennepin","Jacob Frey","Omar Fateh","Mayoral","Minneapolis",0,0,0,1,3,6,3,2,3,2,3,2,"No","Jacob Frey",3,"Independent",NA,NA,"Closer to Democratic","Independent | Closer to Democratic",1,37,"woman","White","4yearColl","$40,001-$60,000",3,4,1,0,0,0,1,NA
"MT627ay","Washington","King","Bruce Harrell","Katie Wilson","Mayoral","Seattle",1,1,0,0,6,3,1,6.5,1,7,1,6,"No","Katie Wilson",5,"Republican",NA,"Not very strong",NA,"Republican | Not very strong",1,54,"man","White","GED","$0-$20,000",1,2,1,1,1,0,0,NA
"PR299ud","New Jersey","Union","Jack Ciattarelli","Mikie Sherill","Gubernatorial","New Jersey",NA,0,1,0,1,2,5,2.5,5,2,5,3,"No",NA,3,"No preference",NA,NA,"Neither","Independent | Neither",1,27,"man","White","GED","$0-$20,000",1,2,1,1,0,0,0,NA
"UK107hv","New York","New York","Zohran Mamdani","Andrew Cuomo","Mayoral","New York City",NA,0,1,0,6,3,2,5.5,2,5,2,6,"Yes","Curtis Sliwa",4,"Independent",NA,NA,"Closer to Democratic","Independent | Closer to Democratic",1,49,"man","Black or African American","2yearColl","$0-$20,000",1,3,0,1,0,0,1,"None"
"DS032fn","Minnesota","Hennepin","Jacob Frey","Omar Fateh","Mayoral","Minneapolis",1,1,0,0,2,6,7,1,7,1,7,1,"Yes","Omar Fateh",1,"No preference",NA,NA,"Neither","Independent | Neither",1,25,NA,"White","MA","$60,001-$80,000",4,5,1,NA,0,0,0,NA
"OT834zd","New Jersey","Middlesex","Jack Ciattarelli","Mikie Sherill","Gubernatorial","New Jersey",0,0,0,1,5,6,3,3,1,2,5,4,"Yes","Mikie Sherill",3,"Democrat","Strong",NA,NA,"Democrat | Strong",1,30,"woman","Asian","4yearColl","Over $200,000",11,4,0,0,0,1,0,NA
"KK812xu","Minnesota","Hennepin","Jacob Frey","Omar Fateh","Mayoral","Minneapolis",0,0,0,1,1,6,3,1.5,2,2,4,1,"Yes","Jacob Frey",2,"Democrat","Strong",NA,NA,"Democrat | Strong",1,23,"man","White","4yearColl","$80,001-$100,000",5,4,1,1,0,1,0,NA
"QJ013je","Washington","King","Bruce Harrell","Katie Wilson","Mayoral","Seattle",1,1,0,0,3,4,4,3,4,2,4,4,"Not sure","Katie Wilson",4,"Democrat","Not very strong",NA,NA,"Democrat | Not very strong",1,38,"woman","Asian","4yearColl","$20,001-$40,000",2,4,0,0,0,1,0,NA
"VA491lr","New Jersey","Camden","Jack Ciattarelli","Mikie Sherill","Gubernatorial","New Jersey",NA,0,1,0,5,3,5,3,5,3,5,3,"Not sure",NA,4,"Independent",NA,NA,"Neither","Independent | Neither",1,44,"man","White","GED","$60,001-$80,000",4,2,1,1,0,0,1,"I wish we weren't trapped in a 2 party system."
"SC248hp","New Jersey","Monmouth","Jack Ciattarelli","Mikie Sherill","Gubernatorial","New Jersey",0,0,0,1,6,4,6.5,3,7,3,6,3,"Yes","Mikie Sherill",1,"Democrat","Not very strong",NA,NA,"Democrat | Not very strong",1,30,"woman","Black or African American","MA","$40,001-$60,000",3,5,0,0,0,1,0,NA
"PW238qy","New Jersey","Union","Jack Ciattarelli","Mikie Sherill","Gubernatorial","New Jersey",1,1,0,0,3,3,5.5,3,6,3,5,3,"Yes","Jack Ciattarelli",4,"Independent",NA,NA,"Closer to Democratic","Independent | Closer to Democratic",1,37,"man","White","4yearColl","Over $200,000",11,4,1,1,0,0,1,NA
"LU504ga","Minnesota","Hennepin","Jacob Frey","Omar Fateh","Mayoral","Minneapolis",NA,0,1,0,2,5,2.5,2.5,1,1,4,4,"Yes",NA,1,"Democrat","Strong",NA,NA,"Democrat | Strong",1,68,"woman","White","4yearColl","$140,001-$160,000",8,4,1,0,0,1,0,NA
"UX515yh","New York","Kings","Zohran Mamdani","Andrew Cuomo","Mayoral","New York City",1,1,0,0,7,1,4,4,1,7,7,1,"No","Zohran Mamdani",2,"Democrat","Strong",NA,NA,"Democrat | Strong",1,28,"man","Asian","4yearColl","$80,001-$100,000",5,4,0,1,0,1,0,NA
"FH343mk","New Jersey","Bergen","Jack Ciattarelli","Mikie Sherill","Gubernatorial","New Jersey",0,0,0,1,1,4,7,1,7,1,7,1,"No","Mikie Sherill",3,"Democrat","Not very strong",NA,NA,"Democrat | Not very strong",1,29,"woman","White","GED","$40,001-$60,000",3,2,1,0,0,1,0,NA
"RK639xc","New York","Kings","Zohran Mamdani","Andrew Cuomo","Mayoral","New York City",1,1,0,0,5,1,1,5.5,1,7,1,4,"Yes","Zohran Mamdani",1,"Democrat","Strong",NA,NA,"Democrat | Strong",1,18,"man","White","GED","$20,001-$40,000",2,2,1,1,0,1,0,NA
"BJ640vb","New Jersey","Ocean","Jack Ciattarelli","Mikie Sherill","Gubernatorial","New Jersey",0,0,0,1,7,4,6.5,2.5,6,2,7,3,"Yes","Mikie Sherill",4,"Independent",NA,NA,"Closer to Democratic","Independent | Closer to Democratic",1,33,"woman","White","PHD","Over $200,000",11,6,1,0,0,0,1,NA
"HP077wt","Minnesota","Hennepin","Jacob Frey","Omar Fateh","Mayoral","Minneapolis",0,0,0,1,1,7,5,1,5,1,5,1,"Yes","Jacob Frey",5,"Republican",NA,"Not very strong",NA,"Republican | Not very strong",1,20,"man","White","GED","$120,001-$140,000",7,2,1,1,1,0,0,NA
"GJ359zo","New Jersey","Morris","Jack Ciattarelli","Mikie Sherill","Gubernatorial","New Jersey",1,1,0,0,3,1,5.5,1.5,5,1,6,2,"Yes","Jack Ciattarelli",4,"Independent",NA,NA,"Closer to Republican","Independent | Closer to Republican",1,26,"man","Asian","4yearColl","$60,001-$80,000",4,4,0,1,0,0,1,NA
"KS945ce","New York","New York","Zohran Mamdani","Andrew Cuomo","Mayoral","New York City",0,0,0,1,5,4,4,5.5,4,5,4,6,"Not sure","Andrew Cuomo",4,"Independent",NA,NA,"Closer to Republican","Independent | Closer to Republican",1,60,"man","Black or African American","4yearColl","$40,001-$60,000",3,4,0,1,0,0,1,NA
"JI916ft","New York","Kings","Zohran Mamdani","Andrew Cuomo","Mayoral","New York City",0,0,0,1,7,2,1,2.5,1,2,1,3,"Yes","Andrew Cuomo",6,"Republican",NA,"Strong",NA,"Republican | Strong",1,32,"woman","White","GED","Over $200,000",11,2,1,0,1,0,0,"Despite opposing Cuomo (my primary vote was for Adams), I believe he will do less damage than Mamdani, thus I intend to vote for him. I dont think Sliwa has a chance of winning, so while I prefer his policies, I unfortunately think that voting for him is useless"
"WV090vm","New Jersey","Ocean","Jack Ciattarelli","Mikie Sherill","Gubernatorial","New Jersey",1,1,0,0,5,1,6,1,5,1,7,1,"Yes","Jack Ciattarelli",5,"Independent",NA,NA,"Closer to Republican","Independent | Closer to Republican",1,33,"woman","multiracial","4yearColl","$40,001-$60,000",3,4,0,0,0,0,1,NA
"VU099kx","New Jersey","Hudson","Jack Ciattarelli","Mikie Sherill","Gubernatorial","New Jersey",0,0,0,1,4,4,5,3.5,6,3,4,4,"Yes","Mikie Sherill",2,"Democrat","Strong",NA,NA,"Democrat | Strong",1,21,"man","Hispanic, Latino, or Spanish origin","GED","$40,001-$60,000",3,2,0,1,0,1,0,NA
"CF309up","Minnesota","Hennepin","Jacob Frey","Omar Fateh","Mayoral","Minneapolis",NA,0,1,0,4,4,4,4,4,4,4,4,"Not sure",NA,1,"Democrat","Strong",NA,NA,"Democrat | Strong",0,25,"man","White","GED","$60,001-$80,000",4,2,1,1,0,1,0,"I cant tell if the attention check is meant to check bots because its so small that a human can barely read it"
"CA369uu","New Jersey","Essex","Jack Ciattarelli","Mikie Sherill","Gubernatorial","New Jersey",0,0,0,1,7,2,5,3.5,7,3,3,4,"Yes","Mikie Sherill",1,"Independent",NA,NA,"Closer to Democratic","Independent | Closer to Democratic",1,33,NA,"multiracial","GED","$0-$20,000",1,2,0,NA,0,0,1,NA
"UL197vf","New Jersey","Bergen","Jack Ciattarelli","Mikie Sherill","Gubernatorial","New Jersey",0,0,0,1,4,3,6.5,4.5,6,3,7,6,"Yes","Mikie Sherill",1,"Democrat","Not very strong",NA,NA,"Democrat | Not very strong",1,48,"man","Asian","4yearColl","$120,001-$140,000",7,4,0,1,0,1,0,NA
"FT503gv","New Jersey","Somerset","Jack Ciattarelli","Mikie Sherill","Gubernatorial","New Jersey",1,1,0,0,4,1,6,1,5,1,7,1,"Yes","Jack Ciattarelli",5,"Republican",NA,"Not very strong",NA,"Republican | Not very strong",1,52,"woman","White","4yearColl","Over $200,000",11,4,1,0,1,0,0,"Mikie Sherrill is a cheat and a liar."
"VC029bd","Minnesota","Hennepin","Jacob Frey","Omar Fateh","Mayoral","Minneapolis",0,0,0,1,5,7,6.5,1,6,1,7,1,"No","Jacob Frey",6,"Republican",NA,"Strong",NA,"Republican | Strong",1,55,"woman","White","2yearColl","Over $200,000",11,3,1,0,1,0,0,NA
"RX126wb","New York","Bronx","Zohran Mamdani","Andrew Cuomo","Mayoral","New York City",1,1,0,0,5,2,1.5,5.5,1,5,2,6,"Yes","Zohran Mamdani",1,"Democrat","Not very strong",NA,NA,"Democrat | Not very strong",1,34,"man","Hispanic, Latino, or Spanish origin","GED","$0-$20,000",1,2,0,1,0,1,0,NA
"UL000et","New York","Queens","Zohran Mamdani","Andrew Cuomo","Mayoral","New York City",NA,0,1,0,4,2,2,7,2,7,2,7,"Yes",NA,1,"Democrat","Strong",NA,NA,"Democrat | Strong",1,27,"woman","Asian","MA","$0-$20,000",1,5,0,0,0,1,0,NA
"LX985kj","New Jersey","Essex","Jack Ciattarelli","Mikie Sherill","Gubernatorial","New Jersey",0,0,0,1,1,7,7,1,7,1,7,1,"Yes","Mikie Sherill",2,"Democrat","Strong",NA,NA,"Democrat | Strong",1,56,"woman","Black or African American","GED","$20,001-$40,000",2,2,0,0,0,1,0,NA
"UD194ks","New Jersey","Somerset","Jack Ciattarelli","Mikie Sherill","Gubernatorial","New Jersey",NA,0,1,0,1,7,7,1,7,1,7,1,"Not sure",NA,4,"Independent",NA,NA,"Closer to Democratic","Independent | Closer to Democratic",1,30,"man","Black or African American","GED","$0-$20,000",1,2,0,1,0,0,1,NA
"IK532pk","New Jersey","Monmouth","Jack Ciattarelli","Mikie Sherill","Gubernatorial","New Jersey",0,0,0,1,7,5,7,2.5,7,2,7,3,"Yes","Mikie Sherill",1,"Democrat","Strong",NA,NA,"Democrat | Strong",1,44,"man","White","PHD","$80,001-$100,000",5,6,1,1,0,1,0,"None"
"IU634fg","New York","Kings","Zohran Mamdani","Andrew Cuomo","Mayoral","New York City",1,1,0,0,6,1,4,4.5,2,7,6,2,"Yes","Zohran Mamdani",2,"Democrat","Not very strong",NA,NA,"Democrat | Not very strong",1,27,"woman","Black or African American","2yearColl","$60,001-$80,000",4,3,0,0,0,1,0,NA
"XD995nj","New Jersey","Sussex","Jack Ciattarelli","Mikie Sherill","Gubernatorial","New Jersey",0,0,0,1,6,3,6.5,1.5,6,2,7,1,"Yes","Mikie Sherill",5,"Republican",NA,"Not very strong",NA,"Republican | Not very strong",1,55,"woman","White","MA","$120,001-$140,000",7,5,1,0,1,0,0,"I usually vote Republican, but as a teacher with a pension I have to go with the Democrat on this one."
"VV342jl","New Jersey","Burlington","Jack Ciattarelli","Mikie Sherill","Gubernatorial","New Jersey",NA,0,1,0,7,4,7,1,7,1,7,1,"No",NA,1,"Democrat","Strong",NA,NA,"Democrat | Strong",1,34,"woman","Black or African American","GED","$80,001-$100,000",5,2,0,0,0,1,0,NA
"LT463zo","New Jersey","Sussex","Jack Ciattarelli","Mikie Sherill","Gubernatorial","New Jersey",0,0,0,1,7,2,7,2.5,7,2,7,3,"Yes","Mikie Sherill",1,"Democrat","Strong",NA,NA,"Democrat | Strong",1,40,"woman","White","2yearColl","$60,001-$80,000",4,3,1,0,0,1,0,NA
"SZ601kh","Washington","King","Bruce Harrell","Katie Wilson","Mayoral","Seattle",1,1,0,0,3,5,4,2.5,4,3,4,2,"Yes","Katie Wilson",2,"Independent",NA,NA,"Closer to Democratic","Independent | Closer to Democratic",1,46,"man","multiracial","2yearColl","$0-$20,000",1,3,0,1,0,0,1,NA
"FI062qj","New York","Kings","Zohran Mamdani","Andrew Cuomo","Mayoral","New York City",1,1,0,0,5,2,1.5,5,1,4,2,6,"Yes","Zohran Mamdani",3,"Democrat","Strong",NA,NA,"Democrat | Strong",1,37,"woman","White","4yearColl","$80,001-$100,000",5,4,1,0,0,1,0,NA
"ZZ142ue","New Jersey","Hudson","Jack Ciattarelli","Mikie Sherill","Gubernatorial","New Jersey",0,0,0,1,2,5,5,3,7,2,3,4,"Yes","Mikie Sherill",2,"Democrat","Strong",NA,NA,"Democrat | Strong",1,37,"woman","White","4yearColl","$100,001-$120,000",6,4,1,0,0,1,0,NA
"KK181ci","New York","Kings","Zohran Mamdani","Andrew Cuomo","Mayoral","New York City",1,1,0,0,5,3,3.5,4.5,2,6,5,3,"Yes","Zohran Mamdani",3,"Democrat","Not very strong",NA,NA,"Democrat | Not very strong",1,31,"man","Asian","GED","$20,001-$40,000",2,2,0,1,0,1,0,NA
"DB378uh","New Jersey","Camden","Jack Ciattarelli","Mikie Sherill","Gubernatorial","New Jersey",NA,0,1,0,4,4,4,4,4,4,4,4,"Yes",NA,2,"Democrat","Not very strong",NA,NA,"Democrat | Not very strong",1,36,"woman","White","4yearColl","$80,001-$100,000",5,4,1,0,0,1,0,NA
"GP154po","New York","Queens","Zohran Mamdani","Andrew Cuomo","Mayoral","New York City",1,1,0,0,4,3,3,4.5,3,4,3,5,"Yes","Zohran Mamdani",3,"Democrat","Not very strong",NA,NA,"Democrat | Not very strong",1,28,"man","Asian","GED","$60,001-$80,000",4,2,0,1,0,1,0,NA
"UQ011yl","Minnesota","Hennepin","Jacob Frey","Omar Fateh","Mayoral","Minneapolis",1,1,0,0,1,5,5.5,1,6,1,5,1,"No","Omar Fateh",1,"Democrat","Strong",NA,NA,"Democrat | Strong",1,30,"woman","White","MA","$40,001-$60,000",3,5,1,0,0,1,0,NA
"GW062dp","New Jersey","Middlesex","Jack Ciattarelli","Mikie Sherill","Gubernatorial","New Jersey",NA,0,1,0,6,1,7,4,7,3,7,5,"Yes","ACP Candidate",1,"Other party",NA,NA,"Closer to Democratic","Independent | Closer to Democratic",1,46,"man","White","4yearColl","$20,001-$40,000",2,4,1,1,0,0,0,NA
"KI356hm","New Jersey","Somerset","Jack Ciattarelli","Mikie Sherill","Gubernatorial","New Jersey",0,0,0,1,7,1,6.5,3,6,3,7,3,"Yes","Mikie Sherill",3,"Independent",NA,NA,"Closer to Democratic","Independent | Closer to Democratic",1,29,"man","White","4yearColl","$80,001-$100,000",5,4,1,1,0,0,1,NA
"VM754yu","New Jersey","Monmouth","Jack Ciattarelli","Mikie Sherill","Gubernatorial","New Jersey",1,1,0,0,1,1,5.5,2.5,7,1,4,4,"Yes","Jack Ciattarelli",5,"Republican",NA,"Not very strong",NA,"Republican | Not very strong",1,33,"man","White","2yearColl","$40,001-$60,000",3,3,1,1,1,0,0,NA
"XJ915eq","New Jersey","Passaic","Jack Ciattarelli","Mikie Sherill","Gubernatorial","New Jersey",0,0,0,1,7,3,5.5,1.5,7,1,4,2,"Yes","Mikie Sherill",2,"Independent",NA,NA,"Closer to Democratic","Independent | Closer to Democratic",1,29,"man","Hispanic, Latino, or Spanish origin","4yearColl","$60,001-$80,000",4,4,0,1,0,0,1,NA
"MV356tt","Washington","King","Bruce Harrell","Katie Wilson","Mayoral","Seattle",1,1,0,0,1,2,4,3,3,2,5,4,"Yes","Katie Wilson",1,"Independent",NA,NA,"Closer to Democratic","Independent | Closer to Democratic",1,20,"man","Hispanic, Latino, or Spanish origin","GED","Over $200,000",11,2,0,1,0,0,1,NA
"IA859wi","New Jersey","Hudson","Jack Ciattarelli","Mikie Sherill","Gubernatorial","New Jersey",0,0,0,1,2,5,4.5,1,4,1,5,1,"Yes","Mikie Sherill",2,"Independent",NA,NA,"Closer to Democratic","Independent | Closer to Democratic",1,53,"woman","Black or African American","GED","$180,001-$200,000",10,2,0,0,0,0,1,NA
"CU720vh","New Jersey","Ocean","Jack Ciattarelli","Mikie Sherill","Gubernatorial","New Jersey",1,1,0,0,7,1,6,1,6,1,6,1,"Yes","Jack Ciattarelli",6,"Independent",NA,NA,"Closer to Republican","Independent | Closer to Republican",1,29,"man","multiracial","MA","$40,001-$60,000",3,5,0,1,0,0,1,NA
"LV599av","New York","Queens","Zohran Mamdani","Andrew Cuomo","Mayoral","New York City",1,1,0,0,6,1,4,4.5,1,4,7,5,"Yes","Zohran Mamdani",1,"Democrat","Strong",NA,NA,"Democrat | Strong",1,39,"man","multiracial","4yearColl","$120,001-$140,000",7,4,0,1,0,1,0,NA
"NU235ev","New Jersey","Mercer","Jack Ciattarelli","Mikie Sherill","Gubernatorial","New Jersey",1,1,0,0,3,6,5.5,3,5,3,6,3,"Yes","Jack Ciattarelli",5,"Independent",NA,NA,"Neither","Independent | Neither",1,56,"woman","White","MA","$0-$20,000",1,5,1,0,0,0,1,NA
"FR247kv","New York","Queens","Zohran Mamdani","Andrew Cuomo","Mayoral","New York City",NA,0,1,0,7,1,4,2.5,1,3,7,2,"Yes",NA,2,"Democrat","Not very strong",NA,NA,"Democrat | Not very strong",1,24,"woman","Asian","4yearColl","$0-$20,000",1,4,0,0,0,1,0,NA
"VS228hs","Washington","King","Bruce Harrell","Katie Wilson","Mayoral","Seattle",1,1,0,0,1,2,4,2.5,3,2,5,3,"Yes","Katie Wilson",2,"Democrat","Strong",NA,NA,"Democrat | Strong",1,40,"man","multiracial","MA","$160,001-$180,000",9,5,0,1,0,1,0,NA
"XI547ta","New York","New York","Zohran Mamdani","Andrew Cuomo","Mayoral","New York City",1,1,0,0,6,2,2,6,1,6,3,6,"Yes","Zohran Mamdani",4,"Independent",NA,NA,"Neither","Independent | Neither",1,32,"man","Middle Eastern or North African","PHD","Over $200,000",11,6,0,1,0,0,1,NA
"XS931ns","New Jersey","Monmouth","Jack Ciattarelli","Mikie Sherill","Gubernatorial","New Jersey",1,1,0,0,5,1,5,1,6,1,4,1,"Yes","Jack Ciattarelli",5,"Republican",NA,"Not very strong",NA,"Republican | Not very strong",1,49,"woman","White","GED","$140,001-$160,000",8,2,1,0,1,0,0,NA
"AF300oy","New Jersey","Warren","Jack Ciattarelli","Mikie Sherill","Gubernatorial","New Jersey",0,0,0,1,7,3,4,5,7,3,1,7,"Yes","Mikie Sherill",3,"Democrat","Not very strong",NA,NA,"Democrat | Not very strong",1,33,"woman","White","4yearColl","$40,001-$60,000",3,4,1,0,0,1,0,NA
"KO443rg","New Jersey","Ocean","Jack Ciattarelli","Mikie Sherill","Gubernatorial","New Jersey",0,0,0,1,7,3,5,3.5,7,3,3,4,"Yes","Mikie Sherill",6,"Democrat","Not very strong",NA,NA,"Democrat | Not very strong",1,41,"woman","White","GED","$0-$20,000",1,2,1,0,0,1,0,NA
"AM746zg","Minnesota","Hennepin","Jacob Frey","Omar Fateh","Mayoral","Minneapolis",NA,0,1,0,1,4,4.5,3,4,3,5,3,"No",NA,1,"Independent",NA,NA,"Closer to Democratic","Independent | Closer to Democratic",1,24,"woman","Black or African American","4yearColl","$20,001-$40,000",2,4,0,0,0,0,1,NA
"IJ280zr","New York","Kings","Zohran Mamdani","Andrew Cuomo","Mayoral","New York City",NA,0,1,0,3,4,3,4.5,1,5,5,4,"Not sure",NA,4,"Independent",NA,NA,"Neither","Independent | Neither",1,21,"woman","White","GED","$160,001-$180,000",9,2,1,0,0,0,1,NA
"AI503fg","New Jersey","Bergen","Jack Ciattarelli","Mikie Sherill","Gubernatorial","New Jersey",0,0,0,1,6,3,6.5,2.5,6,3,7,2,"Yes","Mikie Sherill",2,"Independent",NA,NA,"Neither","Independent | Neither",1,61,"woman","White","2yearColl","$160,001-$180,000",9,3,1,0,0,0,1,NA
"WV487cj","New York","Bronx","Zohran Mamdani","Andrew Cuomo","Mayoral","New York City",1,1,0,0,4,1,1.5,7,2,7,1,7,"Yes","Zohran Mamdani",1,"Independent",NA,NA,"Closer to Democratic","Independent | Closer to Democratic",1,37,"woman","Black or African American","4yearColl","$40,001-$60,000",3,4,0,0,0,0,1,NA
"HO446ai","Washington","King","Bruce Harrell","Katie Wilson","Mayoral","Seattle",NA,0,1,0,3,5,5,3,5,3,5,3,"No",NA,3,"Independent",NA,NA,"Closer to Democratic","Independent | Closer to Democratic",1,29,"man","Asian","4yearColl","$100,001-$120,000",6,4,0,1,0,0,1,NA
"CM735bu","New Jersey","Bergen","Jack Ciattarelli","Mikie Sherill","Gubernatorial","New Jersey",0,0,0,1,1,1,7,5.5,7,4,7,7,"Not sure","Mikie Sherill",1,"Democrat","Not very strong",NA,NA,"Democrat | Not very strong",1,26,"woman","multiracial","PHD","$80,001-$100,000",5,6,0,0,0,1,0,NA
"GV022wm","New York","New York","Zohran Mamdani","Andrew Cuomo","Mayoral","New York City",NA,0,1,0,7,3,1,5.5,1,7,1,4,"Not sure","Curtis Sliwa",2,"Democrat","Not very strong",NA,NA,"Democrat | Not very strong",1,25,"woman","White","4yearColl","Over $200,000",11,4,1,0,0,1,0,NA
"WD170zr","New Jersey","Middlesex","Jack Ciattarelli","Mikie Sherill","Gubernatorial","New Jersey",0,0,0,1,4,3,6,3.5,6,3,6,4,"No","Mikie Sherill",4,"Independent",NA,NA,"Neither","Independent | Neither",1,40,"man","White","GED","$100,001-$120,000",6,2,1,1,0,0,1,NA
"LT470ll","Minnesota","Hennepin","Jacob Frey","Omar Fateh","Mayoral","Minneapolis",1,1,0,0,2,5,5,2,5,2,5,2,"Yes","Omar Fateh",1,"Independent",NA,NA,"Closer to Democratic","Independent | Closer to Democratic",1,22,"woman","White","2yearColl","$20,001-$40,000",2,3,1,0,0,0,1,NA
"ME923ea","New York","Queens","Zohran Mamdani","Andrew Cuomo","Mayoral","New York City",NA,0,1,0,7,1,1,7,1,7,1,7,"Not sure",NA,1,"Democrat","Strong",NA,NA,"Democrat | Strong",1,43,"woman","Asian","4yearColl","$100,001-$120,000",6,4,0,0,0,1,0,NA
"OE533tm","New Jersey","Union","Jack Ciattarelli","Mikie Sherill","Gubernatorial","New Jersey",0,0,0,1,6,4,4.5,3.5,6,3,3,4,"Yes","Mikie Sherill",1,"Democrat","Strong",NA,NA,"Democrat | Strong",1,19,"woman","Asian","4yearColl","Over $200,000",11,4,0,0,0,1,0,NA
"MO843hu","New York","Kings","Zohran Mamdani","Andrew Cuomo","Mayoral","New York City",1,1,0,0,5,2,2,5,2,5,2,5,"Yes","Zohran Mamdani",2,"Democrat","Strong",NA,NA,"Democrat | Strong",1,29,"man","Asian","4yearColl","$40,001-$60,000",3,4,0,1,0,1,0,NA
"LZ489cx","New Jersey","Union","Jack Ciattarelli","Mikie Sherill","Gubernatorial","New Jersey",0,0,0,1,4,4,4.5,4.5,6,4,3,5,"Yes","Mikie Sherill",3,"Democrat","Strong",NA,NA,"Democrat | Strong",1,48,"woman","White","MA","$80,001-$100,000",5,5,1,0,0,1,0,NA
"XV493me","New Jersey","Middlesex","Jack Ciattarelli","Mikie Sherill","Gubernatorial","New Jersey",NA,0,1,0,4,2,5.5,2.5,6,2,5,3,"Yes",NA,4,"Independent",NA,NA,"Neither","Independent | Neither",1,70,"man","White","4yearColl","$60,001-$80,000",4,4,1,1,0,0,1,NA
"FD109dh","Minnesota","Anoka","Jacob Frey","Omar Fateh","Mayoral","Minneapolis",0,0,0,1,1,1,4.5,2.5,4,2,5,3,"Yes","Jacob Frey",3,"Democrat","Not very strong",NA,NA,"Democrat | Not very strong",1,30,"man","White","4yearColl","$180,001-$200,000",10,4,1,1,0,1,0,NA
"VN859ns","New York","Queens","Zohran Mamdani","Andrew Cuomo","Mayoral","New York City",1,1,0,0,5,1,1.5,6.5,1,6,2,7,"Yes","Zohran Mamdani",1,"Democrat","Strong",NA,NA,"Democrat | Strong",1,31,NA,"White","4yearColl","$0-$20,000",1,4,1,NA,0,1,0,"n/a"
"UC803wi","New York","Kings","Zohran Mamdani","Andrew Cuomo","Mayoral","New York City",NA,0,1,0,6,4,2.5,4,1,4,4,4,"Yes",NA,2,"Democrat","Strong",NA,NA,"Democrat | Strong",1,64,"woman","White","GED","$80,001-$100,000",5,2,1,0,0,1,0,NA
"DB116ie","Minnesota","Hennepin","Jacob Frey","Omar Fateh","Mayoral","Minneapolis",1,1,0,0,2,5,5.5,2,5,2,6,2,"Yes","Omar Fateh",1,"Democrat","Strong",NA,NA,"Democrat | Strong",1,31,"man","White","2yearColl","$80,001-$100,000",5,3,1,1,0,1,0,NA
"PZ962oi","New York","New York","Zohran Mamdani","Andrew Cuomo","Mayoral","New York City",1,1,0,0,6,2,1.5,5,1,5,2,5,"Yes","Zohran Mamdani",2,"Democrat","Not very strong",NA,NA,"Democrat | Not very strong",1,25,"woman","Asian","4yearColl","$40,001-$60,000",3,4,0,0,0,1,0,"n/a"
"CO699ki","New Jersey","Hudson","Jack Ciattarelli","Mikie Sherill","Gubernatorial","New Jersey",0,0,0,1,1,1,7,2,7,3,7,1,"Yes","Mikie Sherill",2,"Independent",NA,NA,"Closer to Democratic","Independent | Closer to Democratic",1,33,"woman","Black or African American","2yearColl","$100,001-$120,000",6,3,0,0,0,0,1,NA
"IG323yf","New Jersey","Essex","Jack Ciattarelli","Mikie Sherill","Gubernatorial","New Jersey",NA,0,1,0,4,5,4,4.5,4,5,4,4,"Yes",NA,4,"Independent",NA,NA,"Neither","Independent | Neither",1,44,"woman","Black or African American","4yearColl","$100,001-$120,000",6,4,0,0,0,0,1,NA
"RA467fq","New Jersey","Bergen","Jack Ciattarelli","Mikie Sherill","Gubernatorial","New Jersey",0,0,0,1,4,6,5.5,3,7,2,4,4,"Not sure","Mikie Sherill",1,"Independent",NA,NA,"Closer to Democratic","Independent | Closer to Democratic",1,19,"man","White","GED","$60,001-$80,000",4,2,1,1,0,0,1,NA
"DZ180bh","New Jersey","Warren","Jack Ciattarelli","Mikie Sherill","Gubernatorial","New Jersey",0,0,0,1,5,4,5.5,3,5,3,6,3,"Not sure","Mikie Sherill",2,"Democrat","Strong",NA,NA,"Democrat | Strong",1,31,"man","Asian",NA,"$20,001-$40,000",2,NA,0,1,0,1,0,NA
"KZ815jg","Minnesota","Hennepin","Jacob Frey","Omar Fateh","Mayoral","Minneapolis",1,1,0,0,1,6,5,4.5,4,6,6,3,"No","Omar Fateh",2,"Democrat","Strong",NA,NA,"Democrat | Strong",1,32,"man","White","4yearColl","Over $200,000",11,4,1,1,0,1,0,NA
"QJ667zb","New Jersey","Warren","Jack Ciattarelli","Mikie Sherill","Gubernatorial","New Jersey",0,0,0,1,5,4,5.5,3,5,3,6,3,"Not sure","Mikie Sherill",2,"Democrat","Strong",NA,NA,"Democrat | Strong",1,31,"man","Asian","GED","$20,001-$40,000",2,2,0,1,0,1,0,"This was curious."
"LL358dw","Minnesota","Hennepin","Jacob Frey","Omar Fateh","Mayoral","Minneapolis",NA,0,1,0,3,5,5,3,5,3,5,3,"Not sure",NA,5,"No preference",NA,NA,"Neither","Independent | Neither",1,26,"man","Black or African American","4yearColl","$60,001-$80,000",4,4,0,1,0,0,0,NA
"HS523lj","New York","New York","Zohran Mamdani","Andrew Cuomo","Mayoral","New York City",1,1,0,0,5,2,1.5,5,2,5,1,5,"Yes","Zohran Mamdani",3,"Independent",NA,NA,"Closer to Democratic","Independent | Closer to Democratic",1,43,"man","White","4yearColl","$160,001-$180,000",9,4,1,1,0,0,1,NA
"XQ062bl","New Jersey","Bergen","Jack Ciattarelli","Mikie Sherill","Gubernatorial","New Jersey",NA,0,1,0,4,4,4,4,4,4,4,4,"Not sure",NA,2,"Democrat","Not very strong",NA,NA,"Democrat | Not very strong",1,20,NA,"Asian","GED","$80,001-$100,000",5,2,0,NA,0,1,0,NA
"KK432fi","Washington","King","Bruce Harrell","Katie Wilson","Mayoral","Seattle",1,1,0,0,3,6,2,1,2,1,2,1,"Yes","Katie Wilson",2,"Democrat","Strong",NA,NA,"Democrat | Strong",1,33,"man","multiracial","MA","$180,001-$200,000",10,5,0,1,0,1,0,NA
"KZ289tt","Washington","King","Bruce Harrell","Katie Wilson","Mayoral","Seattle",0,0,0,1,5,5,1,1,1,1,1,1,"Yes","Bruce Harrell",1,"Democrat","Strong",NA,NA,"Democrat | Strong",1,36,"woman","American Indian or Alaska Native","GED","$20,001-$40,000",2,2,0,0,0,1,0,NA
"OP043hv","New York","Queens","Zohran Mamdani","Andrew Cuomo","Mayoral","New York City",1,1,0,0,6,2,1.5,6,1,7,2,5,"No","Zohran Mamdani",4,"No preference",NA,NA,"Neither","Independent | Neither",1,26,"man","White","2yearColl","$60,001-$80,000",4,3,1,1,0,0,0,NA
"GM761en","New Jersey","Hudson","Jack Ciattarelli","Mikie Sherill","Gubernatorial","New Jersey",NA,0,1,0,4,4,4,4,4,4,4,4,"No",NA,1,"No preference",NA,NA,"Neither","Independent | Neither",1,42,"woman","Black or African American","noHS","$20,001-$40,000",2,1,0,0,0,0,0,NA
"ZA962tq","New Jersey","Essex","Jack Ciattarelli","Mikie Sherill","Gubernatorial","New Jersey",0,0,0,1,7,3,7,1,7,1,7,1,"Yes","Mikie Sherill",4,"Other party",NA,NA,"Neither","Independent | Neither",1,52,"woman","multiracial","GED","$60,001-$80,000",4,2,0,0,0,0,0,NA
"NG677vo","Minnesota","Hennepin","Jacob Frey","Omar Fateh","Mayoral","Minneapolis",0,0,0,1,2,3,2.5,3.5,3,3,2,4,"Not sure","Jacob Frey",1,"Democrat","Not very strong",NA,NA,"Democrat | Not very strong",1,38,"woman","White","2yearColl","$20,001-$40,000",2,3,1,0,0,1,0,"No comments"
"UX063ob","New Jersey","Ocean","Jack Ciattarelli","Mikie Sherill","Gubernatorial","New Jersey",1,1,0,0,5,2,4.5,4.5,6,3,3,6,"Yes","Jack Ciattarelli",4,"Republican",NA,"Strong",NA,"Republican | Strong",1,50,"woman","White","MA","$100,001-$120,000",6,5,1,0,1,0,0,NA
"CK653sc","New York","Kings","Zohran Mamdani","Andrew Cuomo","Mayoral","New York City",1,1,0,0,7,1,2.5,7,2,7,3,7,"Yes","Zohran Mamdani",1,"Independent",NA,NA,"Closer to Democratic","Independent | Closer to Democratic",1,31,"woman","Asian","4yearColl","$140,001-$160,000",8,4,0,0,0,0,1,NA
"ZN283eg","New Jersey","Monmouth","Jack Ciattarelli","Mikie Sherill","Gubernatorial","New Jersey",0,0,0,1,4,4,5,3,5,3,5,3,"Yes","Mikie Sherill",2,"Democrat","Strong",NA,NA,"Democrat | Strong",1,28,"woman","White","4yearColl","$80,001-$100,000",5,4,1,0,0,1,0,NA
"XF644yy","New Jersey","Monmouth","Jack Ciattarelli","Mikie Sherill","Gubernatorial","New Jersey",NA,0,1,0,5,2,4,3,4,3,4,3,"No",NA,5,"Republican",NA,"Strong",NA,"Republican | Strong",1,66,"woman","White","GED","$40,001-$60,000",3,2,1,0,1,0,0,NA
"LF318mn","New Jersey","Morris","Jack Ciattarelli","Mikie Sherill","Gubernatorial","New Jersey",0,0,0,1,6,3,6.5,2,7,2,6,2,"Yes","Mikie Sherill",2,"Democrat","Strong",NA,NA,"Democrat | Strong",1,37,"man","White","MA","$180,001-$200,000",10,5,1,1,0,1,0,NA
"HD290cy","New Jersey","Bergen","Jack Ciattarelli","Mikie Sherill","Gubernatorial","New Jersey",NA,0,1,0,4,4,4,4,4,4,4,4,"No",NA,4,"Independent",NA,NA,"Neither","Independent | Neither",1,31,"man","Asian","4yearColl","$80,001-$100,000",5,4,0,1,0,0,1,NA
"HN995zo","New York","Kings","Zohran Mamdani","Andrew Cuomo","Mayoral","New York City",0,0,0,1,6,1,2.5,6,4,6,1,6,"Yes","Andrew Cuomo",2,"Independent",NA,NA,"Closer to Republican","Independent | Closer to Republican",1,26,"man","Black or African American","4yearColl","$100,001-$120,000",6,4,0,1,0,0,1,NA
"DK611uo","New Jersey","Middlesex","Jack Ciattarelli","Mikie Sherill","Gubernatorial","New Jersey",0,0,0,1,3,2,6.5,4,6,3,7,5,"Yes","Mikie Sherill",4,"No preference",NA,NA,"Closer to Democratic","Independent | Closer to Democratic",1,18,"man","White","2yearColl","$40,001-$60,000",3,3,1,1,0,0,0,NA
"RX898tx","New Jersey","Middlesex","Jack Ciattarelli","Mikie Sherill","Gubernatorial","New Jersey",0,0,0,1,4,4,5.5,2.5,6,2,5,3,"Yes","Mikie Sherill",4,"Independent",NA,NA,"Neither","Independent | Neither",1,59,"man","Black or African American","GED","$140,001-$160,000",8,2,0,1,0,0,1,NA
"ND317uf","New Jersey","Cape May","Jack Ciattarelli","Mikie Sherill","Gubernatorial","New Jersey",1,1,0,0,4,7,7,1,7,1,7,1,"Yes","Jack Ciattarelli",6,"Republican",NA,"Strong",NA,"Republican | Strong",1,82,"woman","White","GED","$40,001-$60,000",3,2,1,0,1,0,0,NA
"UR030zk","New Jersey","Mercer","Jack Ciattarelli","Mikie Sherill","Gubernatorial","New Jersey",0,0,0,1,6,4,7,3,7,2,7,4,"Yes","Mikie Sherill",1,"Democrat","Strong",NA,NA,"Democrat | Strong",1,54,"man","White","MA","$180,001-$200,000",10,5,1,1,0,1,0,NA
"CQ226ow","New Jersey","Monmouth","Jack Ciattarelli","Mikie Sherill","Gubernatorial","New Jersey",0,0,0,1,7,2,6,3.5,7,4,5,3,"Yes","Mikie Sherill",3,"Independent",NA,NA,"Closer to Democratic","Independent | Closer to Democratic",1,37,"woman","White","4yearColl","$120,001-$140,000",7,4,1,0,0,0,1,NA
"XW865fz","New Jersey","Ocean","Jack Ciattarelli","Mikie Sherill","Gubernatorial","New Jersey",1,1,0,0,6,2,5,1.5,5,2,5,1,"Yes","Jack Ciattarelli",6,"Republican",NA,"Not very strong",NA,"Republican | Not very strong",1,42,"woman","White","MA","$100,001-$120,000",6,5,1,0,1,0,0,NA
"HG644ar","New Jersey","Morris","Jack Ciattarelli","Mikie Sherill","Gubernatorial","New Jersey",0,0,0,1,4,3,5,3.5,6,3,4,4,"Yes","Mikie Sherill",4,"Democrat","Not very strong",NA,NA,"Democrat | Not very strong",1,39,"woman","White","4yearColl","$100,001-$120,000",6,4,1,0,0,1,0,NA
"IQ407ig","New Jersey","Burlington","Jack Ciattarelli","Mikie Sherill","Gubernatorial","New Jersey",0,0,0,1,5,2,7,2,7,2,7,2,"Yes","Mikie Sherill",1,"Democrat","Strong",NA,NA,"Democrat | Strong",1,58,"man","White","MA","$140,001-$160,000",8,5,1,1,0,1,0,"Thank you."
"SV418gc","New York","Queens","Zohran Mamdani","Andrew Cuomo","Mayoral","New York City",1,1,0,0,6,2,2,4.5,2,4,2,5,"Yes","Zohran Mamdani",2,"Democrat","Strong",NA,NA,"Democrat | Strong",1,29,"man","Asian","4yearColl","$60,001-$80,000",4,4,0,1,0,1,0,NA
"DW181au","New York","Queens","Zohran Mamdani","Andrew Cuomo","Mayoral","New York City",1,1,0,0,5,1,2.5,4.5,2,3,3,6,"Yes","Zohran Mamdani",1,"Democrat","Not very strong",NA,NA,"Democrat | Not very strong",1,39,"man","Hispanic, Latino, or Spanish origin","PHD","$180,001-$200,000",10,6,0,1,0,1,0,NA
"OS937bd","New Jersey","Essex","Jack Ciattarelli","Mikie Sherill","Gubernatorial","New Jersey",NA,0,1,0,4,4,4,4,4,4,4,4,"Yes",NA,4,"Independent",NA,NA,"Neither","Independent | Neither",1,34,"woman","Black or African American","GED","$40,001-$60,000",3,2,0,0,0,0,1,NA
"NV081hy","New York","New York","Zohran Mamdani","Andrew Cuomo","Mayoral","New York City",1,1,0,0,5,2,2,6,1,7,3,5,"Yes","Zohran Mamdani",2,"Democrat","Strong",NA,NA,"Democrat | Strong",1,40,"man","White","MA","Over $200,000",11,5,1,1,0,1,0,NA
"AN176ht","New York","New York","Zohran Mamdani","Andrew Cuomo","Mayoral","New York City",1,1,0,0,4,1,1,5,1,5,1,5,"Yes","Zohran Mamdani",2,"Democrat","Strong",NA,NA,"Democrat | Strong",1,36,"man","Asian","4yearColl","$60,001-$80,000",4,4,0,1,0,1,0,NA
"PN433go","New York","New York","Zohran Mamdani","Andrew Cuomo","Mayoral","New York City",NA,0,1,0,7,3,2.5,3.5,1,3,4,4,"No","Curtis Sliwa",2,"Democrat","Strong",NA,NA,"Democrat | Strong",1,24,"woman","White","4yearColl",NA,NA,4,1,0,0,1,0,NA
"MI456ej","New Jersey","Morris","Jack Ciattarelli","Mikie Sherill","Gubernatorial","New Jersey",1,1,0,0,4,4,5,3,5,2,5,4,"Yes","Jack Ciattarelli",6,"Republican",NA,"Not very strong",NA,"Republican | Not very strong",1,26,"man","White","4yearColl","$80,001-$100,000",5,4,1,1,1,0,0,"none thank you!!"
"YI919aa","New Jersey","Cumberland","Jack Ciattarelli","Mikie Sherill","Gubernatorial","New Jersey",0,0,0,1,4,4,5.5,2.5,7,1,4,4,"No","Mikie Sherill",6,"Independent",NA,NA,"Closer to Republican","Independent | Closer to Republican",1,40,"woman","multiracial","GED","$20,001-$40,000",2,2,0,0,0,0,1,"I had to pick the middle option for a few questions because I haven't been following their campaigns or their promises. Thank you!"
"EJ419he","New Jersey","Somerset","Jack Ciattarelli","Mikie Sherill","Gubernatorial","New Jersey",NA,0,1,0,3,6,4,4,6,2,2,6,"Not sure",NA,3,"Democrat","Strong",NA,NA,"Democrat | Strong",1,21,"woman","Asian","4yearColl","$80,001-$100,000",5,4,0,0,0,1,0,NA
"VF206se","New Jersey","Ocean","Jack Ciattarelli","Mikie Sherill","Gubernatorial","New Jersey",1,1,0,0,7,5,6,1.5,7,1,5,2,"Yes","Jack Ciattarelli",7,"Republican",NA,"Strong",NA,"Republican | Strong",1,22,"man","White","4yearColl",NA,NA,4,1,1,1,0,0,NA
"SU126gr","New Jersey","Essex","Jack Ciattarelli","Mikie Sherill","Gubernatorial","New Jersey",0,0,0,1,6,4,7,2,7,2,7,2,"Yes","Mikie Sherill",2,"Independent",NA,NA,"Closer to Democratic","Independent | Closer to Democratic",1,36,"woman","White","4yearColl","Over $200,000",11,4,1,0,0,0,1,NA
"XK033jq","New York","Kings","Zohran Mamdani","Andrew Cuomo","Mayoral","New York City",NA,0,1,0,4,2,4,3.5,3,5,5,2,"No",NA,4,"No preference",NA,NA,"Neither","Independent | Neither",1,36,"man","White","GED","$80,001-$100,000",5,2,1,1,0,0,0,NA
"YO298gh","New York","Bronx","Zohran Mamdani","Andrew Cuomo","Mayoral","New York City",1,1,0,0,1,5,1,6,1,5,1,7,"Yes","Zohran Mamdani",1,"Democrat","Strong",NA,NA,"Democrat | Strong",1,26,"woman","multiracial","2yearColl","$40,001-$60,000",3,3,0,0,0,1,0,NA
"UR832js","New Jersey","Middlesex","Jack Ciattarelli","Mikie Sherill","Gubernatorial","New Jersey",0,0,0,1,5,2,7,3,7,3,7,3,"Not sure","Mikie Sherill",2,"Democrat","Not very strong",NA,NA,"Democrat | Not very strong",1,37,"man","White","MA","$0-$20,000",1,5,1,1,0,1,0,NA
"NP487wh","New Jersey","Camden","Jack Ciattarelli","Mikie Sherill","Gubernatorial","New Jersey",1,1,0,0,7,1,7,1,7,1,7,1,"No","Jack Ciattarelli",6,"Republican",NA,"Strong",NA,"Republican | Strong",1,40,"woman","White","GED","$140,001-$160,000",8,2,1,0,1,0,0,NA
"PI731ci","Minnesota","Hennepin","Jacob Frey","Omar Fateh","Mayoral","Minneapolis",NA,0,1,0,1,7,3.5,7,3,7,4,7,"No",NA,4,"Independent",NA,NA,"Closer to Democratic","Independent | Closer to Democratic",1,62,"man","Other (please specify)","2yearColl","$0-$20,000",1,3,0,1,0,0,1,"Thank You for the opportunity to participate!"
"ZH533bi","New York","New York","Zohran Mamdani","Andrew Cuomo","Mayoral","New York City",1,1,0,0,5,3,3,4.5,3,5,3,4,"No","Zohran Mamdani",1,"Democrat","Strong",NA,NA,"Democrat | Strong",1,41,"woman","Asian","MA","Over $200,000",11,5,0,0,0,1,0,NA
"LB372wq","Washington","King","Bruce Harrell","Katie Wilson","Mayoral","Seattle",1,1,0,0,3,5,4,2,3,1,5,3,"Not sure","Katie Wilson",4,"Independent",NA,NA,"Neither","Independent | Neither",1,24,"man","Hispanic, Latino, or Spanish origin","4yearColl","$80,001-$100,000",5,4,0,1,0,0,1,NA
"CB415xh","Minnesota","Hennepin","Jacob Frey","Omar Fateh","Mayoral","Minneapolis",0,0,0,1,4,4,4,4,4,4,4,4,"No","Jacob Frey",5,"Independent",NA,NA,"Closer to Republican","Independent | Closer to Republican",1,22,"man","White","GED","$0-$20,000",1,2,1,1,0,0,1,NA
"TV202ds","New Jersey","Bergen","Jack Ciattarelli","Mikie Sherill","Gubernatorial","New Jersey",NA,0,1,0,4,4,5.5,2.5,6,2,5,3,"Not sure",NA,5,"Independent",NA,NA,"Closer to Republican","Independent | Closer to Republican",1,45,"woman","White","PHD","Over $200,000",11,6,1,0,0,0,1,NA
"NR775pj","New Jersey","Bergen","Jack Ciattarelli","Mikie Sherill","Gubernatorial","New Jersey",NA,0,1,0,1,6,6.5,1.5,6,1,7,2,"Yes",NA,2,"Democrat","Not very strong",NA,NA,"Democrat | Not very strong",1,57,"woman","White","PHD","Over $200,000",11,6,1,0,0,1,0,NA
"DY764sa","New York","Kings","Zohran Mamdani","Andrew Cuomo","Mayoral","New York City",0,0,0,1,4,5,4,4,4,4,4,4,"Not sure","Andrew Cuomo",4,"No preference",NA,NA,"Neither","Independent | Neither",1,27,"man","Asian","2yearColl","$40,001-$60,000",3,3,0,1,0,0,0,NA
"QK639jm","New Jersey","Essex","Jack Ciattarelli","Mikie Sherill","Gubernatorial","New Jersey",1,1,0,0,3,6,6.5,1,6,1,7,1,"Yes","Jack Ciattarelli",6,"Republican",NA,"Strong",NA,"Republican | Strong",1,47,"man","White","GED",NA,NA,2,1,1,1,0,0,NA
"BJ552wf","New York","Queens","Zohran Mamdani","Andrew Cuomo","Mayoral","New York City",1,1,0,0,6,2,1.5,6,1,6,2,6,"Yes","Zohran Mamdani",1,"Democrat","Strong",NA,NA,"Democrat | Strong",1,22,"woman","multiracial","4yearColl","$140,001-$160,000",8,4,0,0,0,1,0,NA
"FK910pj","New Jersey","Mercer","Jack Ciattarelli","Mikie Sherill","Gubernatorial","New Jersey",0,0,0,1,6,3,7,1,7,1,7,1,"Yes","Mikie Sherill",2,"Democrat","Strong",NA,NA,"Democrat | Strong",1,43,"man","White","4yearColl","Over $200,000",11,4,1,1,0,1,0,NA
"NP016nj","New Jersey","Hudson","Jack Ciattarelli","Mikie Sherill","Gubernatorial","New Jersey",NA,0,1,0,6,4,2.5,4,3,5,2,3,"No",NA,4,"Independent",NA,NA,"Neither","Independent | Neither",1,30,"woman","multiracial","2yearColl","$0-$20,000",1,3,0,0,0,0,1,NA
"RZ465iz","New York","Kings","Zohran Mamdani","Andrew Cuomo","Mayoral","New York City",1,1,0,0,7,1,1,7,1,7,1,7,"Yes","Zohran Mamdani",2,"Democrat","Not very strong",NA,NA,"Democrat | Not very strong",1,28,NA,"Middle Eastern or North African","GED","$60,001-$80,000",4,2,0,NA,0,1,0,NA
"HU909hf","New York","New York","Zohran Mamdani","Andrew Cuomo","Mayoral","New York City",0,0,0,1,7,4,3,2.5,5,1,1,4,"Yes","Andrew Cuomo",2,"Democrat","Strong",NA,NA,"Democrat | Strong",1,26,"woman","White","4yearColl","$120,001-$140,000",7,4,1,0,0,1,0,"the first two questions i thought mamdani was first then cuomo so my answers are swapped! SORRY, couldn't go back"
"ET577yr","New York","New York","Zohran Mamdani","Andrew Cuomo","Mayoral","New York City",1,1,0,0,6,1,1,6,1,6,1,6,"Yes","Zohran Mamdani",1,"Democrat","Strong",NA,NA,"Democrat | Strong",1,62,"man","Asian","4yearColl","$40,001-$60,000",3,4,0,1,0,1,0,NA
"QD167zh","New York","Kings","Zohran Mamdani","Andrew Cuomo","Mayoral","New York City",1,1,0,0,6,4,3.5,4,1,6,6,2,"Yes","Zohran Mamdani",2,"Democrat","Not very strong",NA,NA,"Democrat | Not very strong",1,42,"man","Black or African American","4yearColl","$40,001-$60,000",3,4,0,1,0,1,0,NA
"TX428am","Washington","King","Bruce Harrell","Katie Wilson","Mayoral","Seattle",0,0,0,1,5,3,4.5,4,6,2,3,6,"Yes","Bruce Harrell",2,"Independent",NA,NA,"Neither","Independent | Neither",1,44,"man","multiracial","MA","$0-$20,000",1,5,0,1,0,0,1,NA
"BP431su","New York","Kings","Zohran Mamdani","Andrew Cuomo","Mayoral","New York City",1,1,0,0,5,2,2,5,2,5,2,5,"Yes","Zohran Mamdani",2,"Democrat","Strong",NA,NA,"Democrat | Strong",1,26,"woman","Black or African American","4yearColl","$100,001-$120,000",6,4,0,0,0,1,0,NA
"KB064gm","New York","Richmond","Zohran Mamdani","Andrew Cuomo","Mayoral","New York City",0,0,0,1,5,3,3,4.5,5,5,1,4,"Yes","Andrew Cuomo",5,"Republican",NA,"Not very strong",NA,"Republican | Not very strong",1,25,"woman","White","4yearColl","$120,001-$140,000",7,4,1,0,1,0,0,NA
"VP324pu","New York","Richmond","Zohran Mamdani","Andrew Cuomo","Mayoral","New York City",1,1,0,0,4,3,3,2.5,1,2,5,3,"Yes","Zohran Mamdani",3,"Democrat","Not very strong",NA,NA,"Democrat | Not very strong",1,38,"man","White","4yearColl","$140,001-$160,000",8,4,1,1,0,1,0,NA
"YL917bm","Washington","King","Bruce Harrell","Katie Wilson","Mayoral","Seattle",0,0,0,1,2,4,3.5,1,3,1,4,1,"Yes","Bruce Harrell",6,"Republican",NA,"Strong",NA,"Republican | Strong",1,50,"man","White","4yearColl","$140,001-$160,000",8,4,1,1,1,0,0,NA
"RU857ph","New York","Queens","Zohran Mamdani","Andrew Cuomo","Mayoral","New York City",1,1,0,0,5,2,2.5,4.5,2,5,3,4,"Yes","Zohran Mamdani",5,"Independent",NA,NA,"Closer to Republican","Independent | Closer to Republican",1,51,"man","White","4yearColl","$100,001-$120,000",6,4,1,1,0,0,1,"Cuomo reminds me too much of Trump these days. Also, I believe the women who testified against him."
"YZ645wg","New York","New York","Zohran Mamdani","Andrew Cuomo","Mayoral","New York City",1,1,0,0,1,7,4,4,1,7,7,1,"No","Zohran Mamdani",1,"Independent",NA,NA,"Closer to Democratic","Independent | Closer to Democratic",1,41,"woman","White","4yearColl","$80,001-$100,000",5,4,1,0,0,0,1,NA
"FA974ta","Minnesota","Hennepin","Jacob Frey","Omar Fateh","Mayoral","Minneapolis",0,0,0,1,2,5,4,2.5,3,3,5,2,"Yes","Jacob Frey",2,"Democrat","Strong",NA,NA,"Democrat | Strong",1,38,"woman","White","4yearColl","$80,001-$100,000",5,4,1,0,0,1,0,NA
"HC795xt","New York","Kings","Zohran Mamdani","Andrew Cuomo","Mayoral","New York City",1,1,0,0,4,1,4,4,4,4,4,4,"Yes","Zohran Mamdani",3,"Democrat","Not very strong",NA,NA,"Democrat | Not very strong",1,32,"woman","Hispanic, Latino, or Spanish origin","4yearColl","$100,001-$120,000",6,4,0,0,0,1,0,NA
"WR012rs","New York","Richmond","Zohran Mamdani","Andrew Cuomo","Mayoral","New York City",NA,0,1,0,7,1,2.5,2.5,4,1,1,4,"Yes",NA,4,"Independent",NA,NA,"Closer to Democratic","Independent | Closer to Democratic",1,44,"man","White","4yearColl","$80,001-$100,000",5,4,1,1,0,0,1,NA
"VI995aq","New Jersey","Passaic","Jack Ciattarelli","Mikie Sherill","Gubernatorial","New Jersey",NA,0,1,0,4,4,4,4,4,4,4,4,"Not sure",NA,2,"Democrat","Not very strong",NA,NA,"Democrat | Not very strong",1,25,"man","Middle Eastern or North African","4yearColl","$40,001-$60,000",3,4,0,1,0,1,0,NA
"BY713vh","New York","Queens","Zohran Mamdani","Andrew Cuomo","Mayoral","New York City",1,1,0,0,6,2,2,6,2,6,2,6,"Yes","Zohran Mamdani",2,"Democrat","Strong",NA,NA,"Democrat | Strong",1,29,"woman","Hispanic, Latino, or Spanish origin","GED","$40,001-$60,000",3,2,0,0,0,1,0,NA
"BJ383ss","New Jersey","Gloucester","Jack Ciattarelli","Mikie Sherill","Gubernatorial","New Jersey",0,0,0,1,6,4,6,1.5,7,1,5,2,"Yes","Mikie Sherill",3,"Democrat","Not very strong",NA,NA,"Democrat | Not very strong",1,25,"woman","Black or African American","GED","$80,001-$100,000",5,2,0,0,0,1,0,NA
"LB959qe","New Jersey","Essex","Jack Ciattarelli","Mikie Sherill","Gubernatorial","New Jersey",NA,0,1,0,5,2,3,2.5,3,2,3,3,"No",NA,6,"Democrat","Not very strong",NA,NA,"Democrat | Not very strong",1,33,"woman","Black or African American","GED","$20,001-$40,000",2,2,0,0,0,1,0,"none"
"WM564lr","New York","Kings","Zohran Mamdani","Andrew Cuomo","Mayoral","New York City",1,1,0,0,6,1,1.5,4.5,1,3,2,6,"Yes","Zohran Mamdani",1,"Independent",NA,NA,"Closer to Democratic","Independent | Closer to Democratic",1,42,"woman","White","MA","$140,001-$160,000",8,5,1,0,0,0,1,NA
"CL335or","New York","Kings","Zohran Mamdani","Andrew Cuomo","Mayoral","New York City",1,1,0,0,5,5,3.5,3,1,3,6,3,"Yes","Zohran Mamdani",5,"Democrat","Not very strong",NA,NA,"Democrat | Not very strong",1,42,"woman","Black or African American","GED","$20,001-$40,000",2,2,0,0,0,1,0,NA
"IZ880ks","New York","Queens","Zohran Mamdani","Andrew Cuomo","Mayoral","New York City",NA,0,1,0,4,4,4.5,4.5,3,5,6,4,"No",NA,4,"Independent",NA,NA,"Neither","Independent | Neither",1,43,"man","Asian","4yearColl","$100,001-$120,000",6,4,0,1,0,0,1,NA
"QA157gh","New York","Queens","Zohran Mamdani","Andrew Cuomo","Mayoral","New York City",1,1,0,0,5,2,2.5,5,1,6,4,4,"Yes","Zohran Mamdani",3,"Democrat","Strong",NA,NA,"Democrat | Strong",1,27,"man","White","PHD","$100,001-$120,000",6,6,1,1,0,1,0,NA
"TD806hz","New York","New York","Zohran Mamdani","Andrew Cuomo","Mayoral","New York City",NA,0,1,0,7,6,1,1.5,1,1,1,2,"Yes","Curtis Sliwa",6,"Republican",NA,"Not very strong",NA,"Republican | Not very strong",1,57,"woman","White","2yearColl","$40,001-$60,000",3,3,1,0,1,0,0,NA
"OX386oa","New Jersey","Monmouth","Jack Ciattarelli","Mikie Sherill","Gubernatorial","New Jersey",1,1,0,0,5,1,5.5,2.5,5,3,6,2,"Yes","Jack Ciattarelli",6,"Republican",NA,"Strong",NA,"Republican | Strong",1,36,"man","Hispanic, Latino, or Spanish origin","4yearColl","$60,001-$80,000",4,4,0,1,1,0,0,NA
"EJ580di","Washington","King","Bruce Harrell","Katie Wilson","Mayoral","Seattle",1,1,0,0,1,4,3.5,2,3,2,4,2,"Yes","Katie Wilson",1,"Democrat","Strong",NA,NA,"Democrat | Strong",1,25,"woman","White","4yearColl","$40,001-$60,000",3,4,1,0,0,1,0,NA
"OK452nq","Minnesota","Hennepin","Jacob Frey","Omar Fateh","Mayoral","Minneapolis",0,0,0,1,3,4,1,4,1,4,1,4,"No","Jacob Frey",5,"Democrat","Strong",NA,NA,"Democrat | Strong",1,61,"woman","White","2yearColl","$40,001-$60,000",3,3,1,0,0,1,0,"I actually think Fry is doing a good job."
"JJ473ch","New York","New York","Zohran Mamdani","Andrew Cuomo","Mayoral","New York City",1,1,0,0,7,2,1,6.5,1,7,1,6,"Yes","Zohran Mamdani",1,"Democrat","Strong",NA,NA,"Democrat | Strong",1,29,"man","Asian","PHD","$180,001-$200,000",10,6,0,1,0,1,0,"None"
"NU156xu","New York","New York","Zohran Mamdani","Andrew Cuomo","Mayoral","New York City",0,0,0,1,7,3,1,4.5,1,4,1,5,"Yes","Andrew Cuomo",4,"Democrat","Not very strong",NA,NA,"Democrat | Not very strong",1,25,"man","White","4yearColl","$100,001-$120,000",6,4,1,1,0,1,0,NA
"OL843io","New Jersey","Union","Jack Ciattarelli","Mikie Sherill","Gubernatorial","New Jersey",0,0,0,1,3,5,5.5,2.5,6,2,5,3,"Yes","Mikie Sherill",4,"Independent",NA,NA,"Neither","Independent | Neither",1,23,"woman","Black or African American","2yearColl","$180,001-$200,000",10,3,0,0,0,0,1,NA
"WB115ap","New York","Bronx","Zohran Mamdani","Andrew Cuomo","Mayoral","New York City",1,1,0,0,7,1,1,4,1,3,1,5,"Yes","Zohran Mamdani",2,"Independent",NA,NA,"Closer to Democratic","Independent | Closer to Democratic",1,30,"man","Black or African American","GED","$20,001-$40,000",2,2,0,1,0,0,1,NA
"LU788wb","New Jersey","Ocean","Jack Ciattarelli","Mikie Sherill","Gubernatorial","New Jersey",0,0,0,1,6,4,5.5,3.5,6,3,5,4,"Yes","Mikie Sherill",3,"Independent",NA,NA,"Closer to Democratic","Independent | Closer to Democratic",1,47,"man","White","GED","$40,001-$60,000",3,2,1,1,0,0,1,NA
"YJ690xl","New Jersey","Union","Jack Ciattarelli","Mikie Sherill","Gubernatorial","New Jersey",0,0,0,1,6,5,5.5,2,7,2,4,2,"Yes","Mikie Sherill",1,"Democrat","Strong",NA,NA,"Democrat | Strong",1,39,"woman","White","4yearColl","Over $200,000",11,4,1,0,0,1,0,NA
"GT014hu","New Jersey","Gloucester","Jack Ciattarelli","Mikie Sherill","Gubernatorial","New Jersey",NA,0,1,0,5,3,6,2,6,2,6,2,"Yes","Definitely leaning towards Jack, but I do have some concerns. I'm really not super fond of either one when it comes down to it. They both worry me in different ways.",5,"Republican",NA,"Not very strong",NA,"Republican | Not very strong",1,37,"woman","White","GED","$60,001-$80,000",4,2,1,0,1,0,0,NA
"IW474ar","Minnesota","Anoka","Jacob Frey","Omar Fateh","Mayoral","Minneapolis",NA,0,1,0,1,7,1,1,1,1,1,1,"No","I wouldn't vote for either",6,"Republican",NA,"Strong",NA,"Republican | Strong",1,31,"man","White","4yearColl","$60,001-$80,000",4,4,1,1,1,0,0,NA
"XL052ch","New Jersey","Ocean","Jack Ciattarelli","Mikie Sherill","Gubernatorial","New Jersey",NA,0,1,0,7,1,5.5,2.5,7,1,4,4,"Yes",NA,4,"No preference",NA,NA,"Neither","Independent | Neither",1,27,"man","White","4yearColl","$80,001-$100,000",5,4,1,1,0,0,0,NA
"WY202my","New York","Kings","Zohran Mamdani","Andrew Cuomo","Mayoral","New York City",1,1,0,0,5,1,1,5,1,5,1,5,"Yes","Zohran Mamdani",1,"Democrat","Strong",NA,NA,"Democrat | Strong",1,32,"man","White","4yearColl","$20,001-$40,000",2,4,1,1,0,1,0,NA
"CV908lt","New Jersey","Passaic","Jack Ciattarelli","Mikie Sherill","Gubernatorial","New Jersey",0,0,0,1,7,2,7,1.5,7,2,7,1,"Yes","Mikie Sherill",2,"Democrat","Strong",NA,NA,"Democrat | Strong",1,19,"woman","White","GED","$60,001-$80,000",4,2,1,0,0,1,0,NA
"LM428fs","New York","New York","Zohran Mamdani","Andrew Cuomo","Mayoral","New York City",1,1,0,0,5,2,3.5,5,2,7,5,3,"Yes","Zohran Mamdani",2,"Democrat","Strong",NA,NA,"Democrat | Strong",1,20,"woman","Asian","4yearColl","Over $200,000",11,4,0,0,0,1,0,NA
"XZ432ng","New Jersey","Hudson","Jack Ciattarelli","Mikie Sherill","Gubernatorial","New Jersey",0,0,0,1,6,2,6.5,3,7,2,6,4,"Yes","Mikie Sherill",1,"Democrat","Strong",NA,NA,"Democrat | Strong",1,31,"woman","Hispanic, Latino, or Spanish origin","4yearColl","$40,001-$60,000",3,4,0,0,0,1,0,NA
"GX928xm","New Jersey","Gloucester","Jack Ciattarelli","Mikie Sherill","Gubernatorial","New Jersey",0,0,0,1,4,3,6,3.5,6,3,6,4,"Yes","Mikie Sherill",2,"Democrat","Strong",NA,NA,"Democrat | Strong",1,35,"woman","White","MA","Over $200,000",11,5,1,0,0,1,0,NA
"XI450nd","New Jersey","Monmouth","Jack Ciattarelli","Mikie Sherill","Gubernatorial","New Jersey",0,0,0,1,4,2,7,1.5,7,1,7,2,"Yes","Mikie Sherill",3,"Independent",NA,NA,"Closer to Democratic","Independent | Closer to Democratic",1,53,"woman","White","2yearColl","$100,001-$120,000",6,3,1,0,0,0,1,NA
"JU705lk","New Jersey","Union","Jack Ciattarelli","Mikie Sherill","Gubernatorial","New Jersey",0,0,0,1,4,5,4.5,4.5,7,3,2,6,"Yes","Mikie Sherill",3,"Democrat","Strong",NA,NA,"Democrat | Strong",1,41,"woman","White","2yearColl","$140,001-$160,000",8,3,1,0,0,1,0,NA
"PA436so","New Jersey","Camden","Jack Ciattarelli","Mikie Sherill","Gubernatorial","New Jersey",0,0,0,1,1,7,7,1,7,1,7,1,"Yes","Mikie Sherill",2,"Independent",NA,NA,"Closer to Democratic","Independent | Closer to Democratic",1,44,"woman","White","MA","Over $200,000",11,5,1,0,0,0,1,NA
"WJ361rz","New Jersey","Ocean","Jack Ciattarelli","Mikie Sherill","Gubernatorial","New Jersey",0,0,0,1,6,1,7,4,7,3,7,5,"Yes","Mikie Sherill",1,"Democrat","Strong",NA,NA,"Democrat | Strong",1,30,"woman","White","4yearColl","$60,001-$80,000",4,4,1,0,0,1,0,NA
"YN936ke","New York","Queens","Zohran Mamdani","Andrew Cuomo","Mayoral","New York City",1,1,0,0,6,3,1.5,3.5,2,4,1,3,"Not sure","Zohran Mamdani",2,"Other party",NA,NA,"Closer to Democratic","Independent | Closer to Democratic",1,25,"man","multiracial","4yearColl","$80,001-$100,000",5,4,0,1,0,0,0,NA
"RM596az","New Jersey","Essex","Jack Ciattarelli","Mikie Sherill","Gubernatorial","New Jersey",0,0,0,1,3,6,6.5,2.5,7,3,6,2,"Yes","Mikie Sherill",3,"Democrat","Not very strong",NA,NA,"Democrat | Not very strong",1,31,"woman","Black or African American","4yearColl","$100,001-$120,000",6,4,0,0,0,1,0,NA
"YN893wp","New Jersey","Monmouth","Jack Ciattarelli","Mikie Sherill","Gubernatorial","New Jersey",0,0,0,1,6,1,3.5,4,6,2,1,6,"Yes","Mikie Sherill",2,"Democrat","Strong",NA,NA,"Democrat | Strong",1,47,"woman","Hispanic, Latino, or Spanish origin","2yearColl","$40,001-$60,000",3,3,0,0,0,1,0,NA
"VB099ld","New Jersey","Gloucester","Jack Ciattarelli","Mikie Sherill","Gubernatorial","New Jersey",0,0,0,1,7,1,7,5,7,5,7,5,"Yes","Mikie Sherill",1,"Democrat","Not very strong",NA,NA,"Democrat | Not very strong",1,37,"woman","White","MA","$0-$20,000",1,5,1,0,0,1,0,NA
"JQ860vc","New Jersey","Bergen","Jack Ciattarelli","Mikie Sherill","Gubernatorial","New Jersey",0,0,0,1,4,5,5,3.5,6,3,4,4,"Yes","Mikie Sherill",4,"No preference",NA,NA,"Closer to Democratic","Independent | Closer to Democratic",1,30,"woman","Hispanic, Latino, or Spanish origin","4yearColl","$80,001-$100,000",5,4,0,0,0,0,0,NA
"BQ331od","New Jersey","Bergen","Jack Ciattarelli","Mikie Sherill","Gubernatorial","New Jersey",1,1,0,0,6,2,5.5,1.5,6,1,5,2,"Yes","Jack Ciattarelli",6,"Republican",NA,"Not very strong",NA,"Republican | Not very strong",1,38,"man","White","4yearColl","$140,001-$160,000",8,4,1,1,1,0,0,NA
"LM430id","New Jersey","Mercer","Jack Ciattarelli","Mikie Sherill","Gubernatorial","New Jersey",0,0,0,1,7,4,7,2,7,1,7,3,"Yes","Mikie Sherill",4,"Independent",NA,NA,"Neither","Independent | Neither",1,45,"woman","Hispanic, Latino, or Spanish origin","MA","$60,001-$80,000",4,5,0,0,0,0,1,NA
"VQ841cr","Minnesota","Hennepin","Jacob Frey","Omar Fateh","Mayoral","Minneapolis",NA,0,1,0,3,5,2.5,2.5,2,2,3,3,"Yes",NA,5,"Republican",NA,"Not very strong",NA,"Republican | Not very strong",1,30,"man","White","4yearColl",NA,NA,4,1,1,1,0,0,NA
"LK340do","New Jersey","Somerset","Jack Ciattarelli","Mikie Sherill","Gubernatorial","New Jersey",0,0,0,1,4,1,7,2.5,7,1,7,4,"Yes","Mikie Sherill",2,"Independent",NA,NA,"Neither","Independent | Neither",1,36,"man","White","MA","$80,001-$100,000",5,5,1,1,0,0,1,NA
"XH062rb","New Jersey","Camden","Jack Ciattarelli","Mikie Sherill","Gubernatorial","New Jersey",0,0,0,1,7,3,6.5,1.5,7,1,6,2,"Yes","Mikie Sherill",2,"Democrat","Not very strong",NA,NA,"Democrat | Not very strong",1,41,"man","White","MA","Over $200,000",11,5,1,1,0,1,0,NA
"ZD339dg","New Jersey","Mercer","Jack Ciattarelli","Mikie Sherill","Gubernatorial","New Jersey",0,0,0,1,7,2,7,2.5,7,3,7,2,"Yes","Mikie Sherill",3,"Democrat","Not very strong",NA,NA,"Democrat | Not very strong",1,54,"man","Black or African American","MA","Over $200,000",11,5,0,1,0,1,0,NA
"PJ655za","New York","Kings","Zohran Mamdani","Andrew Cuomo","Mayoral","New York City",1,1,0,0,3,2,1,4,1,3,1,5,"Yes","Zohran Mamdani",1,"Democrat","Strong",NA,NA,"Democrat | Strong",1,18,"woman","multiracial","GED","Over $200,000",11,2,0,0,0,1,0,NA
"RW878zy","New York","Queens","Zohran Mamdani","Andrew Cuomo","Mayoral","New York City",1,1,0,0,6,2,3,5,1,6,5,4,"Yes","Zohran Mamdani",1,"Democrat","Strong",NA,NA,"Democrat | Strong",1,25,"woman","White","4yearColl","$100,001-$120,000",6,4,1,0,0,1,0,NA
"FQ812is","New York","New York","Zohran Mamdani","Andrew Cuomo","Mayoral","New York City",1,1,0,0,7,1,1.5,4.5,1,3,2,6,"Yes","Zohran Mamdani",2,"Democrat","Strong",NA,NA,"Democrat | Strong",1,28,"man","White","4yearColl","$160,001-$180,000",9,4,1,1,0,1,0,NA
"DB406fp","New Jersey","Bergen","Jack Ciattarelli","Mikie Sherill","Gubernatorial","New Jersey",0,0,0,1,5,6,4,5.5,4,5,4,6,"No","Mikie Sherill",5,"Republican",NA,"Not very strong",NA,"Republican | Not very strong",1,28,"man","Asian","MA","Over $200,000",11,5,0,1,1,0,0,NA
"QW739lh","New York","New York","Zohran Mamdani","Andrew Cuomo","Mayoral","New York City",NA,0,1,0,7,7,1,4.5,1,4,1,5,"Yes","Curtis Sliwa",4,"Republican",NA,"Not very strong",NA,"Republican | Not very strong",1,29,"woman",NA,"4yearColl","Over $200,000",11,4,NA,0,1,0,0,NA
"ZO788ur","Washington","King","Bruce Harrell","Katie Wilson","Mayoral","Seattle",NA,0,1,0,1,4,7,4,7,4,7,4,"No",NA,4,"No preference",NA,NA,"Neither","Independent | Neither",1,35,"man","White","4yearColl","$140,001-$160,000",8,4,1,1,0,0,0,NA
"UB830hr","New Jersey","Monmouth","Jack Ciattarelli","Mikie Sherill","Gubernatorial","New Jersey",1,1,0,0,4,6,4.5,3.5,5,3,4,4,"Not sure","Jack Ciattarelli",5,"Independent",NA,NA,"Closer to Republican","Independent | Closer to Republican",1,29,"man","White","GED","$40,001-$60,000",3,2,1,1,0,0,1,NA
"FH656gs","Washington","King","Bruce Harrell","Katie Wilson","Mayoral","Seattle",0,0,0,1,2,6,3.5,1,2,1,5,1,"Yes","Bruce Harrell",5,"Independent",NA,NA,"Closer to Republican","Independent | Closer to Republican",1,51,"man","White","4yearColl","$140,001-$160,000",8,4,1,1,0,0,1,NA
"WD933zk","New Jersey","Hudson","Jack Ciattarelli","Mikie Sherill","Gubernatorial","New Jersey",0,0,0,1,1,1,7,3.5,7,4,7,3,"No","Mikie Sherill",2,"Democrat","Strong",NA,NA,"Democrat | Strong",1,29,"man","Black or African American","4yearColl","$60,001-$80,000",4,4,0,1,0,1,0,NA
"AM041xn","New Jersey","Bergen","Jack Ciattarelli","Mikie Sherill","Gubernatorial","New Jersey",1,1,0,0,6,1,5.5,1.5,5,1,6,2,"Yes","Jack Ciattarelli",6,"Republican",NA,"Strong",NA,"Republican | Strong",1,61,"woman","White","4yearColl","Over $200,000",11,4,1,0,1,0,0,"N/A"
"PB674qh","New Jersey","Monmouth","Jack Ciattarelli","Mikie Sherill","Gubernatorial","New Jersey",0,0,0,1,4,3,5,3.5,5,3,5,4,"Yes","Mikie Sherill",3,"Democrat","Not very strong",NA,NA,"Democrat | Not very strong",1,34,"woman","White","4yearColl","$120,001-$140,000",7,4,1,0,0,1,0,NA
"NL864qo","New Jersey","Gloucester","Jack Ciattarelli","Mikie Sherill","Gubernatorial","New Jersey",NA,0,1,0,3,5,4.5,3,5,2,4,4,"Not sure",NA,4,"Independent",NA,NA,"Neither","Independent | Neither",1,38,"woman","White","2yearColl","$40,001-$60,000",3,3,1,0,0,0,1,"Thank You!"
"KC996vp","New Jersey","Middlesex","Jack Ciattarelli","Mikie Sherill","Gubernatorial","New Jersey",1,1,0,0,5,3,5.5,1,5,1,6,1,"Yes","Jack Ciattarelli",6,"Republican",NA,"Strong",NA,"Republican | Strong",1,42,"woman","White","MA","$140,001-$160,000",8,5,1,0,1,0,0,NA
"QK375qh","New Jersey","Camden","Jack Ciattarelli","Mikie Sherill","Gubernatorial","New Jersey",0,0,0,1,1,2,6.5,2.5,7,2,6,3,"Yes","Mikie Sherill",2,"Democrat","Not very strong",NA,NA,"Democrat | Not very strong",1,21,"man","multiracial","GED",NA,NA,2,0,1,0,1,0,NA
"MC556rr","New York","Queens","Zohran Mamdani","Andrew Cuomo","Mayoral","New York City",1,1,0,0,4,1,2,6.5,1,6,3,7,"Yes","Zohran Mamdani",1,"Democrat","Strong",NA,NA,"Democrat | Strong",1,36,"woman","White","4yearColl","$120,001-$140,000",7,4,1,0,0,1,0,NA
"EO063rr","New Jersey","Hudson","Jack Ciattarelli","Mikie Sherill","Gubernatorial","New Jersey",0,0,0,1,7,1,7,1,7,1,7,1,"Yes","Mikie Sherill",1,"Independent",NA,NA,"Neither","Independent | Neither",1,25,NA,"White",NA,NA,NA,NA,1,NA,0,0,1,NA
"PM138tq","Minnesota","Hennepin","Jacob Frey","Omar Fateh","Mayoral","Minneapolis",1,1,0,0,2,6,5,2,5,2,5,2,"Yes","Omar Fateh",2,"Democrat","Strong",NA,NA,"Democrat | Strong",1,60,"man","White","GED","$20,001-$40,000",2,2,1,1,0,1,0,NA
"SS185ws","New York","Kings","Zohran Mamdani","Andrew Cuomo","Mayoral","New York City",1,1,0,0,6,1,1.5,6,1,6,2,6,"Not sure","Zohran Mamdani",1,"Democrat","Not very strong",NA,NA,"Democrat | Not very strong",1,21,"woman","Asian","GED","$0-$20,000",1,2,0,0,0,1,0,NA
"NM039sm","New Jersey","Burlington","Jack Ciattarelli","Mikie Sherill","Gubernatorial","New Jersey",1,1,0,0,3,3,4,2.5,4,2,4,3,"Not sure","Jack Ciattarelli",4,"No preference",NA,NA,"Neither","Independent | Neither",1,32,"woman","White","GED","$20,001-$40,000",2,2,1,0,0,0,0,NA
"HZ461ni","New York","Kings","Zohran Mamdani","Andrew Cuomo","Mayoral","New York City",1,1,0,0,7,1,1,4.5,1,3,1,6,"Yes","Zohran Mamdani",2,"Democrat","Strong",NA,NA,"Democrat | Strong",1,33,"woman","Black or African American","MA","$100,001-$120,000",6,5,0,0,0,1,0,NA
"ZH593vp","New Jersey","Burlington","Jack Ciattarelli","Mikie Sherill","Gubernatorial","New Jersey",0,0,0,1,4,4,7,1,7,1,7,1,"Yes","Mikie Sherill",1,"Democrat","Strong",NA,NA,"Democrat | Strong",1,52,"woman","White","MA","$140,001-$160,000",8,5,1,0,0,1,0,NA
"YO440dv","New Jersey","Ocean","Jack Ciattarelli","Mikie Sherill","Gubernatorial","New Jersey",0,0,0,1,5,3,7,1.5,7,2,7,1,"Yes","Mikie Sherill",1,"Democrat","Strong",NA,NA,"Democrat | Strong",1,35,"woman","White","GED","$120,001-$140,000",7,2,1,0,0,1,0,NA
"AR559qf","New Jersey","Camden","Jack Ciattarelli","Mikie Sherill","Gubernatorial","New Jersey",NA,0,1,0,5,5,4.5,4.5,5,5,4,4,"No",NA,6,"Independent",NA,NA,"Closer to Democratic","Independent | Closer to Democratic",1,35,"woman","Black or African American","GED","$40,001-$60,000",3,2,0,0,0,0,1,NA
"VW495ck","New York","New York","Zohran Mamdani","Andrew Cuomo","Mayoral","New York City",1,1,0,0,4,1,2,6,1,5,3,7,"Yes","Zohran Mamdani",1,"Democrat","Strong",NA,NA,"Democrat | Strong",1,32,"woman","Hispanic, Latino, or Spanish origin","MA","$120,001-$140,000",7,5,0,0,0,1,0,NA
"XH955qs","Minnesota","Hennepin","Jacob Frey","Omar Fateh","Mayoral","Minneapolis",0,0,0,1,3,5,4.5,3,4,1,5,5,"No","Jacob Frey",2,"Democrat","Strong",NA,NA,"Democrat | Strong",1,39,"man","White","GED","$20,001-$40,000",2,2,1,1,0,1,0,NA
"QC959sn","New Jersey","Cumberland","Jack Ciattarelli","Mikie Sherill","Gubernatorial","New Jersey",NA,0,1,0,5,3,4,4,5,3,3,5,"No",NA,4,"Independent",NA,NA,"Neither","Independent | Neither",1,33,"woman","White","MA","$180,001-$200,000",10,5,1,0,0,0,1,NA
"AB210st","New Jersey","Hudson","Jack Ciattarelli","Mikie Sherill","Gubernatorial","New Jersey",0,0,0,1,2,7,4,4,7,1,1,7,"Yes","Mikie Sherill",2,"Democrat","Strong",NA,NA,"Democrat | Strong",1,32,"man","Hispanic, Latino, or Spanish origin","2yearColl","$40,001-$60,000",3,3,0,1,0,1,0,NA
"OF055an","New York","Kings","Zohran Mamdani","Andrew Cuomo","Mayoral","New York City",NA,0,1,0,1,3,1,3,1,3,1,3,"Yes",NA,6,"Republican",NA,"Not very strong",NA,"Republican | Not very strong",1,25,"woman","White","4yearColl","Over $200,000",11,4,1,0,1,0,0,NA
"SM024nk","New York","Kings","Zohran Mamdani","Andrew Cuomo","Mayoral","New York City",0,0,0,1,4,5,4,4.5,3,4,5,5,"Yes","Andrew Cuomo",5,"Democrat","Not very strong",NA,NA,"Democrat | Not very strong",1,38,"man","Black or African American","2yearColl","$20,001-$40,000",2,3,0,1,0,1,0,NA
"WL405yq","New York","New York","Zohran Mamdani","Andrew Cuomo","Mayoral","New York City",0,0,0,1,7,4,1,5,1,4,1,6,"Yes","Andrew Cuomo",5,"Independent",NA,NA,"Closer to Republican","Independent | Closer to Republican",1,38,"woman","White","MA","Over $200,000",11,5,1,0,0,0,1,NA
"JE866st","New York","Queens","Zohran Mamdani","Andrew Cuomo","Mayoral","New York City",1,1,0,0,7,1,1,3.5,1,4,1,3,"Yes","Zohran Mamdani",4,"Democrat","Strong",NA,NA,"Democrat | Strong",1,25,"woman","Black or African American","GED","$20,001-$40,000",2,2,0,0,0,1,0,"The survey was quite good, and no hitches"
"LP372ow","Minnesota","Hennepin","Jacob Frey","Omar Fateh","Mayoral","Minneapolis",1,1,0,0,2,6,3,1,3,1,3,1,"Yes","Omar Fateh",1,"Democrat","Strong",NA,NA,"Democrat | Strong",1,29,"man","White","PHD","$100,001-$120,000",6,6,1,1,0,1,0,NA
"PW234vl","New Jersey","Hudson","Jack Ciattarelli","Mikie Sherill","Gubernatorial","New Jersey",0,0,0,1,1,4,7,2,7,3,7,1,"No","Mikie Sherill",3,"Democrat","Strong",NA,NA,"Democrat | Strong",1,44,"woman","White","MA","$40,001-$60,000",3,5,1,0,0,1,0,"na"
"QN082wn","New Jersey","Camden","Jack Ciattarelli","Mikie Sherill","Gubernatorial","New Jersey",0,0,0,1,3,3,5.5,2.5,6,2,5,3,"Yes","Mikie Sherill",2,"Democrat","Strong",NA,NA,"Democrat | Strong",1,33,"woman","Hispanic, Latino, or Spanish origin","4yearColl","$100,001-$120,000",6,4,0,0,0,1,0,NA
"TJ075yt","New Jersey","Monmouth","Jack Ciattarelli","Mikie Sherill","Gubernatorial","New Jersey",1,1,0,0,6,3,5,4,6,3,4,5,"Yes","Jack Ciattarelli",6,"Republican",NA,"Not very strong",NA,"Republican | Not very strong",1,31,"woman","White","2yearColl","$60,001-$80,000",4,3,1,0,1,0,0,NA
"YB018ss","New Jersey","Hudson","Jack Ciattarelli","Mikie Sherill","Gubernatorial","New Jersey",0,0,0,1,1,5,7,3.5,7,3,7,4,"Yes","Mikie Sherill",2,"Democrat","Strong",NA,NA,"Democrat | Strong",1,34,"woman","multiracial","MA","Over $200,000",11,5,0,0,0,1,0,"N/A"
"PW500gk","Washington","King","Bruce Harrell","Katie Wilson","Mayoral","Seattle",0,0,0,1,2,3,2.5,1,3,1,2,1,"Yes","Bruce Harrell",3,"Democrat","Not very strong",NA,NA,"Democrat | Not very strong",1,51,"man","White","MA","$160,001-$180,000",9,5,1,1,0,1,0,NA
"JM878ll","Minnesota","Anoka","Jacob Frey","Omar Fateh","Mayoral","Minneapolis",0,0,0,1,4,5,3.5,3,3,2,4,4,"No","Jacob Frey",2,"Democrat","Not very strong",NA,NA,"Democrat | Not very strong",1,34,"woman","White","2yearColl","$100,001-$120,000",6,3,1,0,0,1,0,NA
"NQ045kp","New Jersey","Somerset","Jack Ciattarelli","Mikie Sherill","Gubernatorial","New Jersey",0,0,0,1,2,4,6.5,4,6,3,7,5,"Yes","Mikie Sherill",4,"Independent",NA,NA,"Neither","Independent | Neither",1,30,"man","White","4yearColl","Over $200,000",11,4,1,1,0,0,1,NA
"GR277cp","New Jersey","Middlesex","Jack Ciattarelli","Mikie Sherill","Gubernatorial","New Jersey",0,0,0,1,4,3,7,3.5,7,3,7,4,"Yes","Mikie Sherill",2,"Independent",NA,NA,"Closer to Democratic","Independent | Closer to Democratic",1,35,"woman","White","4yearColl","Over $200,000",11,4,1,0,0,0,1,NA
"FW228nh","New York","Kings","Zohran Mamdani","Andrew Cuomo","Mayoral","New York City",NA,0,1,0,7,3,1,3.5,1,4,1,3,"Yes",NA,4,"Independent",NA,NA,"Neither","Independent | Neither",1,27,"man","multiracial","4yearColl",NA,NA,4,0,1,0,0,1,NA
"CT245rv","New Jersey","Camden","Jack Ciattarelli","Mikie Sherill","Gubernatorial","New Jersey",0,0,0,1,7,3,7,2,7,2,7,2,"Yes","Mikie Sherill",3,"Democrat","Not very strong",NA,NA,"Democrat | Not very strong",1,30,"woman","Black or African American","4yearColl","$0-$20,000",1,4,0,0,0,1,0,NA
"BF963uu","New Jersey","Essex","Jack Ciattarelli","Mikie Sherill","Gubernatorial","New Jersey",1,1,0,0,4,4,5,2.5,5,3,5,2,"No","Jack Ciattarelli",4,"No preference",NA,NA,"Neither","Independent | Neither",1,43,"woman","Other (please specify)","4yearColl","Over $200,000",11,4,0,0,0,0,0,NA
"YZ960or","Minnesota","Hennepin","Jacob Frey","Omar Fateh","Mayoral","Minneapolis",NA,0,1,0,2,5,3.5,2.5,4,4,3,1,"Yes",NA,2,"Democrat","Strong",NA,NA,"Democrat | Strong",1,33,"woman","White","MA","$80,001-$100,000",5,5,1,0,0,1,0,NA
"OP687dp","New Jersey","Mercer","Jack Ciattarelli","Mikie Sherill","Gubernatorial","New Jersey",0,0,0,1,7,3,7,3,7,2,7,4,"Yes","Mikie Sherill",1,"Democrat","Strong",NA,NA,"Democrat | Strong",1,62,"woman","White","GED","$120,001-$140,000",7,2,1,0,0,1,0,NA
"FS775qo","New Jersey","Mercer","Jack Ciattarelli","Mikie Sherill","Gubernatorial","New Jersey",0,0,0,1,7,1,6,2.5,7,2,5,3,"Yes","Mikie Sherill",3,"Independent",NA,NA,"Closer to Democratic","Independent | Closer to Democratic",1,62,"woman","multiracial","4yearColl","$40,001-$60,000",3,4,0,0,0,0,1,"No comments"
"SM811jj","New York","Bronx","Zohran Mamdani","Andrew Cuomo","Mayoral","New York City",1,1,0,0,5,1,3,6.5,3,7,3,6,"No","Zohran Mamdani",4,"Independent",NA,NA,"Closer to Democratic","Independent | Closer to Democratic",1,38,"woman","White","MA","$80,001-$100,000",5,5,1,0,0,0,1,NA
"NZ051qk","New Jersey","Mercer","Jack Ciattarelli","Mikie Sherill","Gubernatorial","New Jersey",0,0,0,1,1,2,7,4.5,7,5,7,4,"Yes","Mikie Sherill",1,"Democrat","Strong",NA,NA,"Democrat | Strong",1,39,"woman","Black or African American","4yearColl","$20,001-$40,000",2,4,0,0,0,1,0,NA
"TI290ly","New York","New York","Zohran Mamdani","Andrew Cuomo","Mayoral","New York City",1,1,0,0,6,2,1.5,5,1,5,2,5,"Yes","Zohran Mamdani",3,"Democrat","Not very strong",NA,NA,"Democrat | Not very strong",1,38,"man","White","4yearColl","$80,001-$100,000",5,4,1,1,0,1,0,NA
"YF658dx","New Jersey","Passaic","Jack Ciattarelli","Mikie Sherill","Gubernatorial","New Jersey",NA,0,1,0,4,4,4,4,4,4,4,4,"No",NA,4,"No preference",NA,NA,"Neither","Independent | Neither",1,38,"woman","multiracial","4yearColl","$160,001-$180,000",9,4,0,0,0,0,0,NA
"WF883qx","New York","New York","Zohran Mamdani","Andrew Cuomo","Mayoral","New York City",1,1,0,0,5,1,2,6,2,6,2,6,"Yes","Zohran Mamdani",2,"Democrat","Not very strong",NA,NA,"Democrat | Not very strong",1,27,"woman","Asian","4yearColl","$120,001-$140,000",7,4,0,0,0,1,0,NA
"AT606ow","New York","New York","Zohran Mamdani","Andrew Cuomo","Mayoral","New York City",1,1,0,0,6,1,2,6,1,5,3,7,"Yes","Zohran Mamdani",1,"Democrat","Not very strong",NA,NA,"Democrat | Not very strong",1,35,"man","Hispanic, Latino, or Spanish origin","4yearColl","$20,001-$40,000",2,4,0,1,0,1,0,NA
"FV681cm","New York","Richmond","Zohran Mamdani","Andrew Cuomo","Mayoral","New York City",1,1,0,0,6,2,1.5,5,1,5,2,5,"Yes","Zohran Mamdani",4,"Democrat","Not very strong",NA,NA,"Democrat | Not very strong",1,29,"man","White","2yearColl","$40,001-$60,000",3,3,1,1,0,1,0,NA
"TX859pg","New York","Queens","Zohran Mamdani","Andrew Cuomo","Mayoral","New York City",1,1,0,0,5,3,2.5,4.5,2,4,3,5,"Yes","Zohran Mamdani",2,"Democrat","Not very strong",NA,NA,"Democrat | Not very strong",1,25,"man","Asian","4yearColl","$20,001-$40,000",2,4,0,1,0,1,0,NA
"UX781om","New York","Richmond","Zohran Mamdani","Andrew Cuomo","Mayoral","New York City",1,1,0,0,6,2,2,6,2,5,2,7,"Yes","Zohran Mamdani",3,"Democrat","Strong",NA,NA,"Democrat | Strong",1,54,"man","multiracial","4yearColl","$20,001-$40,000",2,4,0,1,0,1,0,NA
"SE012wm","New Jersey","Monmouth","Jack Ciattarelli","Mikie Sherill","Gubernatorial","New Jersey",0,0,0,1,1,7,7,1,7,1,7,1,"No","Mikie Sherill",1,"Democrat","Strong",NA,NA,"Democrat | Strong",1,32,"man","White","GED","$40,001-$60,000",3,2,1,1,0,1,0,NA
"UY390zb","New Jersey","Hudson","Jack Ciattarelli","Mikie Sherill","Gubernatorial","New Jersey",1,1,0,0,4,4,2,5.5,1,4,3,7,"No","Jack Ciattarelli",4,"No preference",NA,NA,"Neither","Independent | Neither",1,31,"woman","Asian","MA","$80,001-$100,000",5,5,0,0,0,0,0,NA
"JI959rh","New Jersey","Hudson","Jack Ciattarelli","Mikie Sherill","Gubernatorial","New Jersey",0,0,0,1,3,5,6,3.5,6,3,6,4,"Not sure","Mikie Sherill",2,"Democrat","Not very strong",NA,NA,"Democrat | Not very strong",1,39,"man","multiracial","4yearColl","$20,001-$40,000",2,4,0,1,0,1,0,NA
"VZ894qd","New York","New York","Zohran Mamdani","Andrew Cuomo","Mayoral","New York City",1,1,0,0,5,3,4,3.5,6,2,2,5,"Yes","Zohran Mamdani",3,"Democrat","Not very strong",NA,NA,"Democrat | Not very strong",1,18,"woman","White","GED","$0-$20,000",1,2,1,0,0,1,0,NA
"QU192nf","New Jersey","Union","Jack Ciattarelli","Mikie Sherill","Gubernatorial","New Jersey",0,0,0,1,3,7,6.5,1,7,1,6,1,"Yes","Mikie Sherill",4,"Independent",NA,NA,"Closer to Democratic","Independent | Closer to Democratic",1,25,"woman","Black or African American","4yearColl",NA,NA,4,0,0,0,0,1,NA
"DV463ia","New York","Queens","Zohran Mamdani","Andrew Cuomo","Mayoral","New York City",0,0,0,1,5,3,4,3.5,2,4,6,3,"Not sure","Andrew Cuomo",1,"Democrat","Strong",NA,NA,"Democrat | Strong",1,48,"woman","Black or African American","2yearColl","$140,001-$160,000",8,3,0,0,0,1,0,NA
"WK768dp","New Jersey","Bergen","Jack Ciattarelli","Mikie Sherill","Gubernatorial","New Jersey",0,0,0,1,7,1,7,2,7,1,7,3,"Yes","Mikie Sherill",1,"Democrat","Strong",NA,NA,"Democrat | Strong",1,30,"woman","Hispanic, Latino, or Spanish origin","4yearColl","$40,001-$60,000",3,4,0,0,0,1,0,NA
"PD869pd","Minnesota","Hennepin","Jacob Frey","Omar Fateh","Mayoral","Minneapolis",0,0,0,1,5,2,5,3,5,3,5,3,"Yes","Jacob Frey",2,"Democrat","Strong",NA,NA,"Democrat | Strong",1,29,"man","Black or African American","MA","$140,001-$160,000",8,5,0,1,0,1,0,NA
"BW795bp","New Jersey","Monmouth","Jack Ciattarelli","Mikie Sherill","Gubernatorial","New Jersey",1,1,0,0,5,4,5.5,2,5,2,6,2,"Yes","Jack Ciattarelli",5,"Republican",NA,"Not very strong",NA,"Republican | Not very strong",1,40,"woman","White","4yearColl","$180,001-$200,000",10,4,1,0,1,0,0,NA
"NX511di","New York","New York","Zohran Mamdani","Andrew Cuomo","Mayoral","New York City",1,1,0,0,5,1,1.5,7,1,7,2,7,"Yes","Zohran Mamdani",1,"Democrat","Not very strong",NA,NA,"Democrat | Not very strong",1,48,"woman","White","4yearColl","$120,001-$140,000",7,4,1,0,0,1,0,NA
"HG637ct","New Jersey","Sussex","Jack Ciattarelli","Mikie Sherill","Gubernatorial","New Jersey",0,0,0,1,7,3,4,4,7,3,1,5,"Yes","Mikie Sherill",2,"Democrat","Strong",NA,NA,"Democrat | Strong",1,40,"woman","White","MA","$160,001-$180,000",9,5,1,0,0,1,0,NA
"CC020tb","New Jersey","Burlington","Jack Ciattarelli","Mikie Sherill","Gubernatorial","New Jersey",0,0,0,1,1,4,7,3,7,3,7,3,"Yes","Mikie Sherill",2,"Democrat","Not very strong",NA,NA,"Democrat | Not very strong",1,34,"woman","Black or African American","4yearColl","$140,001-$160,000",8,4,0,0,0,1,0,NA
"SL279vs","New York","New York","Zohran Mamdani","Andrew Cuomo","Mayoral","New York City",1,1,0,0,6,1,1,6.5,1,6,1,7,"Yes","Zohran Mamdani",1,"Democrat","Not very strong",NA,NA,"Democrat | Not very strong",1,25,"woman","Hispanic, Latino, or Spanish origin","4yearColl","$40,001-$60,000",3,4,0,0,0,1,0,NA
"WK392wa","New York","Queens","Zohran Mamdani","Andrew Cuomo","Mayoral","New York City",0,0,0,1,7,3,1,5,1,5,1,5,"Yes","Andrew Cuomo",5,"Republican",NA,"Not very strong",NA,"Republican | Not very strong",1,41,"woman","Asian","4yearColl","Over $200,000",11,4,0,0,1,0,0,NA
"YN357qk","New Jersey","Mercer","Jack Ciattarelli","Mikie Sherill","Gubernatorial","New Jersey",NA,0,1,0,4,4,3.5,4,4,4,3,4,"Not sure",NA,4,"Democrat","Not very strong",NA,NA,"Democrat | Not very strong",1,44,"man","White","4yearColl","$40,001-$60,000",3,4,1,1,0,1,0,NA
"KS992na","New Jersey","Hudson","Jack Ciattarelli","Mikie Sherill","Gubernatorial","New Jersey",0,0,0,1,7,1,7,2,7,3,7,1,"Yes","Mikie Sherill",1,"Democrat","Not very strong",NA,NA,"Democrat | Not very strong",1,26,"woman","Hispanic, Latino, or Spanish origin","4yearColl","$140,001-$160,000",8,4,0,0,0,1,0,NA
"QV374xg","New York","Kings","Zohran Mamdani","Andrew Cuomo","Mayoral","New York City",0,0,0,1,2,3,1.5,3.5,1,3,2,4,"Not sure","Andrew Cuomo",6,"Republican",NA,"Strong",NA,"Republican | Strong",1,28,"woman","White","4yearColl","$40,001-$60,000",3,4,1,0,1,0,0,NA
"CL250cs","New York","New York","Zohran Mamdani","Andrew Cuomo","Mayoral","New York City",1,1,0,0,5,3,1,5,1,4,1,6,"No","Zohran Mamdani",2,"Democrat","Not very strong",NA,NA,"Democrat | Not very strong",1,24,"woman","White","GED","$20,001-$40,000",2,2,1,0,0,1,0,NA
"BB832ma","New Jersey","Bergen","Jack Ciattarelli","Mikie Sherill","Gubernatorial","New Jersey",1,1,0,0,5,2,4,3,5,1,3,5,"Yes","Jack Ciattarelli",2,"Republican",NA,"Not very strong",NA,"Republican | Not very strong",1,51,"woman","White","2yearColl","$180,001-$200,000",10,3,1,0,1,0,0,NA
"TT402yv","New Jersey","Gloucester","Jack Ciattarelli","Mikie Sherill","Gubernatorial","New Jersey",0,0,0,1,1,7,4,4,7,1,1,7,"Yes","Mikie Sherill",1,"Democrat","Strong",NA,NA,"Democrat | Strong",1,63,"woman","Black or African American","MA","$80,001-$100,000",5,5,0,0,0,1,0,NA
"NJ636oh","Minnesota","Anoka","Jacob Frey","Omar Fateh","Mayoral","Minneapolis",0,0,0,1,4,6,2.5,1,2,1,3,1,"Yes","Jacob Frey",2,"Democrat","Not very strong",NA,NA,"Democrat | Not very strong",1,30,"woman","White","MA","$60,001-$80,000",4,5,1,0,0,1,0,NA
"UV457wj","New Jersey","Camden","Jack Ciattarelli","Mikie Sherill","Gubernatorial","New Jersey",NA,0,1,0,4,4,4,4,4,4,4,4,"No",NA,4,"Independent",NA,NA,"Neither","Independent | Neither",1,19,"man","Asian","GED","$20,001-$40,000",2,2,0,1,0,0,1,NA
"AP050zl","New York","Queens","Zohran Mamdani","Andrew Cuomo","Mayoral","New York City",1,1,0,0,7,1,1.5,6,1,7,2,5,"Yes","Zohran Mamdani",1,"Democrat","Strong",NA,NA,"Democrat | Strong",1,24,"woman","Asian","4yearColl","$40,001-$60,000",3,4,0,0,0,1,0,NA
"YO144he","New York","Queens","Zohran Mamdani","Andrew Cuomo","Mayoral","New York City",1,1,0,0,6,2,1.5,4,1,3,2,5,"Yes","Zohran Mamdani",1,"Democrat","Strong",NA,NA,"Democrat | Strong",1,34,"man","White","GED","$80,001-$100,000",5,2,1,1,0,1,0,NA
"CX738du","New York","Kings","Zohran Mamdani","Andrew Cuomo","Mayoral","New York City",0,0,0,1,7,5,2.5,2.5,1,4,4,1,"Yes","Andrew Cuomo",3,"Democrat","Strong",NA,NA,"Democrat | Strong",1,61,"woman","Black or African American","4yearColl","$80,001-$100,000",5,4,0,0,0,1,0,NA
"PZ118ra","New Jersey","Bergen","Jack Ciattarelli","Mikie Sherill","Gubernatorial","New Jersey",0,0,0,1,4,5,4.5,3.5,5,3,4,4,"Yes","Mikie Sherill",3,"Democrat","Not very strong",NA,NA,"Democrat | Not very strong",1,33,"woman","White","4yearColl","$120,001-$140,000",7,4,1,0,0,1,0,NA
"HL356zk","New Jersey","Bergen","Jack Ciattarelli","Mikie Sherill","Gubernatorial","New Jersey",NA,0,1,0,4,4,4,4,3,6,5,2,"Yes",NA,2,"Democrat","Strong",NA,NA,"Democrat | Strong",1,22,"woman","White","4yearColl","Over $200,000",11,4,1,0,0,1,0,NA
"BX577ou","New Jersey","Passaic","Jack Ciattarelli","Mikie Sherill","Gubernatorial","New Jersey",NA,0,1,0,3,3,4.5,5,5,5,4,5,"Not sure",NA,2,"Democrat","Not very strong",NA,NA,"Democrat | Not very strong",1,25,"woman","White","4yearColl","$40,001-$60,000",3,4,1,0,0,1,0,NA
"QJ626dp","New York","Kings","Zohran Mamdani","Andrew Cuomo","Mayoral","New York City",1,1,0,0,7,1,1,6,1,6,1,6,"Yes","Zohran Mamdani",1,"Democrat","Not very strong",NA,NA,"Democrat | Not very strong",1,61,"man","White","MA","$160,001-$180,000",9,5,1,1,0,1,0,NA
"JZ047pt","New Jersey","Bergen","Jack Ciattarelli","Mikie Sherill","Gubernatorial","New Jersey",NA,0,1,0,4,4,4,4,4,4,4,4,"Yes",NA,3,"Democrat","Not very strong",NA,NA,"Democrat | Not very strong",1,20,"man","Asian","GED","$140,001-$160,000",8,2,0,1,0,1,0,NA
"GX394rp","New York","New York","Zohran Mamdani","Andrew Cuomo","Mayoral","New York City",1,1,0,0,5,1,1.5,6.5,1,6,2,7,"Yes","Zohran Mamdani",1,"Democrat","Strong",NA,NA,"Democrat | Strong",1,27,"man","White","MA","$80,001-$100,000",5,5,1,1,0,1,0,NA
"JL805qe","New York","Queens","Zohran Mamdani","Andrew Cuomo","Mayoral","New York City",1,1,0,0,3,1,1,6.5,1,6,1,7,"Yes","Zohran Mamdani",2,"Democrat","Strong",NA,NA,"Democrat | Strong",1,39,"woman","White","MA","$160,001-$180,000",9,5,1,0,0,1,0,NA
"XT361ig","New Jersey","Union","Jack Ciattarelli","Mikie Sherill","Gubernatorial","New Jersey",0,0,0,1,4,4,7,3,7,3,7,3,"Yes","Mikie Sherill",2,"Democrat","Strong",NA,NA,"Democrat | Strong",1,32,"man","White","4yearColl","Over $200,000",11,4,1,1,0,1,0,NA
"PZ867yx","New York","Kings","Zohran Mamdani","Andrew Cuomo","Mayoral","New York City",NA,0,1,0,4,4,4,4,4,4,4,4,"No","Curtis Sliwa",3,"Independent",NA,NA,"Closer to Republican","Independent | Closer to Republican",1,20,"man","White","GED","$40,001-$60,000",3,2,1,1,0,0,1,NA
"EJ637qm","Washington","King","Bruce Harrell","Katie Wilson","Mayoral","Seattle",1,1,0,0,2,3,6,1.5,7,1,5,2,"Yes","Katie Wilson",2,"Democrat","Strong",NA,NA,"Democrat | Strong",1,43,"woman","White","4yearColl","Over $200,000",11,4,1,0,0,1,0,NA
"FC211kz","New Jersey","Bergen","Jack Ciattarelli","Mikie Sherill","Gubernatorial","New Jersey",0,0,0,1,4,2,6,2.5,6,3,6,2,"Yes","Mikie Sherill",4,"Independent",NA,NA,"Closer to Democratic","Independent | Closer to Democratic",1,27,"woman","Black or African American","4yearColl","$60,001-$80,000",4,4,0,0,0,0,1,NA
"AC588tt","New Jersey","Cape May","Jack Ciattarelli","Mikie Sherill","Gubernatorial","New Jersey",NA,0,1,0,5,4,4,4,6,3,2,5,"Yes",NA,6,"Independent",NA,NA,"Closer to Republican","Independent | Closer to Republican",1,61,"woman","White","GED","$80,001-$100,000",5,2,1,0,0,0,1,NA
"IU365vy","New York","Richmond","Zohran Mamdani","Andrew Cuomo","Mayoral","New York City",NA,0,1,0,1,7,3.5,5.5,3,7,4,4,"Not sure","Curtis Sliwa",5,"Independent",NA,NA,"Neither","Independent | Neither",1,31,"woman","multiracial","GED","$0-$20,000",1,2,0,0,0,0,1,NA
"VO609qv","Washington","King","Bruce Harrell","Katie Wilson","Mayoral","Seattle",1,1,0,0,1,6,6,2.5,5,3,7,2,"Yes","Katie Wilson",1,"Democrat","Strong",NA,NA,"Democrat | Strong",1,30,"man","White","GED","$80,001-$100,000",5,2,1,1,0,1,0,"None at all, thank you! :)"
"LF926in","New Jersey","Burlington","Jack Ciattarelli","Mikie Sherill","Gubernatorial","New Jersey",NA,0,1,0,1,1,4,4,4,4,4,4,"No",NA,3,"Independent",NA,NA,"Closer to Democratic","Independent | Closer to Democratic",1,43,"woman","White","GED","$40,001-$60,000",3,2,1,0,0,0,1,NA
"QW950to","New York","Richmond","Zohran Mamdani","Andrew Cuomo","Mayoral","New York City",1,1,0,0,6,1,3,5,1,7,5,3,"Yes","Zohran Mamdani",3,"Democrat","Strong",NA,NA,"Democrat | Strong",1,28,"man","White","4yearColl","$100,001-$120,000",6,4,1,1,0,1,0,NA
"JU215nd","New Jersey","Hudson","Jack Ciattarelli","Mikie Sherill","Gubernatorial","New Jersey",NA,0,1,0,5,3,4.5,2.5,6,3,3,2,"Yes",NA,4,"Democrat","Not very strong",NA,NA,"Democrat | Not very strong",1,37,"man","Asian","MA","$120,001-$140,000",7,5,0,1,0,1,0,NA
"NJ604qp","New York","Bronx","Zohran Mamdani","Andrew Cuomo","Mayoral","New York City",NA,0,1,0,1,2,2.5,5.5,1,7,4,4,"Yes",NA,4,"Independent",NA,NA,"Neither","Independent | Neither",1,25,"woman","Hispanic, Latino, or Spanish origin","4yearColl","$60,001-$80,000",4,4,0,0,0,0,1,"n/a"
"AN915sn","New Jersey","Sussex","Jack Ciattarelli","Mikie Sherill","Gubernatorial","New Jersey",0,0,0,1,7,5,7,2.5,7,3,7,2,"Yes","Mikie Sherill",1,"Independent",NA,NA,"Closer to Democratic","Independent | Closer to Democratic",1,45,"woman","multiracial","GED","$0-$20,000",1,2,0,0,0,0,1,NA
"XC609ba","New Jersey","Camden","Jack Ciattarelli","Mikie Sherill","Gubernatorial","New Jersey",0,0,0,1,1,1,6,4,7,5,5,3,"Yes","Mikie Sherill",3,"Democrat","Not very strong",NA,NA,"Democrat | Not very strong",1,30,"man","Black or African American","GED","$40,001-$60,000",3,2,0,1,0,1,0,NA
"UA062nz","New York","New York","Zohran Mamdani","Andrew Cuomo","Mayoral","New York City",1,1,0,0,5,2,1,7,1,7,1,7,"Yes","Zohran Mamdani",1,"Democrat","Strong",NA,NA,"Democrat | Strong",1,39,"woman","White","MA","$60,001-$80,000",4,5,1,0,0,1,0,NA
"EC097ok","New Jersey","Bergen","Jack Ciattarelli","Mikie Sherill","Gubernatorial","New Jersey",0,0,0,1,6,4,7,2,7,2,7,2,"Yes","Mikie Sherill",2,"Democrat","Strong",NA,NA,"Democrat | Strong",1,46,"woman","White","GED","$20,001-$40,000",2,2,1,0,0,1,0,NA
"UH905ol","New York","Queens","Zohran Mamdani","Andrew Cuomo","Mayoral","New York City",1,1,0,0,6,1,1.5,4.5,1,4,2,5,"Yes","Zohran Mamdani",1,"Democrat","Strong",NA,NA,"Democrat | Strong",1,30,"woman","White","MA","$100,001-$120,000",6,5,1,0,0,1,0,NA
"VE857mj","Washington","King","Bruce Harrell","Katie Wilson","Mayoral","Seattle",1,1,0,0,1,5,4,1.5,3,1,5,2,"Yes","Katie Wilson",1,"Democrat","Strong",NA,NA,"Democrat | Strong",1,29,"woman","White","MA","$120,001-$140,000",7,5,1,0,0,1,0,NA
"AH576qi","New Jersey","Morris","Jack Ciattarelli","Mikie Sherill","Gubernatorial","New Jersey",0,0,0,1,5,3,5,2.5,5,3,5,2,"Yes","Mikie Sherill",4,"Democrat","Not very strong",NA,NA,"Democrat | Not very strong",1,54,"woman","White","4yearColl","$180,001-$200,000",10,4,1,0,0,1,0,"Good survey. If a progress bar could be added, it would be better."
"ZS610fn","New York","Kings","Zohran Mamdani","Andrew Cuomo","Mayoral","New York City",1,1,0,0,7,2,1.5,6,2,7,1,5,"Yes","Zohran Mamdani",2,"Democrat","Not very strong",NA,NA,"Democrat | Not very strong",1,40,"man","Hispanic, Latino, or Spanish origin","GED","$100,001-$120,000",6,2,0,1,0,1,0,NA
"UN457iq","New Jersey","Ocean","Jack Ciattarelli","Mikie Sherill","Gubernatorial","New Jersey",1,1,0,0,6,3,7,4.5,7,2,7,7,"Yes","Jack Ciattarelli",6,"Republican",NA,"Not very strong",NA,"Republican | Not very strong",1,21,"man","multiracial","GED","$60,001-$80,000",4,2,0,1,1,0,0,NA
"YC337uu","New Jersey","Morris","Jack Ciattarelli","Mikie Sherill","Gubernatorial","New Jersey",1,1,0,0,5,3,6.5,1.5,7,1,6,2,"Yes","Jack Ciattarelli",6,"Republican",NA,"Not very strong",NA,"Republican | Not very strong",1,56,"woman","White","4yearColl","$60,001-$80,000",4,4,1,0,1,0,0,NA
"BP354cg","Washington","King","Bruce Harrell","Katie Wilson","Mayoral","Seattle",1,1,0,0,3,5,2.5,1.5,2,1,3,2,"Yes","Katie Wilson",2,"Democrat","Strong",NA,NA,"Democrat | Strong",1,21,"woman","White","GED","$160,001-$180,000",9,2,1,0,0,1,0,NA
"WR161ez","New York","Kings","Zohran Mamdani","Andrew Cuomo","Mayoral","New York City",1,1,0,0,6,3,2.5,5,2,5,3,5,"Yes","Zohran Mamdani",2,"Democrat","Strong",NA,NA,"Democrat | Strong",1,36,"woman","Black or African American","GED","$20,001-$40,000",2,2,0,0,0,1,0,"I really wish it had been Lander in this last part of the election, sadly it was not meant to be."
"XB091cb","New Jersey","Cumberland","Jack Ciattarelli","Mikie Sherill","Gubernatorial","New Jersey",1,1,0,0,5,1,5,3.5,6,3,4,4,"Yes","Jack Ciattarelli",4,"Republican",NA,"Not very strong",NA,"Republican | Not very strong",1,45,"woman","White","GED","$20,001-$40,000",2,2,1,0,1,0,0,NA
"EL419gn","New Jersey","Passaic","Jack Ciattarelli","Mikie Sherill","Gubernatorial","New Jersey",0,0,0,1,5,3,4.5,4,5,4,4,4,"Yes","Mikie Sherill",2,"Democrat","Strong",NA,NA,"Democrat | Strong",1,22,"woman","White","4yearColl","$60,001-$80,000",4,4,1,0,0,1,0,NA
"JO316qj","New York","Bronx","Zohran Mamdani","Andrew Cuomo","Mayoral","New York City",1,1,0,0,4,5,1.5,5,1,5,2,5,"Yes","Zohran Mamdani",3,"Democrat","Not very strong",NA,NA,"Democrat | Not very strong",1,21,"woman","White","GED","$180,001-$200,000",10,2,1,0,0,1,0,NA
"ZB093mn","New Jersey","Essex","Jack Ciattarelli","Mikie Sherill","Gubernatorial","New Jersey",0,0,0,1,5,3,5,2.5,5,2,5,3,"Yes","Mikie Sherill",2,"Democrat","Not very strong",NA,NA,"Democrat | Not very strong",1,34,"woman","White","4yearColl","$60,001-$80,000",4,4,1,0,0,1,0,NA
"WW787qa","New York","New York","Zohran Mamdani","Andrew Cuomo","Mayoral","New York City",1,1,0,0,6,1,1,6.5,1,6,1,7,"Yes","Zohran Mamdani",2,"Democrat","Strong",NA,NA,"Democrat | Strong",1,28,"woman","Hispanic, Latino, or Spanish origin","4yearColl","$60,001-$80,000",4,4,0,0,0,1,0,NA
"JB622pp","New York","Kings","Zohran Mamdani","Andrew Cuomo","Mayoral","New York City",1,1,0,0,3,1,3.5,7,3,7,4,7,"Yes","Zohran Mamdani",1,"Independent",NA,NA,"Neither","Independent | Neither",1,42,"man","White","PHD","$100,001-$120,000",6,6,1,1,0,0,1,NA
"YV018sn","New York","Bronx","Zohran Mamdani","Andrew Cuomo","Mayoral","New York City",1,1,0,0,7,3,1,7,1,7,1,7,"Yes","Zohran Mamdani",1,"Independent",NA,NA,"Closer to Democratic","Independent | Closer to Democratic",1,22,"man","multiracial","GED","$0-$20,000",1,2,0,1,0,0,1,NA
"JT546ri","New Jersey","Essex","Jack Ciattarelli","Mikie Sherill","Gubernatorial","New Jersey",0,0,0,1,6,4,5,3,6,2,4,4,"Yes","Mikie Sherill",3,"No preference",NA,NA,"Closer to Democratic","Independent | Closer to Democratic",1,20,"woman","Black or African American","GED",NA,NA,2,0,0,0,0,0,NA
"ZX957ht","New York","Queens","Zohran Mamdani","Andrew Cuomo","Mayoral","New York City",NA,0,1,0,5,4,4,3.5,4,4,4,3,"No",NA,4,"Democrat","Not very strong",NA,NA,"Democrat | Not very strong",1,20,"woman","Hispanic, Latino, or Spanish origin","GED",NA,NA,2,0,0,0,1,0,NA
"RF202hp","New Jersey","Mercer","Jack Ciattarelli","Mikie Sherill","Gubernatorial","New Jersey",0,0,0,1,2,3,6,3.5,7,4,5,3,"Yes","Mikie Sherill",2,"Other party",NA,NA,"Closer to Democratic","Independent | Closer to Democratic",1,29,"woman","Black or African American","MA","$40,001-$60,000",3,5,0,0,0,0,0,NA
"SF493ne","New York","Bronx","Zohran Mamdani","Andrew Cuomo","Mayoral","New York City",1,1,0,0,5,4,2.5,5,2,5,3,5,"Yes","Zohran Mamdani",3,"Democrat","Strong",NA,NA,"Democrat | Strong",1,20,"woman","Black or African American","GED","$60,001-$80,000",4,2,0,0,0,1,0,NA
"CW987sc","New Jersey","Hudson","Jack Ciattarelli","Mikie Sherill","Gubernatorial","New Jersey",0,0,0,1,4,5,5.5,2.5,6,2,5,3,"Yes","Mikie Sherill",2,"Democrat","Strong",NA,NA,"Democrat | Strong",1,40,"woman","Hispanic, Latino, or Spanish origin","4yearColl","$80,001-$100,000",5,4,0,0,0,1,0,NA
"YD294cy","New York","Bronx","Zohran Mamdani","Andrew Cuomo","Mayoral","New York City",1,1,0,0,6,2,1.5,4,1,3,2,5,"Yes","Zohran Mamdani",2,"Democrat","Strong",NA,NA,"Democrat | Strong",1,56,"man","Hispanic, Latino, or Spanish origin","2yearColl","$20,001-$40,000",2,3,0,1,0,1,0,NA
"AG541re","New Jersey","Burlington","Jack Ciattarelli","Mikie Sherill","Gubernatorial","New Jersey",0,0,0,1,4,4,7,3,7,3,7,3,"Yes","Mikie Sherill",1,"Democrat","Strong",NA,NA,"Democrat | Strong",1,74,"woman","White","MA","$100,001-$120,000",6,5,1,0,0,1,0,NA
"SY241fg","New York","New York","Zohran Mamdani","Andrew Cuomo","Mayoral","New York City",NA,0,1,0,7,3,2,5,1,5,3,5,"No",NA,4,"Independent",NA,NA,"Neither","Independent | Neither",1,23,"man","Hispanic, Latino, or Spanish origin","4yearColl","$160,001-$180,000",9,4,0,1,0,0,1,NA
"GC159fd","Minnesota","Hennepin","Jacob Frey","Omar Fateh","Mayoral","Minneapolis",NA,0,1,0,1,6,4,1.5,3,1,5,2,"Yes","DeWayne Davis",1,"Democrat","Strong",NA,NA,"Democrat | Strong",1,43,"woman","White","4yearColl","$40,001-$60,000",3,4,1,0,0,1,0,NA
"NP517hs","New Jersey","Camden","Jack Ciattarelli","Mikie Sherill","Gubernatorial","New Jersey",0,0,0,1,6,4,6,2,6,2,6,2,"Yes","Mikie Sherill",2,"Democrat","Strong",NA,NA,"Democrat | Strong",1,43,"woman","White","PHD","$100,001-$120,000",6,6,1,0,0,1,0,NA
"AF160wv","New York","Queens","Zohran Mamdani","Andrew Cuomo","Mayoral","New York City",NA,0,1,0,5,1,1,5.5,1,6,1,5,"Not sure","none",1,"Democrat","Strong",NA,NA,"Democrat | Strong",1,36,"woman","Other (please specify)","PHD","$180,001-$200,000",10,6,0,0,0,1,0,"I am planning on not voting for mayor because I think at the moment Mamdani is winning strongly enough that my vote doesn't matter, and I have extensive personal experience with him (we were part of the same organization for ~3 years) and find him very unpleasant on a personal level. If it looks like Cuomo might win then I will have to vote for Mamdani, but if Mamdani can win without me then I won't vote for him."
"VJ062pi","New Jersey","Union","Jack Ciattarelli","Mikie Sherill","Gubernatorial","New Jersey",0,0,0,1,4,2,7,1,7,1,7,1,"Yes","Mikie Sherill",5,"Republican",NA,"Not very strong",NA,"Republican | Not very strong",1,38,"man","White","4yearColl","$160,001-$180,000",9,4,1,1,1,0,0,NA
"PZ752ti","Minnesota","Hennepin","Jacob Frey","Omar Fateh","Mayoral","Minneapolis",NA,0,1,0,3,7,2.5,1,3,1,2,1,"Yes","Jazz hampton",5,"Republican",NA,"Not very strong",NA,"Republican | Not very strong",1,34,"woman","White","4yearColl","$60,001-$80,000",4,4,1,0,1,0,0,NA
"IL393lr","New Jersey","Burlington","Jack Ciattarelli","Mikie Sherill","Gubernatorial","New Jersey",0,0,0,1,7,2,6.5,1.5,7,1,6,2,"Yes","Mikie Sherill",2,"Democrat","Strong",NA,NA,"Democrat | Strong",1,23,"woman","White","MA","Over $200,000",11,5,1,0,0,1,0,NA
"OW409xk","New York","Kings","Zohran Mamdani","Andrew Cuomo","Mayoral","New York City",1,1,0,0,7,1,1,7,1,7,1,7,"Yes","Zohran Mamdani",1,"Democrat","Strong",NA,NA,"Democrat | Strong",1,34,"man","Black or African American","4yearColl","Over $200,000",11,4,0,1,0,1,0,NA
"VX948wv","New York","Kings","Zohran Mamdani","Andrew Cuomo","Mayoral","New York City",0,0,0,1,6,3,1,5,1,5,1,5,"Yes","Andrew Cuomo",5,"Republican",NA,"Not very strong",NA,"Republican | Not very strong",1,41,"woman","White","MA","$40,001-$60,000",3,5,1,0,1,0,0,NA
"TG493vi","New Jersey","Hunterdon","Jack Ciattarelli","Mikie Sherill","Gubernatorial","New Jersey",0,0,0,1,6,3,7,3,7,3,7,3,"Yes","Mikie Sherill",1,"Democrat","Strong",NA,NA,"Democrat | Strong",1,27,"woman","White","4yearColl","$0-$20,000",1,4,1,0,0,1,0,NA
"DP327me","Washington","King","Bruce Harrell","Katie Wilson","Mayoral","Seattle",NA,0,1,0,4,4,4,4,4,4,4,4,"Not sure",NA,4,"Independent",NA,NA,"Neither","Independent | Neither",1,66,"woman","Asian","4yearColl","$40,001-$60,000",3,4,0,0,0,0,1,NA
"XG455em","New Jersey","Essex","Jack Ciattarelli","Mikie Sherill","Gubernatorial","New Jersey",0,0,0,1,3,4,5.5,1.5,6,1,5,2,"Yes","Mikie Sherill",1,"No preference",NA,NA,"Closer to Democratic","Independent | Closer to Democratic",1,34,"man","Black or African American","MA","$160,001-$180,000",9,5,0,1,0,0,0,NA
"QX937jn","New York","Queens","Zohran Mamdani","Andrew Cuomo","Mayoral","New York City",1,1,0,0,6,3,1.5,5,1,6,2,4,"Yes","Zohran Mamdani",3,"Democrat","Not very strong",NA,NA,"Democrat | Not very strong",1,28,"man","Hispanic, Latino, or Spanish origin","GED","$60,001-$80,000",4,2,0,1,0,1,0,NA
"GW448ks","New York","Kings","Zohran Mamdani","Andrew Cuomo","Mayoral","New York City",1,1,0,0,4,2,2,5,2,5,2,5,"Yes","Zohran Mamdani",3,"Independent",NA,NA,"Closer to Democratic","Independent | Closer to Democratic",1,37,"man","Black or African American","2yearColl","$140,001-$160,000",8,3,0,1,0,0,1,NA
"YV754ev","New Jersey","Union","Jack Ciattarelli","Mikie Sherill","Gubernatorial","New Jersey",0,0,0,1,4,2,7,4,7,3,7,5,"Yes","Mikie Sherill",1,"Democrat","Strong",NA,NA,"Democrat | Strong",1,27,"man","Asian","4yearColl","Over $200,000",11,4,0,1,0,1,0,NA
"CS524ge","New York","Kings","Zohran Mamdani","Andrew Cuomo","Mayoral","New York City",1,1,0,0,2,5,1.5,5.5,1,5,2,6,"Yes","Zohran Mamdani",1,"Democrat","Strong",NA,NA,"Democrat | Strong",1,54,"woman","Black or African American","GED","$20,001-$40,000",2,2,0,0,0,1,0,NA
"QP127pb","New Jersey","Bergen","Jack Ciattarelli","Mikie Sherill","Gubernatorial","New Jersey",0,0,0,1,3,4,5.5,2.5,5,3,6,2,"Yes","Mikie Sherill",3,"Democrat","Not very strong",NA,NA,"Democrat | Not very strong",1,40,"man","White","GED","$40,001-$60,000",3,2,1,1,0,1,0,NA
"AP589op","New Jersey","Ocean","Jack Ciattarelli","Mikie Sherill","Gubernatorial","New Jersey",NA,0,1,0,1,2,7,1,7,1,7,1,"Yes",NA,3,"Independent",NA,NA,"Closer to Democratic","Independent | Closer to Democratic",1,36,"man","White","4yearColl","$40,001-$60,000",3,4,1,1,0,0,1,NA
