"PID","Status","StartDate","Progress","Duration..in.seconds.","Finished","consent","county_1","county_2","state_q","county_q","lebe_cont_1","cand1_change","cand2_change","cand1_cult","cand2_cult","cand1_econ","cand2_econ","ideo","gender_.99_TEXT","race_8_TEXT","age","check_2","feedback","STATE","COUNTY","ELIGIBLE","CAND_1","CAND_2","RACETYPE","PLACENAME","UNITTYPE","race_num","vote_turnout","vote_who_y","vote_who_y_3_TEXT","vote_who_y_nyc","vote_who_y_nyc_8_TEXT","vote_who_n","vote_who_n_3_TEXT","vote_who_n_nyc","vote_who_n_nyc_6_TEXT","gender","race_1","race_2","race_3","race_4","race_5","race_6","race_7","race_8","income","edu","party_gen","party_gen_5_TEXT","party_dem","party_rep","party_ind"
"WU215kz","0","2025-10-22 12:52:52","100","83","1","1","1834","1865","1834","1865","31","5","6","2","7","4","4","2","","","28","","","New York","New York","1","Zohran Mamdani","Andrew Cuomo","Mayoral","New York City","","2","Yes","","","${e://Field/CAND_1}","","","","","","woman","White","","","","","","","","$80,001-$100,000","PHD","Democrat","","Not very strong","",""
"HF781pp","0","2025-10-22 12:53:18","100","80","1","1","1778","1781","","","65","1","4","7","1","3","5","1","","","33","","","New Jersey","Burlington","1","Jack Ciattarelli","Mikie Sherill","Gubernatorial","New Jersey","state","1","Yes","${e://Field/CAND_2}","","","","","","","","woman","White","","","","","","","","$0-$20,000","4yearColl","Democrat","","Strong","",""
"GE974ge","0","2025-10-22 12:53:49","100","64","1","1","1834","1875","1834","1875","50","3","3","2","4","7","7","1","","","43","","","New York","Queens","1","Zohran Mamdani","Andrew Cuomo","Mayoral","New York City","","2","No","","","","","","","${e://Field/CAND_1}","","man","","","","Asian","","","","","$0-$20,000","GED","No preference","","","","Neither"
"RS856ng","0","2025-10-22 12:53:08","100","110","1","1","1778","295","","","45","5","4","5","3","4","4","3","","","46","","","New Jersey","Middlesex","1","Jack Ciattarelli","Mikie Sherill","Gubernatorial","New Jersey","state","1","Yes","${e://Field/CAND_2}","","","","","","","","man","","","","Asian","","","","","$60,001-$80,000","4yearColl","Democrat","","Not very strong","",""
"BJ008qa","0","2025-10-22 12:52:22","100","157","1","1","1778","944","","","79","6","3","6","3","3","5","2","","","47","","","New Jersey","Morris","1","Jack Ciattarelli","Mikie Sherill","Gubernatorial","New Jersey","state","1","Yes","${e://Field/CAND_2}","","","","","","","","woman","White","","","","","","","","$0-$20,000","MA","Independent","","","","Closer to Democratic"
"YW383nt","0","2025-10-22 12:52:55","100","128","1","1","1778","1793","","","40","2","5","5","3","5","3","5","","","52","","Thank you for taking the time to read my responses.","New Jersey","Ocean","1","Jack Ciattarelli","Mikie Sherill","Gubernatorial","New Jersey","state","1","Not sure","","","","","${e://Field/CAND_1}","","","","man","White","","","","","","","","$40,001-$60,000","GED","Republican","","","Not very strong",""
"RQ736xm","0","2025-10-22 12:53:20","100","126","1","1","1834","183","1834","1858","80","6","1","1","6","2","6","2","","","28","","","New York","Kings","1","Zohran Mamdani","Andrew Cuomo","Mayoral","New York City","","2","Yes","","","${e://Field/CAND_1}","","","","","","woman","White","","","","","","","","$40,001-$60,000","4yearColl","Democrat","","Not very strong","",""
"GB719mv","0","2025-10-22 12:52:53","100","153","1","1","1778","944","","","70","6","6","7","1","7","2","2","","","41","","","New Jersey","Morris","1","Jack Ciattarelli","Mikie Sherill","Gubernatorial","New Jersey","state","1","Not sure","","","","","${e://Field/CAND_2}","","","","man","White","","","","","","","","$0-$20,000","GED","Democrat","","Strong","",""
"LI953xe","0","2025-10-22 12:53:38","100","109","1","1","1834","1875","1834","1875","35","5","2","2","6","3","7","2","","","46","","","New York","Queens","1","Zohran Mamdani","Andrew Cuomo","Mayoral","New York City","","2","Yes","","","${e://Field/CAND_1}","","","","","","woman","","Hispanic, Latino, or Spanish origin","","","","","","","$60,001-$80,000","4yearColl","Democrat","","Strong","",""
"FV645ha","0","2025-10-22 12:53:54","100","96","1","1","1834","1865","1834","1865","60","7","3","1","5","2","5","5","","","32","","no","New York","New York","1","Zohran Mamdani","Andrew Cuomo","Mayoral","New York City","","2","Yes","","","${e://Field/CAND_1}","","","","","","man","White","","","","","","","","$120,001-$140,000","MA","Republican","","","Not very strong",""
"CU500ay","0","2025-10-22 12:52:59","100","155","1","1","1778","650","","","34","6","3","6","2","4","4","2","","","47","","","New Jersey","Mercer","1","Jack Ciattarelli","Mikie Sherill","Gubernatorial","New Jersey","state","1","Yes","","","","","","","","","woman","","Hispanic, Latino, or Spanish origin","","","","","","","$60,001-$80,000","MA","Democrat","","Strong","",""
"BK312ng","0","2025-10-22 12:53:54","100","102","1","1","2939","2675","","","27","3","6","3","2","3","1","2","","","77","","just thanks for the opportunity to participate in this study ","Washington","King","1","Bruce Harrell","Katie Wilson","Mayoral","Seattle","city","3","Yes","${e://Field/CAND_1}","","","","","","","","man","White","","","","","","","","Over $200,000","MA","Democrat","","Strong","",""
"PA382sj","0","2025-10-22 12:53:41","100","141","1","1","1834","1837","1834","1837","80","5","2","2","4","5","3","2","","","50","","","New York","Bronx","1","Zohran Mamdani","Andrew Cuomo","Mayoral","New York City","","2","Yes","","","${e://Field/CAND_1}","","","","","","woman","","","Black or African American","","","","","","$40,001-$60,000","GED","Democrat","","Strong","",""
"GL172gw","0","2025-10-22 12:54:23","100","109","1","1","1778","303","1778","","19","4","4","5","2","5","3","5","","","34","","","New Jersey","Sussex","1","Jack Ciattarelli","Mikie Sherill","Gubernatorial","New Jersey","state","1","No","","","","","${e://Field/CAND_1}","","","","woman","White","","","","","","","","$140,001-$160,000","4yearColl","Republican","","","Strong",""
"KZ459rp","0","2025-10-22 12:54:29","100","115","1","1","1778","1781","","","24","5","2","7","1","5","3","6","","","63","","","New Jersey","Burlington","1","Jack Ciattarelli","Mikie Sherill","Gubernatorial","New Jersey","state","1","Yes","${e://Field/CAND_1}","","","","","","","","woman","White","","","","","","","","$80,001-$100,000","2yearColl","Republican","","","Strong",""
"JP115rm","0","2025-10-22 12:54:10","100","147","1","1","1778","1781","","","31","5","1","7","1","7","1","5","","","57","","","New Jersey","Burlington","1","Jack Ciattarelli","Mikie Sherill","Gubernatorial","New Jersey","state","1","Yes","${e://Field/CAND_1}","","","","","","","","woman","White","","","","","","","","Over $200,000","PHD","Republican","","","Not very strong",""
"UX201tg","0","2025-10-22 12:54:04","100","175","1","1","1778","1786","","","25","4","4","4","4","4","4","4","","","59","","","New Jersey","Gloucester","1","Jack Ciattarelli","Mikie Sherill","Gubernatorial","New Jersey","state","1","Yes","${e://Field/CAND_2}","","","","","","","","man","White","","","","","","","","$160,001-$180,000","2yearColl","Independent","","","","Neither"
"HF341el","0","2025-10-22 12:54:41","100","149","1","1","1778","1787","1778","1787","45","2","4","7","3","6","4","2","","","33","","","New Jersey","Hudson","1","Jack Ciattarelli","Mikie Sherill","Gubernatorial","New Jersey","state","1","Yes","${e://Field/CAND_2}","","","","","","","","man","","","","Asian","","","","","$60,001-$80,000","4yearColl","Democrat","","Strong","",""
"LH282qr","0","2025-10-22 12:55:26","100","130","1","1","2939","2675","","","0","3","4","3","3","7","1","3","","","29","","","Washington","King","1","Bruce Harrell","Katie Wilson","Mayoral","Seattle","city","3","Yes","${e://Field/CAND_2}","","","","","","","","man","","","","Asian","","","","","$100,001-$120,000","4yearColl","Democrat","","Strong","",""
"NS185bh","0","2025-10-22 12:55:22","100","135","1","1","1778","523","","","80","1","3","7","2","1","4","1","","","62","","","New Jersey","Warren","1","Jack Ciattarelli","Mikie Sherill","Gubernatorial","New Jersey","state","1","Yes","${e://Field/CAND_2}","","","","","","","","woman","White","","","","","","","","$60,001-$80,000","2yearColl","Democrat","","Strong","",""
"OH399cu","0","2025-10-22 12:53:39","100","263","1","1","1778","295","","","0","5","4","6","3","5","4","7","","","28","",NA,"New Jersey","Middlesex","1","Jack Ciattarelli","Mikie Sherill","Gubernatorial","New Jersey","state","1","Yes","${e://Field/CAND_2}","","","","","","","","woman","White","","","","","","","","$0-$20,000","4yearColl","Republican","","","Strong",""
"ZZ210da","0","2025-10-22 12:57:25","100","75","1","1","1834","183","1834","1858","29","4","4","1","5","5","3","1","","","27","pink","","New York","Kings","1","Zohran Mamdani","Andrew Cuomo","Mayoral","New York City","","2","Yes","","","${e://Field/CAND_1}","","","","","","woman","White","","","","","","","","Over $200,000","PHD","Democrat","","Strong","",""
"AO893bh","0","2025-10-22 12:56:53","100","118","1","1","1834","183","","","59","4","4","4","4","4","4","4","","","33","blue","","New York","Kings","1","Zohran Mamdani","Andrew Cuomo","Mayoral","New York City","","2","Not sure","","","","","","","","","woman","","","Black or African American","","","","","","$0-$20,000","GED","No preference","","","","Neither"
"IQ180ww","0","2025-10-22 12:57:22","100","98","1","1","1778","1786","","","60","5","1","5","1","6","2","6","","","38","Green","","New Jersey","Gloucester","1","Jack Ciattarelli","Mikie Sherill","Gubernatorial","New Jersey","state","1","Yes","${e://Field/CAND_1}","","","","","","","","man","White","","","","","","","","$180,001-$200,000","MA","Republican","","","Strong",""
"OZ484ib","0","2025-10-22 12:57:09","100","118","1","1","1778","394","","","43","5","2","6","2","5","3","4","","","45","Green","","New Jersey","Camden","1","Jack Ciattarelli","Mikie Sherill","Gubernatorial","New Jersey","state","1","Yes","${e://Field/CAND_2}","","","","","","","","man","White","","","","","","","","$160,001-$180,000","4yearColl","Republican","","","Not very strong",""
"YC268tl","0","2025-10-22 12:56:46","100","147","1","1","1778","295","1778","1790","75","4","4","7","2","7","4","4","","","22","purple","","New Jersey","Middlesex","1","Jack Ciattarelli","Mikie Sherill","Gubernatorial","New Jersey","state","1","Yes","${e://Field/CAND_2}","","","","","","","","woman","White","","","","","","","","$80,001-$100,000","4yearColl","Independent","","","","Neither"
"SB861iy","0","2025-10-22 12:56:27","100","167","1","1","1778","1787","","","100","4","4","3","4","4","3","1","","","22","Blue","","New Jersey","Hudson","1","Jack Ciattarelli","Mikie Sherill","Gubernatorial","New Jersey","state","1","Yes","","","","","","","","","man","White","","","","","","","","$20,001-$40,000","2yearColl","Other party","","","","Closer to Democratic"
"LH818up","0","2025-10-22 12:57:38","100","119","1","1","1778","1780","","","50","7","1","7","2","7","1","2","","","44","green","","New Jersey","Bergen","1","Jack Ciattarelli","Mikie Sherill","Gubernatorial","New Jersey","state","1","Yes","${e://Field/CAND_2}","","","","","","","","woman","White","","","","","","","","$140,001-$160,000","4yearColl","Democrat","","Strong","",""
"EE718ns","0","2025-10-22 12:56:13","100","211","1","1","1778","1780","","","6","6","4","6","3","3","5","2","","","70","","","New Jersey","Bergen","1","Jack Ciattarelli","Mikie Sherill","Gubernatorial","New Jersey","state","1","Yes","${e://Field/CAND_2}","","","","","","","","woman","White","","","","","","","","$60,001-$80,000","4yearColl","Democrat","","Strong","",""
"XE304dh","0","2025-10-22 12:57:58","100","108","1","1","1312","1339","1312","1339","45","4","4","6","1","4","4","2","","","28","Pink","","Minnesota","Hennepin","1","Jacob Frey","Omar Fateh","Mayoral","Minneapolis","city","4","Yes","${e://Field/CAND_2}","","","","","","","","woman","","","","Asian","","","","","$100,001-$120,000","4yearColl","Democrat","","Strong","",""
"MC025kx","0","2025-10-22 12:57:56","100","114","1","1","1778","1791","","","70","5","3","7","3","5","3","1","","","30","pink","","New Jersey","Monmouth","1","Jack Ciattarelli","Mikie Sherill","Gubernatorial","New Jersey","state","1","Yes","${e://Field/CAND_2}","","","","","","","","woman","White","","","","","","","","$40,001-$60,000","2yearColl","Democrat","","Strong","",""
"DF696iq","0","2025-10-22 12:56:21","100","211","1","1","1778","394","","","51","6","3","7","1","6","3","2","","","55","","Generally governmental change is slow, but given how the current administration is ignoring legal, constitutional and governmental norms to effect sweeping changes, I'm very concerned about the state of the country, and this race. ","New Jersey","Camden","1","Jack Ciattarelli","Mikie Sherill","Gubernatorial","New Jersey","state","1","Yes","${e://Field/CAND_2}","","","","","","","","woman","White","","","Asian","","","","","$180,001-$200,000","PHD","Democrat","","Strong","",""
"KA823pt","0","2025-10-22 12:57:27","100","155","1","1","1834","183","1834","1858","20","4","1","1","7","2","7","1","","","46","blue","n/a","New York","Kings","1","Zohran Mamdani","Andrew Cuomo","Mayoral","New York City","","2","Yes","","","${e://Field/CAND_1}","","","","","","man","White","","","","","","","","$80,001-$100,000","PHD","Democrat","","Strong","",""
"LC567bd","0","2025-10-22 12:58:37","100","110","1","1","1778","602","","","55","3","3","4","5","2","6","4","","","33","Wine red","","New Jersey","Cumberland","1","Jack Ciattarelli","Mikie Sherill","Gubernatorial","New Jersey","state","1","Not sure","","","","","${e://Field/CAND_1}","","","","man","White","","","","","","","","$140,001-$160,000","2yearColl","Republican","","","Strong",""
"NX021hy","0","2025-10-22 12:58:21","100","134","1","1","1778","295","1778","1790","80","5","3","7","1","5","3","1","","","21","Green","","New Jersey","Middlesex","1","Jack Ciattarelli","Mikie Sherill","Gubernatorial","New Jersey","state","1","Yes","${e://Field/CAND_2}","","","","","","","","man","White","","","","","","","","$60,001-$80,000","GED","Democrat","","Strong","",""
"OT520tj","0","2025-10-22 12:54:48","100","351","1","1","1778","295","","","35","6","3","6","1","6","3","1","","","23","","","New Jersey","Middlesex","1","Jack Ciattarelli","Mikie Sherill","Gubernatorial","New Jersey","state","1","Yes","${e://Field/CAND_2}","","","","","","","","woman","White","Hispanic, Latino, or Spanish origin","","","","","","","Over $200,000","2yearColl","Democrat","","Strong","",""
"RI435ns","0","2025-10-22 12:58:22","100","166","1","1","2939","2675","2939","2956","58","3","4","3","2","5","2","4","","","37","Red","","Washington","King","1","Bruce Harrell","Katie Wilson","Mayoral","Seattle","city","3","Not sure","","","","","","","","","man","White","","","","","","","","$40,001-$60,000","GED","Independent","","","","Closer to Democratic"
"PN396kb","0","2025-10-22 12:57:53","100","204","1","1","2939","","2939","","23","5","4","5","6","5","6","7","","","26","green","","Washington","","1","Bruce Harrell","Katie Wilson","Mayoral","Seattle","city","3","Yes","${e://Field/CAND_2}","","","","","","","","woman","White","","","","","","","","$20,001-$40,000","4yearColl","Democrat","","Strong","",""
"MU552wy","0","2025-10-22 12:58:47","100","165","1","1","1834","1865","","","37","7","1","2","5","2","7","1","","","28","red","","New York","New York","1","Zohran Mamdani","Andrew Cuomo","Mayoral","New York City","","2","Yes","","","${e://Field/CAND_1}","","","","","","man","","","","Asian","","","","","$140,001-$160,000","4yearColl","Democrat","","Strong","",""
"TO529zk","0","2025-10-22 13:00:08","100","124","1","1","1778","1780","","","63","5","3","7","2","6","1","2","","","32","blue","","New Jersey","Bergen","1","Jack Ciattarelli","Mikie Sherill","Gubernatorial","New Jersey","state","1","Yes","${e://Field/CAND_2}","","","","","","","","woman","White","","","","","","","","$160,001-$180,000","4yearColl","Democrat","","Not very strong","",""
"NW151bp","0","2025-10-22 12:58:09","100","303","1","1","2939","227","2939","2940","81","4","5","5","3","4","6","2","","","27","White","N/A","Washington","Adams","1","Bruce Harrell","Katie Wilson","Mayoral","Seattle","city","3","Yes","${e://Field/CAND_2}","","","","","","","","man","White","","","","","","","","$20,001-$40,000","4yearColl","Democrat","","Strong","",""
"IK082kl","0","2025-10-22 13:01:22","100","114","1","1","2939","2675","2939","2956","60","2","5","5","2","6","4","2","","","47","blue","","Washington","King","1","Bruce Harrell","Katie Wilson","Mayoral","Seattle","city","3","Yes","${e://Field/CAND_2}","","","","","","","","man","White","","","","","","","","$180,001-$200,000","2yearColl","Democrat","","Strong","",""
"HR367xo","0","2025-10-22 13:00:10","100","200","1","1","1778","1780","","","18","6","2","6","3","5","2","3","","","69","BROWN","","New Jersey","Bergen","1","Jack Ciattarelli","Mikie Sherill","Gubernatorial","New Jersey","state","1","Yes","${e://Field/CAND_2}","","","","","","","","man","White","","","","","","","","$140,001-$160,000","GED","Democrat","","Not very strong","",""
"JH491tl","0","2025-10-22 13:00:04","100","225","1","1","1834","1837","","","100","7","1","1","7","1","7","2","","","34","black","","New York","Bronx","1","Zohran Mamdani","Andrew Cuomo","Mayoral","New York City","","2","Yes","","","${e://Field/CAND_1}","","","","","","woman","","","Black or African American","","","","","","$0-$20,000","4yearColl","Democrat","","Strong","",""
"UV448ff","0","2025-10-22 13:02:25","100","93","1","1","1312","1339","1312","1339","80","7","7","2","2","6","6","2","","","29","blue","","Minnesota","Hennepin","1","Jacob Frey","Omar Fateh","Mayoral","Minneapolis","city","4","Yes","${e://Field/CAND_1}","","","","","","","","man","White","","","","","","","","$40,001-$60,000","4yearColl","Democrat","","Strong","",""
"EY520hl","0","2025-10-22 12:59:38","100","267","1","1","1834","1865","","1865","80","4","4","4","4","4","4","4","","","31","Blue","N/a","New York","New York","1","Zohran Mamdani","Andrew Cuomo","Mayoral","New York City","","2","No","","","","","","","","","man","","","Black or African American","","","","","","$40,001-$60,000","GED","Independent","","","","Neither"
"FS124qz","0","2025-10-22 12:59:40","100","271","1","1","1778","1786","","","100","7","2","7","4","7","1","1","","","25","Green","","New Jersey","Gloucester","1","Jack Ciattarelli","Mikie Sherill","Gubernatorial","New Jersey","state","1","Yes","${e://Field/CAND_2}","","","","","","","","woman","White","","","","","","","","$20,001-$40,000","2yearColl","Democrat","","Not very strong","",""
"ZE414uy","0","2025-10-22 13:02:41","100","102","1","1","1213","295","","","","","","","","","","","","","","","","Massachusetts","Middlesex","0","","","","","","","","","","","","","","","","","","","","","","","","","","","","","","",""
"SK359mm","0","2025-10-22 13:03:07","100","99","1","1","1778","1793","","","100","6","4","7","4","7","5","1","","","29","blue","","New Jersey","Ocean","1","Jack Ciattarelli","Mikie Sherill","Gubernatorial","New Jersey","state","1","Yes","${e://Field/CAND_2}","","","","","","","","man","White","","","","","","","","$0-$20,000","4yearColl","Independent","","","","Closer to Democratic"
"FC782em","0","2025-10-22 13:02:40","100","177","1","1","2939","2675","","","60","5","3","2","1","3","4","2","","","36","red","","Washington","King","1","Bruce Harrell","Katie Wilson","Mayoral","Seattle","city","3","Yes","${e://Field/CAND_1}","","","","","","","","woman","White","","","","","","","","$80,001-$100,000","MA","Democrat","","Not very strong","",""
"OT876xk","0","2025-10-22 13:03:54","100","121","1","1","1778","1218","","","75","5","2","7","4","4","5","2","","","42","Red","","New Jersey","Essex","1","Jack Ciattarelli","Mikie Sherill","Gubernatorial","New Jersey","state","1","Yes","${e://Field/CAND_2}","","","","","","","","woman","White","Hispanic, Latino, or Spanish origin","","","","","","","$160,001-$180,000","4yearColl","Democrat","","Strong","",""
"KN873au","0","2025-10-22 13:03:27","100","153","1","1","1778","650","","","0","6","4","7","2","7","1","1","","","50","Purple","","New Jersey","Mercer","1","Jack Ciattarelli","Mikie Sherill","Gubernatorial","New Jersey","state","1","Yes","${e://Field/CAND_2}","","","","","","","","woman","White","","","","","","","","Over $200,000","2yearColl","Democrat","","Strong","",""
"BG836rw","0","2025-10-22 13:03:28","100","229","1","1","1834","183","","","30","7","2","1","4","1","6","4","","","31","Green","","New York","Kings","1","Zohran Mamdani","Andrew Cuomo","Mayoral","New York City","","2","Not sure","","","","","","","Curtis Sliwa","","man","","","Black or African American","","","","","","$80,001-$100,000","2yearColl","No preference","","","","Neither"
"ZE182rx","0","2025-10-22 13:06:24","100","173","1","1","1778","1793","","","30","6","3","7","2","4","4","4","","","24","Blue","","New Jersey","Ocean","1","Jack Ciattarelli","Mikie Sherill","Gubernatorial","New Jersey","state","1","Not sure","","","","","${e://Field/CAND_2}","","","","man","White","","","","","","","","Over $200,000","4yearColl","Independent","","","","Neither"
"HL347ig","0","2025-10-22 13:08:13","100","152","1","1","1778","944","","","58","3","2","6","3","6","3","4","","","28","Green","","New Jersey","Morris","1","Jack Ciattarelli","Mikie Sherill","Gubernatorial","New Jersey","state","1","Yes","${e://Field/CAND_2}","","","","","","","","man","White","","","","","","","","$80,001-$100,000","4yearColl","Independent","","","","Neither"
"GP666sx","0","2025-10-22 13:09:24","100","85","1","1","1834","1875","1834","1875","57","4","5","3","5","4","3","5","","","32","Blue","","New York","Queens","1","Zohran Mamdani","Andrew Cuomo","Mayoral","New York City","","2","Yes","","","${e://Field/CAND_1}","","","","","","man","","","","Asian","","","","","$120,001-$140,000","MA","Democrat","","Not very strong","",""
"HR510po","0","2025-10-22 13:09:47","100","115","1","1","1778","1793","","","97","1","6","7","1","5","1","1","","","39","red","","New Jersey","Ocean","1","Jack Ciattarelli","Mikie Sherill","Gubernatorial","New Jersey","state","1","Yes","${e://Field/CAND_2}","","","","","","","","man","White","","","","","","","","$40,001-$60,000","4yearColl","Democrat","","Strong","",""
"CG392zm","0","2025-10-22 12:59:43","100","944","1","1","1778","161","1778","1798","25","3","2","5","3","2","6","2","","","44","brown","","New Jersey","Union","1","Jack Ciattarelli","Mikie Sherill","Gubernatorial","New Jersey","state","1","Yes","${e://Field/CAND_1}","","","","","","","","woman","White","","","","","","","","$180,001-$200,000","PHD","Democrat","","Strong","",""
"YS955wr","0","2025-10-22 13:10:50","100","280","1","1","1778","1780","1778","1780","24","5","4","4","3","4","4","5","","","30","white","no further comments","New Jersey","Bergen","1","Jack Ciattarelli","Mikie Sherill","Gubernatorial","New Jersey","state","1","Not sure","","","","","","","","","woman","White","Hispanic, Latino, or Spanish origin","","","","","","","$160,001-$180,000","4yearColl","Republican","","","Not very strong",""
"SK224iz","0","2025-10-22 13:13:33","100","119","1","1","1778","1781","1778","1781","22","6","3","7","2","7","4","3","","","19","Yellow","","New Jersey","Burlington","1","Jack Ciattarelli","Mikie Sherill","Gubernatorial","New Jersey","state","1","Yes","","","","","","","","",NA,"White","","","","","","","","$100,001-$120,000",NA,"No preference","","","","Closer to Democratic"
"MP147qu","0","2025-10-22 13:14:07","100","143","1","1","1778","1218","1778","1785","87","7","2","7","3","7","6","1","","","61","Green","","New Jersey","Essex","1","Jack Ciattarelli","Mikie Sherill","Gubernatorial","New Jersey","state","1","Yes","${e://Field/CAND_2}","","","","","","","","woman","White","","","","","","","","$20,001-$40,000","4yearColl","Democrat","","Strong","",""
"SL651fn","0","2025-10-22 13:14:45","100","126","1","1","1312","1339","","","7","4","4","2","2","7","6","5","","","29","blue","","Minnesota","Hennepin","1","Jacob Frey","Omar Fateh","Mayoral","Minneapolis","city","4","Yes","","","","","","","","","woman","White","","","","","","","","Prefer not to answer","4yearColl","Republican","","","Not very strong",""
"CW289zu","0","2025-10-22 13:15:18","100","130","1","1","1834","1865","1834","1865","79","7","7","1","7","7","1","2","","","32","BLUE","","New York","New York","1","Zohran Mamdani","Andrew Cuomo","Mayoral","New York City","","2","Yes","","","${e://Field/CAND_1}","","","","","","man","","","","Asian","","","","","Over $200,000","MA","Democrat","","Strong","",""
"XB778hp","0","2025-10-22 13:14:05","100","235","1","1","2939","487","","","11","5","4","4","4","4","3","4","","","36","grey","","Washington","Pierce","1","Bruce Harrell","Katie Wilson","Mayoral","Seattle","city","3","Not sure","","","","","","","","","man","","","Black or African American","","","","","","$60,001-$80,000","4yearColl","Independent","","","","Closer to Democratic"
"RA295rb","0","2025-10-22 13:17:12","100","94","1","1","2939","2675","","","28","4","5","4","2","5","3","1","","","47","purple","","Washington","King","1","Bruce Harrell","Katie Wilson","Mayoral","Seattle","city","3","Yes","${e://Field/CAND_2}","","","","","","","","woman","White","","","","","","","","Over $200,000","2yearColl","Democrat","","Strong","",""
"OE805eb","0","2025-10-22 13:18:12","100","91","1","1","1312","1339","1312","1339","90","1","6","6","1","7","2","1","","","38","Blue","","Minnesota","Hennepin","1","Jacob Frey","Omar Fateh","Mayoral","Minneapolis","city","4","Yes","","","","","","","","","man","","","","Asian","","","","","$40,001-$60,000","4yearColl","Democrat","","Not very strong","",""
"YR174af","0","2025-10-22 13:14:26","100","333","1","1","1834","183","","","61","6","1","1","4","2","5","1","","","37","Purple","","New York","Kings","1","Zohran Mamdani","Andrew Cuomo","Mayoral","New York City","","2","Yes","","","${e://Field/CAND_1}","","","","","","man","White","","","","","","","","$80,001-$100,000","MA","Democrat","","Strong","",""
"KL204sn","0","2025-10-22 13:17:42","100","187","1","1","1312","1339","","","23","4","7","2","1","3","2","5","","","20","Red","","Minnesota","Hennepin","1","Jacob Frey","Omar Fateh","Mayoral","Minneapolis","city","4","Not sure","","","","","${e://Field/CAND_1}","","","","man","","","","Asian","","","","","Over $200,000","GED","Republican","","","Not very strong",""
"NR397qq","0","2025-10-22 13:18:30","100","189","1","1","1778","161","","","60","4","2","6","2","5","2","2","","","62","red","","New Jersey","Union","1","Jack Ciattarelli","Mikie Sherill","Gubernatorial","New Jersey","state","1","Yes","${e://Field/CAND_2}","","","","","","","","man","White","","","","","","","","$140,001-$160,000","MA","Democrat","","Strong","",""
"UH839ji","0","2025-10-22 13:19:55","100","174","1","1","1834","183","1834","1858","50","7","1","1","4","7","7","1","","","27","Blue","This study was a good length. It managed to touch on a variety of topics without sacrificing brevity. Great work!","New York","Kings","1","Zohran Mamdani","Andrew Cuomo","Mayoral","New York City","","2","Yes","","","${e://Field/CAND_1}","","","","","","woman","","","Black or African American","","","","","","$100,001-$120,000","MA","Democrat","","Strong","",""
"SN130eb","0","2025-10-22 13:23:09","100","156","1","1","1834","183","1834","1858","75","7","1","1","4","1","4","5","","","27","Red","","New York","Kings","1","Zohran Mamdani","Andrew Cuomo","Mayoral","New York City","","2","Yes","","","${e://Field/CAND_2}","","","","","","man","","","","Asian","","","","","$20,001-$40,000","4yearColl","Independent","","","","Closer to Republican"
"ID032el","0","2025-10-22 13:25:49","100","74","1","1","2939","2675","","","60","1","5","5","2","6","3","2","","","37","yellow","","Washington","King","1","Bruce Harrell","Katie Wilson","Mayoral","Seattle","city","3","Yes","${e://Field/CAND_2}","","","","","","","","woman","White","","","","","","","","$160,001-$180,000","4yearColl","Democrat","","Not very strong","",""
"YV835yz","0","2025-10-22 13:27:30","100","38","1","1","1213","1215","","","","","","","","","","","","","","","","Massachusetts","Berkshire","0","","","","","","","","","","","","","","","","","","","","","","","","","","","","","","",""
"FM248sp","0","2025-10-22 13:25:25","100","173","1","1","1834","1865","1834","1865","65","5","4","4","4","2","4","3","","","35","Red","","New York","New York","1","Zohran Mamdani","Andrew Cuomo","Mayoral","New York City","","2","Yes","","","${e://Field/CAND_1}","","","","","","man","White","","","","","","","","$20,001-$40,000","4yearColl","Democrat","","Not very strong","",""
"CH426sq","0","2025-10-22 13:27:05","100","148","1","1","1834","1837","1834","1837","40","3","4","1","6","1","5","4","","","31","Blue","","New York","Bronx","1","Zohran Mamdani","Andrew Cuomo","Mayoral","New York City","","2","Yes","","","${e://Field/CAND_1}","","","","","","man","","Hispanic, Latino, or Spanish origin","","","","","","","$60,001-$80,000","4yearColl","Independent","","","","Neither"
"GR611sz","0","2025-10-22 13:28:05","100","126","1","1","1778","1793","","","80","4","4","6","3","7","2","1","","","28","purple","","New Jersey","Ocean","1","Jack Ciattarelli","Mikie Sherill","Gubernatorial","New Jersey","state","1","Not sure","","","","","${e://Field/CAND_2}","","","",NA,"White","","","","","","","","Prefer not to answer","4yearColl","Democrat","","Strong","",""
"RG196td","0","2025-10-22 13:23:49","100","391","1","1","2939","250","","","20","2","6","5","3","2","5","6","","","52","Blue","","Washington","Garfield","1","Bruce Harrell","Katie Wilson","Mayoral","Seattle","city","3","Not sure","","","","","${e://Field/CAND_1}","","","","man","White","","","","","","","","$100,001-$120,000","MA","Republican","","","Strong",""
"LO116se","0","2025-10-22 13:29:54","100","122","1","1","1834","1875","1834","1875","18","2","2","4","4","4","4","3","","","19","dark blue","","New York","Queens","1","Zohran Mamdani","Andrew Cuomo","Mayoral","New York City","","2","Yes","","","","","","","","","man","White","","","","","","","","$0-$20,000","4yearColl","Democrat","","Not very strong","",""
"UT244mr","0","2025-10-22 13:29:14","100","210","1","1","1834","495","1834","1877","67","5","1","2","7","2","6","2","","","22","silver","","New York","Richmond","1","Zohran Mamdani","Andrew Cuomo","Mayoral","New York City","","2","Yes","","","","","","","","","woman","","","","Asian","","","","","$100,001-$120,000","GED","Independent","","","","Neither"
"DI243ne","0","2025-10-22 13:30:08","100","185","1","1","1778","303","1778","1797","60","6","2","7","3","6","3","2","","","42","Green","Well done.","New Jersey","Sussex","1","Jack Ciattarelli","Mikie Sherill","Gubernatorial","New Jersey","state","1","Yes","${e://Field/CAND_2}","","","","","","","","man","White","","","","","","","","$60,001-$80,000","4yearColl","Democrat","","Not very strong","",""
"ZY575vj","0","2025-10-22 13:31:05","100","136","1","1","1778","161","","","51","5","4","7","1","7","2","1","","","31","blue","","New Jersey","Union","1","Jack Ciattarelli","Mikie Sherill","Gubernatorial","New Jersey","state","1","Not sure","","","","","${e://Field/CAND_2}","","","","woman","","","Black or African American","","","","","","$140,001-$160,000","MA","Democrat","","Strong","",""
"OX721mi","0","2025-10-22 13:33:34","100","135","1","1","1778","1780","","","67","6","2","6","2","7","3","4","","","35","Blue","","New Jersey","Bergen","1","Jack Ciattarelli","Mikie Sherill","Gubernatorial","New Jersey","state","1","Yes","${e://Field/CAND_2}","","","","","","","","man","White","","","","","","","","$60,001-$80,000","4yearColl","Independent","","","","Closer to Democratic"
"RZ648bg","0","2025-10-22 13:33:52","100","291","1","1","1778","1786","","","9","3","3","7","2","6","2","5","","","49","orange","","New Jersey","Gloucester","1","Jack Ciattarelli","Mikie Sherill","Gubernatorial","New Jersey","state","1","Yes","${e://Field/CAND_1}","","","","","","","","man","White","","","","","","","","$120,001-$140,000","4yearColl","Republican","","","Not very strong",""
"LR021yf","0","2025-10-22 13:37:57","100","90","1","1","1778","1780","1778","1780","27","5","4","7","2","7","3","2","","","37","Blue ","","New Jersey","Bergen","1","Jack Ciattarelli","Mikie Sherill","Gubernatorial","New Jersey","state","1","Yes","${e://Field/CAND_2}","","","","","","","","man","","Hispanic, Latino, or Spanish origin","","","","","","","Over $200,000","MA","Democrat","","Strong","",""
"ER307vh","0","2025-10-22 13:38:27","100","165","1","1","1834","1865","","","65","6","2","2","5","2","5","2","","","34","Red","","New York","New York","1","Zohran Mamdani","Andrew Cuomo","Mayoral","New York City","","2","Yes","","","${e://Field/CAND_1}","","","","","","man","","","Black or African American","","","","","","$60,001-$80,000","GED","Independent","","","","Closer to Democratic"
"JL308xp","0","2025-10-22 13:39:14","100","136","1","1","1778","1780","1778","1780","95","3","5","2","2","4","4","2","","","35","blue","","New Jersey","Bergen","1","Jack Ciattarelli","Mikie Sherill","Gubernatorial","New Jersey","state","1","Yes","${e://Field/CAND_2}","","","","","","","","woman","","","Black or African American","","","","","","$40,001-$60,000","MA","Democrat","","Not very strong","",""
"JD325si","0","2025-10-22 13:40:42","100","141","1","1","1778","295","","","86","5","3","7","1","1","5","1","","","30","Green","","New Jersey","Middlesex","1","Jack Ciattarelli","Mikie Sherill","Gubernatorial","New Jersey","state","1","Yes","${e://Field/CAND_2}","","","","","","","","woman","","Hispanic, Latino, or Spanish origin","","","","","","","$40,001-$60,000","GED","Other party","","","","Closer to Democratic"
"IB035pd","0","2025-10-22 13:40:11","100","191","1","1","1834","1837","1834","1837","42","5","3","1","4","5","4","2","","","37","purple","","New York","Bronx","1","Zohran Mamdani","Andrew Cuomo","Mayoral","New York City","","2","Yes","","","${e://Field/CAND_1}","","","","","","man","","","Black or African American","","","","","","$0-$20,000","GED","Democrat","","Strong","",""
"OT700vq","0","2025-10-22 13:30:43","100","839","1","1","1834","1865","1834","1865","20","6","1","1","4","4","4","6","","","37","red","","New York","New York","1","Zohran Mamdani","Andrew Cuomo","Mayoral","New York City","","2","Yes","","","${e://Field/CAND_1}","","","","","","woman","","","Black or African American","","","","","","$0-$20,000","4yearColl","Democrat","","Strong","",""
"UB477nu","0","2025-10-22 13:41:32","100","199","1","1","2939","2675","2939","2956","25","2","5","1","1","1","1","7","","","56","blue","I feel frustrated that my mayoral choices are two progressive liberals and no way to ever get a republican or conservative candidate even on the ballot. ","Washington","King","1","Bruce Harrell","Katie Wilson","Mayoral","Seattle","city","3","Yes","Other","Jason Rantz","","","","","","","man","White","","","","","","","","$160,001-$180,000","MA","Republican","","","Strong",""
"SZ625yb","0","2025-10-22 13:43:20","100","110","1","1","1778","295","1778","1790","59","7","1","7","1","7","1","2","","","27","pink","","New Jersey","Middlesex","1","Jack Ciattarelli","Mikie Sherill","Gubernatorial","New Jersey","state","1","Yes","${e://Field/CAND_2}","","","","","","","","woman","White","","","","","","","","Prefer not to answer","4yearColl","Democrat","","Not very strong","",""
"TU325wf","0","2025-10-22 13:43:44","100","221","1","1","1778","1218","","","59","4","4","4","4","4","4","3","","","46","purple","","New Jersey","Essex","1","Jack Ciattarelli","Mikie Sherill","Gubernatorial","New Jersey","state","1","No","","","","","","","","",NA,"White","","","","","","","","Prefer not to answer",NA,"No preference","","","","Closer to Democratic"
"ER881ek","0","2025-10-22 13:46:43","100","95","1","1","1778","944","1778","1792","40","3","6","5","1","7","2","5","","","52","purple","","New Jersey","Morris","1","Jack Ciattarelli","Mikie Sherill","Gubernatorial","New Jersey","state","1","Yes","${e://Field/CAND_1}","","","","","","","","woman","White","","","","","","","","Over $200,000","4yearColl","Republican","","","Not very strong",""
"DE149sl","0","2025-10-22 13:45:57","100","394","1","1","1778","1786","","","40","4","5","4","4","3","5","3","","","32","Blue","","New Jersey","Gloucester","1","Jack Ciattarelli","Mikie Sherill","Gubernatorial","New Jersey","state","1","No","","","","","","","","","man","","","","Asian","","","","","$20,001-$40,000","4yearColl","Democrat","","Not very strong","",""
"QO736zk","0","2025-10-22 13:53:59","100","26","1","1","1834","1226","","","","","","","","","","","","","","","","New York","Suffolk","0","","","","","","","","","","","","","","","","","","","","","","","","","","","","","","",""
"ZB390ce","0","2025-10-22 13:55:14","100","99","1","1","1834","183","1834","1858","100","1","1","1","7","1","7","3","","","34","Blue","","New York","Kings","1","Zohran Mamdani","Andrew Cuomo","Mayoral","New York City","","2","Not sure","","","","","","","","","man","","","","Asian","","","","","$20,001-$40,000","GED","No preference","","","","Neither"
"LM474ob","0","2025-10-22 13:54:19","100","166","1","1","2939","2675","","","40","4","5","5","3","4","5","4","","","39","Aqua","","Washington","King","1","Bruce Harrell","Katie Wilson","Mayoral","Seattle","city","3","No","","","","","Other","I would not vote.","","","man","White","","","","","","","","$40,001-$60,000","2yearColl","Independent","","","","Neither"
"XB528jx","0","2025-10-22 13:54:44","100","162","1","1","1778","1781","1778","1781","70","6","3","7","3","7","3","2","","","70","blue","","New Jersey","Burlington","1","Jack Ciattarelli","Mikie Sherill","Gubernatorial","New Jersey","state","1","Yes","${e://Field/CAND_2}","","","","","","","","woman","White","","","","","","","","$40,001-$60,000","2yearColl","Democrat","","Not very strong","",""
"UA563sf","0","2025-10-22 13:56:33","100","90","1","1","1834","1865","","","0","7","4","1","4","1","3","4","","","33","blue","","New York","New York","1","Zohran Mamdani","Andrew Cuomo","Mayoral","New York City","","2","No","","","","","","","","","woman","White","","","Asian","","","","","$0-$20,000","4yearColl","Independent","","","","Neither"
"BZ552qi","0","2025-10-22 13:57:12","100","101","1","1","1834","1865","","","43","3","5","2","4","2","4","2","","","28","blue","","New York","New York","1","Zohran Mamdani","Andrew Cuomo","Mayoral","New York City","","2","Yes","","","${e://Field/CAND_1}","","","","","","woman","White","","","","","","","","$120,001-$140,000","4yearColl","Democrat","","Strong","",""
"VL076lc","0","2025-10-22 13:57:15","100","120","1","1","1778","1780","","","50","6","2","2","6","2","6","4","","","25","Pink","","New Jersey","Bergen","1","Jack Ciattarelli","Mikie Sherill","Gubernatorial","New Jersey","state","1","Not sure","","","","","","","","","woman","White","","","","","","","","$0-$20,000","2yearColl","Democrat","","Not very strong","",""
"RK865tv","0","2025-10-22 13:59:26","100","130","1","1","1834","1875","","","18","7","2","3","1","1","5","7","","","23","black","","New York","Queens","1","Zohran Mamdani","Andrew Cuomo","Mayoral","New York City","","2","Yes","","","${e://Field/CAND_2}","","","","","","woman","White","","","","","","","","$180,001-$200,000","MA","Republican","","","Strong",""
"WY273ap","0","2025-10-22 13:57:52","100","231","1","1","1778","1218","","","0","7","4","7","3","3","7","4","","","73","Green","","New Jersey","Essex","1","Jack Ciattarelli","Mikie Sherill","Gubernatorial","New Jersey","state","1","Yes","${e://Field/CAND_2}","","","","","","","","man","","","Black or African American","","","","","","$140,001-$160,000","GED","Independent","","","","Neither"
"DA955xx","0","2025-10-22 14:00:41","100","118","1","1","1778","944","","","20","7","2","7","1","7","1","6","","","35","Red","No comments thank you ","New Jersey","Morris","1","Jack Ciattarelli","Mikie Sherill","Gubernatorial","New Jersey","state","1","Yes","${e://Field/CAND_1}","","","","","","","","man","White","","","","","","","","$160,001-$180,000","4yearColl","Republican","","","Strong",""
"CU590nn","0","2025-10-22 14:02:00","100","95","1","1","1834","1865","","","64","7","4","1","1","1","2","6","","","33","Blue","","New York","New York","1","Zohran Mamdani","Andrew Cuomo","Mayoral","New York City","","2","Yes","","","${e://Field/CAND_2}","","","","","","man","White","","","","","","","","$120,001-$140,000","4yearColl","Republican","","","Strong",""
"VB313fx","0","2025-10-22 14:00:15","100","228","1","1","1778","161","1778","1798","76","7","1","7","1","1","7","1","","","21","Pink","","New Jersey","Union","1","Jack Ciattarelli","Mikie Sherill","Gubernatorial","New Jersey","state","1","Yes","${e://Field/CAND_2}","","","","","","","","woman","","","","Asian","","","","","$60,001-$80,000","GED","Independent","","","","Closer to Democratic"
"RM704bo","0","2025-10-22 14:01:57","100","416","1","1","1834","183","1834","1858","55","5","2","2","4","4","5","4","","","40","blue","","New York","Kings","1","Zohran Mamdani","Andrew Cuomo","Mayoral","New York City","","2","Yes","","","${e://Field/CAND_1}","","","","","","man","","","","Asian","","","","","$120,001-$140,000","4yearColl","No preference","","","","Neither"
"RG209rz","0","2025-10-22 14:09:49","100","81","1","1","1778","295","1778","1790","12","7","2","7","1","6","1","4","","","36","blue","","New Jersey","Middlesex","1","Jack Ciattarelli","Mikie Sherill","Gubernatorial","New Jersey","state","1","Yes","${e://Field/CAND_1}","","","","","","","","man","White","","","","","","","","$20,001-$40,000","4yearColl","Independent","","","","Neither"
"IN789tv","0","2025-10-22 14:11:11","100","135","1","1","1312","1339","","","60","1","4","5","3","5","3","1","","","35","Green","","Minnesota","Hennepin","1","Jacob Frey","Omar Fateh","Mayoral","Minneapolis","city","4","Yes","Other","Dewayne Davis","","","","","","","woman","White","","","","","","","","$40,001-$60,000","4yearColl","Other party","","","","Closer to Democratic"
"ZB985pc","0","2025-10-22 14:12:31","100","151","1","1","1778","1786","","","60","6","2","6","2","4","4","5","","","32","Red","","New Jersey","Gloucester","1","Jack Ciattarelli","Mikie Sherill","Gubernatorial","New Jersey","state","1","Not sure","","","","","${e://Field/CAND_1}","","","","woman","White","","","","","","","","$60,001-$80,000","MA","Republican","","","Strong",""
"AL041ga","0","2025-10-22 14:14:23","100","220","1","1","1778","1787","1778","1787","54","5","3","6","3","5","3","4","","","29","blue","","New Jersey","Hudson","1","Jack Ciattarelli","Mikie Sherill","Gubernatorial","New Jersey","state","1","No","","","","","","","","","woman","","","","Asian","","","","","$100,001-$120,000","MA","Independent","","","","Neither"
"CZ777vb","0","2025-10-22 14:16:31","100","119","1","1","1778","602","","","80","5","4","7","1","4","1","4","","","42","pink","","New Jersey","Cumberland","1","Jack Ciattarelli","Mikie Sherill","Gubernatorial","New Jersey","state","1","Yes","${e://Field/CAND_1}","","","","","","","","woman","White","","","","","","","","$80,001-$100,000","GED","Independent","","","","Neither"
"VZ894wx","0","2025-10-22 14:16:26","100","136","1","1","1834","1875","","","65","5","2","1","3","1","4","6","","","39","Black","","New York","Queens","1","Zohran Mamdani","Andrew Cuomo","Mayoral","New York City","","2","Yes","","","${e://Field/CAND_2}","","","","","","man","White","","","","","","","","Over $200,000","MA","Republican","","","Strong",""
"HB068vu","0","2025-10-22 14:17:43","100","100","1","1","2939","2957","","","0","1","7","5","1","7","1","1","","","40","Blue","No further comments.","Washington","Kitsap","1","Bruce Harrell","Katie Wilson","Mayoral","Seattle","city","3","No","","","","","","","","","man","White","","","","","","","","$180,001-$200,000","4yearColl","Democrat","","Strong","",""
"RQ975ka","0","2025-10-22 14:18:29","100","73","1","1","1778","1794","1778","1794","100","7","3","7","3","7","4","2","","","33","Blue","","New Jersey","Passaic","1","Jack Ciattarelli","Mikie Sherill","Gubernatorial","New Jersey","state","1","Yes","${e://Field/CAND_2}","","","","","","","","man","White","Hispanic, Latino, or Spanish origin","","","","","","","$20,001-$40,000","GED","Democrat","","Strong","",""
"CB997rn","0","2025-10-22 14:18:07","100","141","1","1","1778","1793","1778","1793","25","5","2","6","1","5","3","4","","","57","Blue","","New Jersey","Ocean","1","Jack Ciattarelli","Mikie Sherill","Gubernatorial","New Jersey","state","1","Yes","${e://Field/CAND_1}","","","","","","","","man","White","","","","","","","","$20,001-$40,000","4yearColl","Independent","","","","Closer to Republican"
"UL920nq","0","2025-10-22 14:20:55","100","115","1","1","1778","1795","1778","1795","20","4","5","5","1","6","2","5","","","38","blue","","New Jersey","Salem","1","Jack Ciattarelli","Mikie Sherill","Gubernatorial","New Jersey","state","1","Yes","${e://Field/CAND_1}","","","","","","","","man","White","","","","","","","","$80,001-$100,000","4yearColl","Republican","","","Not very strong",""
"WP610et","0","2025-10-22 14:21:51","100","148","1","1","1778","303","","","0","2","5","7","1","7","1","7","","","52","pink","","New Jersey","Sussex","1","Jack Ciattarelli","Mikie Sherill","Gubernatorial","New Jersey","state","1","Yes","${e://Field/CAND_1}","","","","","","","","woman","White","","","","","","","","$100,001-$120,000","GED","Republican","","","Strong",""
"GO668ju","0","2025-10-22 14:24:14","100","125","1","1","1312","1339","1312","1339","85","3","6","3","2","3","2","2","","","45","blue","","Minnesota","Hennepin","1","Jacob Frey","Omar Fateh","Mayoral","Minneapolis","city","4","Yes","${e://Field/CAND_2}","","","","","","","","man","White","","","","","","","","$40,001-$60,000","GED","Democrat","","Strong","",""
"UJ970im","0","2025-10-22 14:23:57","100","152","1","1","1834","1837","","","41","6","4","1","3","2","6","1","","","48","Blue ","Thank you ","New York","Bronx","1","Zohran Mamdani","Andrew Cuomo","Mayoral","New York City","","2","Not sure","","","","","","","${e://Field/CAND_1}","","woman","White","","","","","","","","$80,001-$100,000","GED","Independent","","","","Closer to Democratic"
"LT395th","0","2025-10-22 14:25:21","100","123","1","1","1778","161","1778","1798","40","7","3","7","3","7","3","3","","","42","Grey","","New Jersey","Union","1","Jack Ciattarelli","Mikie Sherill","Gubernatorial","New Jersey","state","1","Yes","${e://Field/CAND_2}","","","","","","","","man","White","","","","","","","","$100,001-$120,000","4yearColl","Independent","","","","Closer to Democratic"
"SP742wp","0","2025-10-22 14:25:07","100","380","1","1","1834","183","","","21","2","6","1","6","2","5","5","","","49","royal purple","","New York","Kings","1","Zohran Mamdani","Andrew Cuomo","Mayoral","New York City","","2","Yes","","","Curtis Sliwa","","","","","","woman","White","","","","","","","","Over $200,000","MA","Republican","","","Not very strong",""
"BL293tk","0","2025-10-22 14:28:34","100","189","1","1","1312","1339","","","63","1","1","3","1","5","6","1","","","26","Red","","Minnesota","Hennepin","1","Jacob Frey","Omar Fateh","Mayoral","Minneapolis","city","4","No","","","","","${e://Field/CAND_1}","","","","woman","","","Black or African American","","","","","","$60,001-$80,000","4yearColl","Democrat","","Strong","",""
"OG269kw","0","2025-10-22 14:27:23","100","507","1","1","1834","1865","","","20","5","2","1","4","1","4","6","","","25","blue","","New York","New York","1","Zohran Mamdani","Andrew Cuomo","Mayoral","New York City","","2","Yes","","","","","","","","","man","","","Black or African American","","","","","","$120,001-$140,000","4yearColl","Republican","","","Not very strong",""
"RY697dr","0","2025-10-22 14:36:26","100","17","1","1","300","303","300","303","","","","","","","","","","","","","","Delaware","Sussex","0","","","","","","","","","","","","","","","","","","","","","","","","","","","","","","",""
"CT118eq","0","2025-10-22 14:39:43","100","270","1","1","1778","650","","","51","6","2","6","2","6","2","2","","","28","green","","New Jersey","Mercer","1","Jack Ciattarelli","Mikie Sherill","Gubernatorial","New Jersey","state","1","Yes","${e://Field/CAND_2}","","","","","","","","woman","White","","","","","","","","$100,001-$120,000","2yearColl","Democrat","","Strong","",""
"YF547yz","0","2025-10-22 14:41:43","100","159","1","1","1778","1794","","","70","1","5","7","3","6","2","3","","","27","Pink","","New Jersey","Passaic","1","Jack Ciattarelli","Mikie Sherill","Gubernatorial","New Jersey","state","1","Yes","${e://Field/CAND_2}","","","","","","","","woman","White","","","","","","","","$0-$20,000","GED","Democrat","","Strong","",""
"ZF571lx","0","2025-10-22 14:47:49","100","153","1","1","1834","1865","","","23","3","1","1","4","2","6","1","","","23","purple","","New York","New York","1","Zohran Mamdani","Andrew Cuomo","Mayoral","New York City","","2","Yes","","","${e://Field/CAND_1}","","","","","","woman","White","","","","","","","","$40,001-$60,000","4yearColl","Democrat","","Strong","",""
"VF847at","0","2025-10-22 14:51:03","100","215","1","1","1834","1865","","","0","6","6","6","6","6","6","2","","","28","blue","","New York","New York","1","Zohran Mamdani","Andrew Cuomo","Mayoral","New York City","","2","Yes","","","Curtis Sliwa","","","","","","woman","","","Black or African American","","","","","","$100,001-$120,000","MA","Democrat","","Strong","",""
"ZD365wd","0","2025-10-22 14:49:51","100","289","1","1","1778","1779","","","21","5","5","7","1","7","1","3","","","56","Blue","","New Jersey","Atlantic","1","Jack Ciattarelli","Mikie Sherill","Gubernatorial","New Jersey","state","1","Yes","${e://Field/CAND_2}","","","","","","","","woman","White","","","","","","","","$80,001-$100,000","4yearColl","Democrat","","Not very strong","",""
"ZL290qs","0","2025-10-22 14:56:47","100","132","1","1","1778","295","","","51","6","3","6","6","3","5","6","","","20","blue","","New Jersey","Middlesex","1","Jack Ciattarelli","Mikie Sherill","Gubernatorial","New Jersey","state","1","Yes","${e://Field/CAND_1}","","","","","","","","woman","White","","","","","","","","$180,001-$200,000","GED","Republican","","","Strong",""
"EB724uj","0","2025-10-22 15:00:13","100","145","1","1","1834","183","","","75","5","3","4","2","2","5","3","","","37","green","none","New York","Kings","1","Zohran Mamdani","Andrew Cuomo","Mayoral","New York City","","2","Yes","","","${e://Field/CAND_1}","","","","","","man","","Hispanic, Latino, or Spanish origin","","","","","","","$60,001-$80,000","4yearColl","Independent","","","","Neither"
"KJ126ej","0","2025-10-22 15:01:51","100","119","1","1","2795","2813","","","","","","","","","","","","","","","","Utah","Salt Lake","0","","","","","","","","","","","","","","","","","","","","","","","","","","","","","","",""
"HY120jk","0","2025-10-22 15:04:25","100","107","1","1","1778","295","","","80","4","4","4","4","4","4","2","","","35","Yellow","","New Jersey","Middlesex","1","Jack Ciattarelli","Mikie Sherill","Gubernatorial","New Jersey","state","1","No","","","","","","","","","woman","","","Black or African American","","","","","","$60,001-$80,000","GED","No preference","","","","Closer to Democratic"
"RP022nz","0","2025-10-22 15:04:54","100","92","1","1","1778","1185","1778","1796","65","3","6","5","2","5","2","6","","","40","pink","","New Jersey","Somerset","1","Jack Ciattarelli","Mikie Sherill","Gubernatorial","New Jersey","state","1","Yes","${e://Field/CAND_1}","","","","","","","","woman","White","","","","","","","","$100,001-$120,000","MA","Republican","","","Strong",""
"WB723rp","0","2025-10-22 15:03:22","100","212","1","1","1778","1218","","","82","7","2","7","2","7","2","2","","","39","green","","New Jersey","Essex","1","Jack Ciattarelli","Mikie Sherill","Gubernatorial","New Jersey","state","1","Yes","${e://Field/CAND_2}","","","","","","","","woman","","","Black or African American","","","","","","$80,001-$100,000","4yearColl","Democrat","","Strong","",""
"UE054ci","0","2025-10-22 15:03:43","100","330","1","1","1834","183","1834","1858","82","7","1","1","7","1","7","1","","","42","I guess super, super dark blue. ","","New York","Kings","1","Zohran Mamdani","Andrew Cuomo","Mayoral","New York City","","2","Yes","","","${e://Field/CAND_1}","","","","","","man","White","","","","","","","","Over $200,000","4yearColl","Democrat","","Strong","",""
"XA510tj","0","2025-10-22 15:15:10","100","181","1","1","1778","1779","","","75","6","2","7","3","6","3","1","","","26","Blue","","New Jersey","Atlantic","1","Jack Ciattarelli","Mikie Sherill","Gubernatorial","New Jersey","state","1","Yes","${e://Field/CAND_2}","","","","","","","","man","White","","","","","","","","$80,001-$100,000","GED","Democrat","","Not very strong","",""
"YU461je","0","2025-10-22 15:14:30","100","470","1","1","1778","650","","","90","5","3","5","2","6","4","5","","","52","Green","Just my ID - CFD8B9CEF458441AA2C895A6EBB20C1C","New Jersey","Mercer","1","Jack Ciattarelli","Mikie Sherill","Gubernatorial","New Jersey","state","1","Not sure","","","","","","","","","man","","","Black or African American","","","","","","$60,001-$80,000","4yearColl","Independent","","","","Closer to Republican"
"FE713pg","0","2025-10-22 15:29:19","100","154","1","1","1834","1865","","","39","7","3","1","5","2","5","2","","","24","blue","","New York","New York","1","Zohran Mamdani","Andrew Cuomo","Mayoral","New York City","","2","No","","","","","","","${e://Field/CAND_1}","","woman","White","","","","","","","","Over $200,000","4yearColl","Democrat","","Strong","",""
"ZV920br","0","2025-10-22 15:30:34","100","85","1","1","1312","1339","","","100","4","5","3","2","4","4","1","","","38","green","","Minnesota","Hennepin","1","Jacob Frey","Omar Fateh","Mayoral","Minneapolis","city","4","Yes","${e://Field/CAND_1}","","","","","","","","woman","White","","","","","","","","$20,001-$40,000","2yearColl","Democrat","","Strong","",""
"LG938di","0","2025-10-22 15:39:28","100","24","1","1","2219","2245","","","","","","","","","","","","","","","","Oregon","Multnomah","0","","","","","","","","","","","","","","","","","","","","","","","","","","","","","","",""
"PC501vy","0","2025-10-22 15:34:31","100","407","1","1","1778","1791","","","67","2","7","7","1","7","1","3","","","72","red","","New Jersey","Monmouth","1","Jack Ciattarelli","Mikie Sherill","Gubernatorial","New Jersey","state","1","Yes","${e://Field/CAND_2}","","","","","","","","woman","","","Black or African American","","","","","","$60,001-$80,000","2yearColl","Democrat","","Not very strong","",""
"BD590ph","0","2025-10-22 15:39:10","100","179","1","1","1778","944","1778","1792","86","6","4","7","2","6","4","2","","","65","blue","","New Jersey","Morris","1","Jack Ciattarelli","Mikie Sherill","Gubernatorial","New Jersey","state","1","Yes","${e://Field/CAND_2}","","","","","","","","man","White","","","","","","","","$20,001-$40,000","GED","Democrat","","Strong","",""
"EZ214sr","0","2025-10-22 15:44:55","100","106","1","1","1778","1791","","","46","7","3","7","1","4","4","5","","","60","blue","","New Jersey","Monmouth","1","Jack Ciattarelli","Mikie Sherill","Gubernatorial","New Jersey","state","1","Yes","${e://Field/CAND_2}","","","","","","","","woman","White","","","","","","","","Over $200,000","4yearColl","Republican","","","Not very strong",""
"IU148nz","0","2025-10-22 15:44:25","100","151","1","1","1834","183","","","59","6","1","1","5","1","6","2","","","61","green","","New York","Kings","1","Zohran Mamdani","Andrew Cuomo","Mayoral","New York City","","2","Yes","","","${e://Field/CAND_1}","","","","","","man","White","","","","","","","","$40,001-$60,000","2yearColl","Democrat","","Not very strong","",""
"KF045az","0","2025-10-22 15:38:33","100","512","1","1","1778","1780","","","14","5","2","6","1","6","2","6","","","39","gold","","New Jersey","Bergen","1","Jack Ciattarelli","Mikie Sherill","Gubernatorial","New Jersey","state","1","Yes","${e://Field/CAND_1}","","","","","","","","woman","","","Black or African American","","","","","","$40,001-$60,000","4yearColl","Republican","","","Strong",""
"CU770rf","0","2025-10-22 15:38:50","100","649","1","1","1778","1793","1778","1793","40","3","4","6","2","7","2","5","","","37","blue","","New Jersey","Ocean","1","Jack Ciattarelli","Mikie Sherill","Gubernatorial","New Jersey","state","1","Yes","${e://Field/CAND_1}","","","","","","","","man","White","","","","","","","","$140,001-$160,000","4yearColl","Independent","","","","Closer to Republican"
"KN720kg","0","2025-10-22 15:56:53","100","129","1","1","2256","51","","","","","","","","","","","","","","","","Pennsylvania","Monroe","0","","","","","","","","","","","","","","","","","","","","","","","","","","","","","","",""
"YR698ya","0","2025-10-22 15:54:56","100","306","1","1","1778","1780","","","30","4","2","6","2","6","1","3","","","40","purple","","New Jersey","Bergen","1","Jack Ciattarelli","Mikie Sherill","Gubernatorial","New Jersey","state","1","Yes","${e://Field/CAND_2}","","","","","","","","woman","","","Black or African American","","","","","","$100,001-$120,000","4yearColl","Democrat","","Not very strong","",""
"DM718su","0","2025-10-22 16:00:31","100","114","1","1","1834","1865","","","30","3","5","3","5","4","4","2","","","21","purple","","New York","New York","1","Zohran Mamdani","Andrew Cuomo","Mayoral","New York City","","2","No","","","","","","","${e://Field/CAND_1}","","woman","","","","Asian","","","","","$20,001-$40,000","GED","Democrat","","Strong","",""
"OI466tw","0","2025-10-22 16:00:06","100","178","1","1","1834","183","1834","1858","63","4","3","3","5","5","4","2","","","24","Green","","New York","Kings","1","Zohran Mamdani","Andrew Cuomo","Mayoral","New York City","","2","Yes","","","${e://Field/CAND_1}","","","","","","woman","White","","","","","","","","$100,001-$120,000","4yearColl","Democrat","","Not very strong","",""
"OU774or","0","2025-10-22 16:01:25","100","129","1","1","1778","1781","1778","1781","10","4","4","4","4","4","4","4","","","29","Black","","New Jersey","Burlington","1","Jack Ciattarelli","Mikie Sherill","Gubernatorial","New Jersey","state","1","No","","","","","","","","","woman","White","","","","","","","","$160,001-$180,000","4yearColl","Independent","","","","Neither"
"XG225yx","0","2025-10-22 16:00:03","100","231","1","1","304","66","","","","","","","","","","","","","","","","District of Columbia","Washington","0","","","","","","","","","","","","","","","","","","","","","","","","","","","","","","",""
"AT687ux","0","2025-10-22 16:00:25","100","259","1","1","1312","1339","1312","1339","75","7","7","1","1","1","1","7","","","43","hunter green","","Minnesota","Hennepin","1","Jacob Frey","Omar Fateh","Mayoral","Minneapolis","city","4","Yes","Other","Whoever is the Republican","","","","","","","man","White","","","","","","","","$20,001-$40,000","4yearColl","Republican","","","Strong",""
"BA526ts","0","2025-10-22 15:54:34","100","730","1","1","1778","295","","","40","7","3","7","4","7","3","4","","","24","burgundy","","New Jersey","Middlesex","1","Jack Ciattarelli","Mikie Sherill","Gubernatorial","New Jersey","state","1","Yes","${e://Field/CAND_2}","","","","","","","","man","","Hispanic, Latino, or Spanish origin","","","","","","","$60,001-$80,000","2yearColl","No preference","","","","Neither"
"FH477br","0","2025-10-22 16:05:39","100","139","1","1","1778","1791","","","20","3","3","5","2","5","3","4","","","53","blue","","New Jersey","Monmouth","1","Jack Ciattarelli","Mikie Sherill","Gubernatorial","New Jersey","state","1","Yes","${e://Field/CAND_1}","","","","","","","","woman","White","","","","","","","","Over $200,000","4yearColl","Independent","","","","Neither"
"GO628ao","0","2025-10-22 16:02:53","100","340","1","1","1778","1788","","","40","5","1","6","1","5","3","6","","","49","Black","Not a robot.","New Jersey","Hunterdon","1","Jack Ciattarelli","Mikie Sherill","Gubernatorial","New Jersey","state","1","Yes","${e://Field/CAND_1}","","","","","","","","man","White","","","","","","","","$80,001-$100,000","GED","Republican","","","Not very strong",""
"LU625ca","0","2025-10-22 16:08:06","100","31","1","1","1834","1226","1834","1886","","","","","","","","","","","","","","New York","Suffolk","0","","","","","","","","","","","","","","","","","","","","","","","","","","","","","","",""
"OU253hc","0","2025-10-22 16:07:48","100","116","1","1","2939","2970","","","20","2","5","4","1","5","3","3","","","19","purple","","Washington","Snohomish","1","Bruce Harrell","Katie Wilson","Mayoral","Seattle","city","3","No","","","","","","","","","woman","White","","","","","","","","$120,001-$140,000","GED","Democrat","","Not very strong","",""
"FC930os","0","2025-10-22 16:08:57","100","393","1","1","1778","944","","","35","6","2","6","1","5","2","2","","","48","blue ","Important election coming to our state. Hoping Sherrill can pull it off. Looks like it’s going to be tight. Thanks for the study on this topic!","New Jersey","Morris","1","Jack Ciattarelli","Mikie Sherill","Gubernatorial","New Jersey","state","1","Yes","${e://Field/CAND_2}","","","","","","","","man","White","Hispanic, Latino, or Spanish origin","","","","","","","$60,001-$80,000","2yearColl","Democrat","","Strong","",""
"AS270uu","0","2025-10-22 16:13:38","100","119","1","1","1778","1788","","","20","2","6","7","2","7","2","6","","","52","Blue","","New Jersey","Hunterdon","1","Jack Ciattarelli","Mikie Sherill","Gubernatorial","New Jersey","state","1","Yes","${e://Field/CAND_1}","","","","","","","","woman","White","","","","","","","","Over $200,000","GED","Republican","","","Strong",""
"AL317ec","0","2025-10-22 16:12:54","100","169","1","1","1778","1787","1778","1787","60","5","1","6","3","6","2","4","","","27","Orange","","New Jersey","Hudson","1","Jack Ciattarelli","Mikie Sherill","Gubernatorial","New Jersey","state","1","Not sure","","","","","${e://Field/CAND_2}","","","","man","White","","","","","","","","Prefer not to answer","4yearColl","Independent","","","","Closer to Republican"
"OI279zu","0","2025-10-22 16:13:08","100","175","1","1","1778","303","","","55","7","2","7","2","7","3","2","","","46","Blue","","New Jersey","Sussex","1","Jack Ciattarelli","Mikie Sherill","Gubernatorial","New Jersey","state","1","Yes","${e://Field/CAND_2}","","","","","","","","man","White","","","","","","","","$120,001-$140,000","4yearColl","Democrat","","Strong","",""
"PY141yg","0","2025-10-22 16:24:03","100","137","1","1","1834","1865","","","79","7","4","1","5","1","7","6","","","21","green","","New York","New York","1","Zohran Mamdani","Andrew Cuomo","Mayoral","New York City","","2","Yes","","","${e://Field/CAND_2}","","","","","","man","White","","","","","","","","Over $200,000","GED","Republican","","","Strong",""
"SL906yr","0","2025-10-22 16:21:29","100","416","1","1","2939","2675","","","32","3","5","3","1","3","2","3","","","60","pink","","Washington","King","1","Bruce Harrell","Katie Wilson","Mayoral","Seattle","city","3","Yes","${e://Field/CAND_1}","","","","","","","","woman","","","Black or African American","","","","","","$20,001-$40,000","2yearColl","Democrat","","Strong","",""
"CI108xp","0","2025-10-22 16:25:13","100","199","1","1","1312","1339","","","65","3","6","3","2","3","2","3","","","37","Turquoise","","Minnesota","Hennepin","1","Jacob Frey","Omar Fateh","Mayoral","Minneapolis","city","4","No","","","","","${e://Field/CAND_1}","","","","woman","White","","","","","","","","$40,001-$60,000","4yearColl","Independent","","","","Closer to Democratic"
"MT627ay","0","2025-10-22 16:30:51","100","138","1","1","2939","2675","","","41","6","3","1","7","1","6","5","","","54","hunter green","","Washington","King","1","Bruce Harrell","Katie Wilson","Mayoral","Seattle","city","3","No","","","","","${e://Field/CAND_2}","","","","man","White","","","","","","","","$0-$20,000","GED","Republican","","","Not very strong",""
"PR299ud","0","2025-10-22 16:28:39","100","450","1","1","1778","161","","","80","1","2","5","2","5","3","3","","","27","White","","New Jersey","Union","1","Jack Ciattarelli","Mikie Sherill","Gubernatorial","New Jersey","state","1","No","","","","","","","","","man","White","","","","","","","","$0-$20,000","GED","No preference","","","","Neither"
"UK107hv","0","2025-10-22 16:29:31","100","467","1","1","1834","1865","1834","1865","55","6","3","2","5","2","6","4","","","49","Turquoise","None","New York","New York","1","Zohran Mamdani","Andrew Cuomo","Mayoral","New York City","","2","Yes","","","Curtis Sliwa","","","","","","man","","","Black or African American","","","","","","$0-$20,000","2yearColl","Independent","","","","Closer to Democratic"
"DS032fn","0","2025-10-22 16:38:24","100","69","1","1","1312","1339","1312","1339","51","2","6","7","1","7","1","1","","","25","pink","","Minnesota","Hennepin","1","Jacob Frey","Omar Fateh","Mayoral","Minneapolis","city","4","Yes","${e://Field/CAND_2}","","","","","","","",NA,"White","","","","","","","","$60,001-$80,000","MA","No preference","","","","Neither"
"OT834zd","0","2025-10-22 16:42:35","100","145","1","1","1778","295","","","39","5","6","1","2","5","4","3","","","30","Green","","New Jersey","Middlesex","1","Jack Ciattarelli","Mikie Sherill","Gubernatorial","New Jersey","state","1","Yes","${e://Field/CAND_2}","","","","","","","","woman","","","","Asian","","","","","Over $200,000","4yearColl","Democrat","","Strong","",""
"KK812xu","0","2025-10-22 16:46:43","100","77","1","1","1312","1339","1312","1339","31","1","6","2","2","4","1","2","","","23","blue","","Minnesota","Hennepin","1","Jacob Frey","Omar Fateh","Mayoral","Minneapolis","city","4","Yes","${e://Field/CAND_1}","","","","","","","","man","White","","","","","","","","$80,001-$100,000","4yearColl","Democrat","","Strong","",""
"QJ013je","0","2025-10-22 16:46:26","100","247","1","1","2939","2675","2939","2956","80","3","4","4","2","4","4","4","","","38","blue","","Washington","King","1","Bruce Harrell","Katie Wilson","Mayoral","Seattle","city","3","Not sure","","","","","${e://Field/CAND_2}","","","","woman","","","","Asian","","","","","$20,001-$40,000","4yearColl","Democrat","","Not very strong","",""
"VA491lr","0","2025-10-22 16:49:00","100","210","1","1","1778","394","","","40","5","3","5","3","5","3","4","","","44","Indigo","I wish we weren't trapped in a 2 party system.","New Jersey","Camden","1","Jack Ciattarelli","Mikie Sherill","Gubernatorial","New Jersey","state","1","Not sure","","","","","Other","","","","man","White","","","","","","","","$60,001-$80,000","GED","Independent","","","","Neither"
"SC248hp","0","2025-10-22 16:48:51","100","238","1","1","1778","1791","","","34","6","4","7","3","6","3","1","","","30","green","","New Jersey","Monmouth","1","Jack Ciattarelli","Mikie Sherill","Gubernatorial","New Jersey","state","1","Yes","${e://Field/CAND_2}","","","","","","","","woman","","","Black or African American","","","","","","$40,001-$60,000","MA","Democrat","","Not very strong","",""
"PW238qy","0","2025-10-22 16:52:49","100","128","1","1","1778","161","","","0","3","3","6","3","5","3","4","","","37","Green","","New Jersey","Union","1","Jack Ciattarelli","Mikie Sherill","Gubernatorial","New Jersey","state","1","Yes","${e://Field/CAND_1}","","","","","","","","man","White","","","","","","","","Over $200,000","4yearColl","Independent","","","","Closer to Democratic"
"LU504ga","0","2025-10-22 17:01:51","100","117","1","1","1312","1339","","","20","2","5","1","1","4","4","1","","","68","blue","","Minnesota","Hennepin","1","Jacob Frey","Omar Fateh","Mayoral","Minneapolis","city","4","Yes","","","","","","","","","woman","White","","","","","","","","$140,001-$160,000","4yearColl","Democrat","","Strong","",""
"UX515yh","0","2025-10-22 17:05:29","100","76","1","1","1834","183","1834","1858","62","7","1","1","7","7","1","2","","","28","blue","","New York","Kings","1","Zohran Mamdani","Andrew Cuomo","Mayoral","New York City","","2","No","","","","","","","${e://Field/CAND_1}","","man","","","","Asian","","","","","$80,001-$100,000","4yearColl","Democrat","","Strong","",""
"FH343mk","0","2025-10-22 17:07:14","100","112","1","1","1778","1780","","","81","1","4","7","1","7","1","3","","","29","Blue","","New Jersey","Bergen","1","Jack Ciattarelli","Mikie Sherill","Gubernatorial","New Jersey","state","1","No","","","","","${e://Field/CAND_2}","","","","woman","White","","","","","","","","$40,001-$60,000","GED","Democrat","","Not very strong","",""
"RK639xc","0","2025-10-22 17:09:58","100","131","1","1","1834","183","","","90","5","1","1","7","1","4","1","","","18","Green","","New York","Kings","1","Zohran Mamdani","Andrew Cuomo","Mayoral","New York City","","2","Yes","","","${e://Field/CAND_1}","","","","","","man","White","","","","","","","","$20,001-$40,000","GED","Democrat","","Strong","",""
"BJ640vb","0","2025-10-22 17:10:25","100","313","1","1","1778","1793","","","30","7","4","6","2","7","3","4","","","33","Yellow","","New Jersey","Ocean","1","Jack Ciattarelli","Mikie Sherill","Gubernatorial","New Jersey","state","1","Yes","${e://Field/CAND_2}","","","","","","","","woman","White","","","","","","","","Over $200,000","PHD","Independent","","","","Closer to Democratic"
"HP077wt","0","2025-10-22 17:13:26","100","450","1","1","1312","1339","","","20","1","7","5","1","5","1","5","","","20","Blue","","Minnesota","Hennepin","1","Jacob Frey","Omar Fateh","Mayoral","Minneapolis","city","4","Yes","${e://Field/CAND_1}","","","","","","","","man","White","","","","","","","","$120,001-$140,000","GED","Republican","","","Not very strong",""
"GJ359zo","0","2025-10-22 17:24:20","100","138","1","1","1778","944","","","31","3","1","5","1","6","2","4","","","26","black","","New Jersey","Morris","1","Jack Ciattarelli","Mikie Sherill","Gubernatorial","New Jersey","state","1","Yes","${e://Field/CAND_1}","","","","","","","","man","","","","Asian","","","","","$60,001-$80,000","4yearColl","Independent","","","","Closer to Republican"
"KS945ce","0","2025-10-22 17:27:30","100","243","1","1","1834","1865","","","24","5","4","4","5","4","6","4","","","60","Blue","","New York","New York","1","Zohran Mamdani","Andrew Cuomo","Mayoral","New York City","","2","Not sure","","","","","","","${e://Field/CAND_2}","","man","","","Black or African American","","","","","","$40,001-$60,000","4yearColl","Independent","","","","Closer to Republican"
"JI916ft","0","2025-10-22 17:31:31","100","178","1","1","1834","183","1834","1858","37","7","2","1","2","1","3","6","","","32","Blue","Despite opposing Cuomo (my primary vote was for Adams), I believe he will do less damage than Mamdani, thus I intend to vote for him. I dont think Sliwa has a chance of winning, so while I prefer his policies, I unfortunately think that voting for him is useless ","New York","Kings","1","Zohran Mamdani","Andrew Cuomo","Mayoral","New York City","","2","Yes","","","${e://Field/CAND_2}","","","","","","woman","White","","","","","","","","Over $200,000","GED","Republican","","","Strong",""
"WV090vm","0","2025-10-22 17:34:37","100","267","1","1","1778","1793","1778","1793","72","5","1","5","1","7","1","5","","","33","cyan","","New Jersey","Ocean","1","Jack Ciattarelli","Mikie Sherill","Gubernatorial","New Jersey","state","1","Yes","${e://Field/CAND_1}","","","","","","","","woman","White","","Black or African American","","American Indian or Alaska Native","","","","$40,001-$60,000","4yearColl","Independent","","","","Closer to Republican"
"VU099kx","0","2025-10-22 17:41:01","100","79","1","1","1778","1787","","","40","4","4","6","3","4","4","2","","","21","Red","","New Jersey","Hudson","1","Jack Ciattarelli","Mikie Sherill","Gubernatorial","New Jersey","state","1","Yes","${e://Field/CAND_2}","","","","","","","","man","","Hispanic, Latino, or Spanish origin","","","","","","","$40,001-$60,000","GED","Democrat","","Strong","",""
"CF309up","0","2025-10-22 17:41:19","100","254","1","1","1312","1339","","","42","4","4","4","4","4","4","1","","","25","14285733","I cant tell if the attention check is meant to check bots because its so small that a human can barely read it","Minnesota","Hennepin","1","Jacob Frey","Omar Fateh","Mayoral","Minneapolis","city","4","Not sure","","","","","","","","","man","White","","","","","","","","$60,001-$80,000","GED","Democrat","","Strong","",""
"CA369uu","0","2025-10-22 17:46:52","100","166","1","1","1778","1218","","","75","7","2","7","3","3","4","1","nonbinary","","33","purple","","New Jersey","Essex","1","Jack Ciattarelli","Mikie Sherill","Gubernatorial","New Jersey","state","1","Yes","${e://Field/CAND_2}","","","","","","","",NA,"White","","","Asian","","","","","$0-$20,000","GED","Independent","","","","Closer to Democratic"
"UL197vf","0","2025-10-22 17:47:49","100","133","1","1","1778","1780","1778","1780","44","4","3","6","3","7","6","1","","","48","red","","New Jersey","Bergen","1","Jack Ciattarelli","Mikie Sherill","Gubernatorial","New Jersey","state","1","Yes","${e://Field/CAND_2}","","","","","","","","man","","","","Asian","","","","","$120,001-$140,000","4yearColl","Democrat","","Not very strong","",""
"FT503gv","0","2025-10-22 17:50:00","100","129","1","1","1778","1185","","","56","4","1","5","1","7","1","5","","","52","Green ","Mikie Sherrill is a cheat and a liar. ","New Jersey","Somerset","1","Jack Ciattarelli","Mikie Sherill","Gubernatorial","New Jersey","state","1","Yes","${e://Field/CAND_1}","","","","","","","","woman","White","","","","","","","","Over $200,000","4yearColl","Republican","","","Not very strong",""
"AQ288qq","0","2025-10-22 17:52:18","100","26","1","1","1834","351","1834","1864","","","","","","","","","","","","","","New York","Nassau","0","","","","","","","","","","","","","","","","","","","","","","","","","","","","","","",""
"VC029bd","0","2025-10-22 17:51:12","100","151","1","1","1312","1339","","","16","5","7","6","1","7","1","6","","","55","Blue","","Minnesota","Hennepin","1","Jacob Frey","Omar Fateh","Mayoral","Minneapolis","city","4","No","","","","","${e://Field/CAND_1}","","","","woman","White","","","","","","","","Over $200,000","2yearColl","Republican","","","Strong",""
"RX126wb","0","2025-10-22 17:52:23","100","112","1","1","1834","1837","1834","1837","61","5","2","1","5","2","6","1","","","34","aqua","","New York","Bronx","1","Zohran Mamdani","Andrew Cuomo","Mayoral","New York City","","2","Yes","","","${e://Field/CAND_1}","","","","","","man","","Hispanic, Latino, or Spanish origin","","","","","","","$0-$20,000","GED","Democrat","","Not very strong","",""
"UL000et","0","2025-10-22 17:53:17","100","176","1","1","1834","1875","1834","1875","100","4","2","2","7","2","7","1","","","27","black","","New York","Queens","1","Zohran Mamdani","Andrew Cuomo","Mayoral","New York City","","2","Yes","","","","","","","","","woman","","","","Asian","","","","","$0-$20,000","MA","Democrat","","Strong","",""
"LX985kj","0","2025-10-22 17:56:53","100","214","1","1","1778","1218","","","62","1","7","7","1","7","1","2","","","56","brown","","New Jersey","Essex","1","Jack Ciattarelli","Mikie Sherill","Gubernatorial","New Jersey","state","1","Yes","${e://Field/CAND_2}","","","","","","","","woman","","","Black or African American","","","","","","$20,001-$40,000","GED","Democrat","","Strong","",""
"UD194ks","0","2025-10-22 17:59:22","100","334","1","1","1778","1185","1778","1796","100","1","7","7","1","7","1","4","","","30","red","","New Jersey","Somerset","1","Jack Ciattarelli","Mikie Sherill","Gubernatorial","New Jersey","state","1","Not sure","","","","","","","","","man","","","Black or African American","","","","","","$0-$20,000","GED","Independent","","","","Closer to Democratic"
"IK532pk","0","2025-10-22 18:11:14","100","131","1","1","1778","1791","1778","","72","7","5","7","2","7","3","1","","","44","Green","None","New Jersey","Monmouth","1","Jack Ciattarelli","Mikie Sherill","Gubernatorial","New Jersey","state","1","Yes","${e://Field/CAND_2}","","","","","","","","man","White","","","","","","","","$80,001-$100,000","PHD","Democrat","","Strong","",""
"IU634fg","0","2025-10-22 18:09:55","100","446","1","1","1834","183","1834","1858","70","6","1","2","7","6","2","2","","","27","blue","","New York","Kings","1","Zohran Mamdani","Andrew Cuomo","Mayoral","New York City","","2","Yes","","","${e://Field/CAND_1}","","","","","","woman","","","Black or African American","","","","","","$60,001-$80,000","2yearColl","Democrat","","Not very strong","",""
"XD995nj","0","2025-10-22 18:16:52","100","153","1","1","1778","303","1778","1797","18","6","3","6","2","7","1","5","","","55","periwinkle","I usually vote Republican, but as a teacher with a pension I have to go with the Democrat on this one.","New Jersey","Sussex","1","Jack Ciattarelli","Mikie Sherill","Gubernatorial","New Jersey","state","1","Yes","${e://Field/CAND_2}","","","","","","","","woman","White","","","","","","","","$120,001-$140,000","MA","Republican","","","Not very strong",""
"VV342jl","0","2025-10-22 18:13:09","100","474","1","1","1778","1781","","","50","7","4","7","1","7","1","1","","","34","Blue","","New Jersey","Burlington","1","Jack Ciattarelli","Mikie Sherill","Gubernatorial","New Jersey","state","1","No","","","","","","","","","woman","","","Black or African American","","","","","","$80,001-$100,000","GED","Democrat","","Strong","",""
"LT463zo","0","2025-10-22 18:19:45","100","304","1","1","1778","303","","","80","7","2","7","2","7","3","1","","","40","Fuchsia","","New Jersey","Sussex","1","Jack Ciattarelli","Mikie Sherill","Gubernatorial","New Jersey","state","1","Yes","${e://Field/CAND_2}","","","","","","","","woman","White","","","","","","","","$60,001-$80,000","2yearColl","Democrat","","Strong","",""
"SZ601kh","0","2025-10-22 18:23:41","100","153","1","1","2939","2675","2939","2956","80","3","5","4","3","4","2","2","","","46","green","","Washington","King","1","Bruce Harrell","Katie Wilson","Mayoral","Seattle","city","3","Yes","${e://Field/CAND_2}","","","","","","","","man","White","","Black or African American","","","","","","$0-$20,000","2yearColl","Independent","","","","Closer to Democratic"
"FI062qj","0","2025-10-22 18:39:33","100","116","1","1","1834","183","1834","1858","70","5","2","1","4","2","6","3","","","37","blue","","New York","Kings","1","Zohran Mamdani","Andrew Cuomo","Mayoral","New York City","","2","Yes","","","${e://Field/CAND_1}","","","","","","woman","White","","","","","","","","$80,001-$100,000","4yearColl","Democrat","","Strong","",""
"ZZ142ue","0","2025-10-22 18:41:04","100","110","1","1","1778","1787","","","83","2","5","7","2","3","4","2","","","37","Blue","","New Jersey","Hudson","1","Jack Ciattarelli","Mikie Sherill","Gubernatorial","New Jersey","state","1","Yes","${e://Field/CAND_2}","","","","","","","","woman","White","","","","","","","","$100,001-$120,000","4yearColl","Democrat","","Strong","",""
"KK181ci","0","2025-10-22 18:53:01","100","79","1","1","1834","183","1834","1858","73","5","3","2","6","5","3","3","","","31","blue","","New York","Kings","1","Zohran Mamdani","Andrew Cuomo","Mayoral","New York City","","2","Yes","","","${e://Field/CAND_1}","","","","","","man","","","","Asian","","","","","$20,001-$40,000","GED","Democrat","","Not very strong","",""
"DB378uh","0","2025-10-22 18:56:09","100","241","1","1","1778","394","","","30","4","4","4","4","4","4","2","","","36","blue","","New Jersey","Camden","1","Jack Ciattarelli","Mikie Sherill","Gubernatorial","New Jersey","state","1","Yes","","","","","","","","","woman","White","","","","","","","","$80,001-$100,000","4yearColl","Democrat","","Not very strong","",""
"GP154po","0","2025-10-22 19:08:42","100","213","1","1","1834","1875","1834","1875","25","4","3","3","4","3","5","3","","","28","blue","","New York","Queens","1","Zohran Mamdani","Andrew Cuomo","Mayoral","New York City","","2","Yes","","","${e://Field/CAND_1}","","","","","","man","","","","Asian","","","","","$60,001-$80,000","GED","Democrat","","Not very strong","",""
"UQ011yl","0","2025-10-22 19:20:58","100","201","1","1","1312","1339","","","16","1","5","6","1","5","1","1","","","30","Orange","","Minnesota","Hennepin","1","Jacob Frey","Omar Fateh","Mayoral","Minneapolis","city","4","No","","","","","${e://Field/CAND_2}","","","","woman","White","","","","","","","","$40,001-$60,000","MA","Democrat","","Strong","",""
"GW062dp","0","2025-10-22 19:26:59","100","153","1","1","1778","295","1778","1790","63","6","1","7","3","7","5","1","","","46","Purple","","New Jersey","Middlesex","1","Jack Ciattarelli","Mikie Sherill","Gubernatorial","New Jersey","state","1","Yes","Other","ACP Candidate","","","","","","","man","White","","","","","","","","$20,001-$40,000","4yearColl","Other party","Socialist","","","Closer to Democratic"
"KI356hm","0","2025-10-22 19:36:12","100","122","1","1","1778","1185","1778","1796","41","7","1","6","3","7","3","3","","","29","blue","","New Jersey","Somerset","1","Jack Ciattarelli","Mikie Sherill","Gubernatorial","New Jersey","state","1","Yes","${e://Field/CAND_2}","","","","","","","","man","White","","","","","","","","$80,001-$100,000","4yearColl","Independent","","","","Closer to Democratic"
"VM754yu","0","2025-10-22 19:42:01","100","113","1","1","1778","1791","1778","1791","75","1","1","7","1","4","4","5","","","33","red"," ","New Jersey","Monmouth","1","Jack Ciattarelli","Mikie Sherill","Gubernatorial","New Jersey","state","1","Yes","${e://Field/CAND_1}","","","","","","","","man","White","","","","","","","","$40,001-$60,000","2yearColl","Republican","","","Not very strong",""
"XJ915eq","0","2025-10-22 19:41:22","100","183","1","1","1778","1794","","","50","7","3","7","1","4","2","2","","","29","cyan","","New Jersey","Passaic","1","Jack Ciattarelli","Mikie Sherill","Gubernatorial","New Jersey","state","1","Yes","${e://Field/CAND_2}","","","","","","","","man","","Hispanic, Latino, or Spanish origin","","","","","","","$60,001-$80,000","4yearColl","Independent","","","","Closer to Democratic"
"IX364hk","0","2025-10-22 19:45:46","100","32","1","1","167","186","","","","","","","","","","","","","","","","California","Los Angeles","0","","","","","","","","","","","","","","","","","","","","","","","","","","","","","","",""
"MV356tt","0","2025-10-22 19:47:35","100","90","1","1","2939","2675","","","75","1","2","3","2","5","4","1","","","20","Pink","","Washington","King","1","Bruce Harrell","Katie Wilson","Mayoral","Seattle","city","3","Yes","${e://Field/CAND_2}","","","","","","","","man","","Hispanic, Latino, or Spanish origin","","","","","","","Over $200,000","GED","Independent","","","","Closer to Democratic"
"IA859wi","0","2025-10-22 19:55:18","100","214","1","1","1778","1787","","","40","2","5","4","1","5","1","2","","","53","red","","New Jersey","Hudson","1","Jack Ciattarelli","Mikie Sherill","Gubernatorial","New Jersey","state","1","Yes","${e://Field/CAND_2}","","","","","","","","woman","","","Black or African American","","","","","","$180,001-$200,000","GED","Independent","","","","Closer to Democratic"
"CU720vh","0","2025-10-22 20:03:16","100","131","1","1","1778","1793","","","15","7","1","6","1","6","1","6","","","29","Blue","","New Jersey","Ocean","1","Jack Ciattarelli","Mikie Sherill","Gubernatorial","New Jersey","state","1","Yes","${e://Field/CAND_1}","","","","","","","","man","White","","","","","Middle Eastern or North African","","","$40,001-$60,000","MA","Independent","","","","Closer to Republican"
"LV599av","0","2025-10-22 20:09:00","100","110","1","1","1834","1875","1834","1875","90","6","1","1","4","7","5","1","","","39","blue","","New York","Queens","1","Zohran Mamdani","Andrew Cuomo","Mayoral","New York City","","2","Yes","","","${e://Field/CAND_1}","","","","","","man","White","","Black or African American","","","","","","$120,001-$140,000","4yearColl","Democrat","","Strong","",""
"NU235ev","0","2025-10-22 20:04:45","100","400","1","1","1778","650","","","72","3","6","5","3","6","3","5","","","56","blue","","New Jersey","Mercer","1","Jack Ciattarelli","Mikie Sherill","Gubernatorial","New Jersey","state","1","Yes","${e://Field/CAND_1}","","","","","","","","woman","White","","","","","","","","$0-$20,000","MA","Independent","","","","Neither"
"FR247kv","0","2025-10-22 20:13:52","100","92","1","1","1834","1875","","","33","7","1","1","3","7","2","2","","","24","blue","","New York","Queens","1","Zohran Mamdani","Andrew Cuomo","Mayoral","New York City","","2","Yes","","","","","","","","","woman","","","","Asian","","","","","$0-$20,000","4yearColl","Democrat","","Not very strong","",""
"VS228hs","0","2025-10-22 20:15:40","100","84","1","1","2939","2675","2939","2956","10","1","2","3","2","5","3","2","","","40","Green","","Washington","King","1","Bruce Harrell","Katie Wilson","Mayoral","Seattle","city","3","Yes","${e://Field/CAND_2}","","","","","","","","man","White","Hispanic, Latino, or Spanish origin","","","","","","","$160,001-$180,000","MA","Democrat","","Strong","",""
"XI547ta","0","2025-10-22 20:22:04","100","96","1","1","1834","1865","","","38","6","2","1","6","3","6","4","","","32","Red","","New York","New York","1","Zohran Mamdani","Andrew Cuomo","Mayoral","New York City","","2","Yes","","","${e://Field/CAND_1}","","","","","","man","","","","","","Middle Eastern or North African","","","Over $200,000","PHD","Independent","","","","Neither"
"XS931ns","0","2025-10-22 20:20:58","100","184","1","1","1778","1791","","","0","5","1","6","1","4","1","5","","","49","purple","","New Jersey","Monmouth","1","Jack Ciattarelli","Mikie Sherill","Gubernatorial","New Jersey","state","1","Yes","${e://Field/CAND_1}","","","","","","","","woman","White","","","","","","","","$140,001-$160,000","GED","Republican","","","Not very strong",""
"AF300oy","0","2025-10-22 20:37:34","100","664","1","1","1778","523","","","19","7","3","7","3","1","7","3","","","33","Blue","","New Jersey","Warren","1","Jack Ciattarelli","Mikie Sherill","Gubernatorial","New Jersey","state","1","Yes","${e://Field/CAND_2}","","","","","","","","woman","White","","","","","","","","$40,001-$60,000","4yearColl","Democrat","","Not very strong","",""
"KO443rg","0","2025-10-22 20:50:05","100","168","1","1","1778","1793","","","100","7","3","7","3","3","4","6","","","41","Pink","","New Jersey","Ocean","1","Jack Ciattarelli","Mikie Sherill","Gubernatorial","New Jersey","state","1","Yes","${e://Field/CAND_2}","","","","","","","","woman","White","","","","","","","","$0-$20,000","GED","Democrat","","Not very strong","",""
"AM746zg","0","2025-10-22 20:52:08","100","152","1","1","1312","1339","","","16","1","4","4","3","5","3","1","","","24","purple","","Minnesota","Hennepin","1","Jacob Frey","Omar Fateh","Mayoral","Minneapolis","city","4","No","","","","","","","","","woman","","","Black or African American","","","","","","$20,001-$40,000","4yearColl","Independent","","","","Closer to Democratic"
"IJ280zr","0","2025-10-22 20:58:33","100","109","1","1","1834","183","1834","1858","17","3","4","1","5","5","4","4","","","21","Pink","","New York","Kings","1","Zohran Mamdani","Andrew Cuomo","Mayoral","New York City","","2","Not sure","","","","","","","","","woman","White","","","","","","","","$160,001-$180,000","GED","Independent","","","","Neither"
"AI503fg","0","2025-10-22 20:59:08","100","229","1","1","1778","1780","","","51","6","3","6","3","7","2","2","","","61","turquoise","","New Jersey","Bergen","1","Jack Ciattarelli","Mikie Sherill","Gubernatorial","New Jersey","state","1","Yes","${e://Field/CAND_2}","","","","","","","","woman","White","","","","","","","","$160,001-$180,000","2yearColl","Independent","","","","Neither"
"WV487cj","0","2025-10-22 21:01:03","100","278","1","1","1834","1837","","","82","4","1","2","7","1","7","1","","","37","blue","","New York","Bronx","1","Zohran Mamdani","Andrew Cuomo","Mayoral","New York City","","2","Yes","","","${e://Field/CAND_1}","","","","","","woman","","","Black or African American","","","","","","$40,001-$60,000","4yearColl","Independent","","","","Closer to Democratic"
"HO446ai","0","2025-10-22 21:17:42","100","171","1","1","2939","2675","2939","2956","64","3","5","5","3","5","3","3","","","29","Blue","","Washington","King","1","Bruce Harrell","Katie Wilson","Mayoral","Seattle","city","3","No","","","","","","","","","man","","","","Asian","","","","","$100,001-$120,000","4yearColl","Independent","","","","Closer to Democratic"
"CM735bu","0","2025-10-22 21:20:06","100","150","1","1","1778","1780","","","51","1","1","7","4","7","7","1","","","26","Pink","","New Jersey","Bergen","1","Jack Ciattarelli","Mikie Sherill","Gubernatorial","New Jersey","state","1","Not sure","","","","","${e://Field/CAND_2}","","","","woman","","","Black or African American","Asian","","","","","$80,001-$100,000","PHD","Democrat","","Not very strong","",""
"GV022wm","0","2025-10-22 21:42:35","100","139","1","1","1834","1865","","","7","7","3","1","7","1","4","2","","","25","blue","","New York","New York","1","Zohran Mamdani","Andrew Cuomo","Mayoral","New York City","","2","Not sure","","","","","","","Curtis Sliwa","","woman","White","","","","","","","","Over $200,000","4yearColl","Democrat","","Not very strong","",""
"WD170zr","0","2025-10-22 21:45:26","100","87","1","1","1778","295","1778","1790","72","4","3","6","3","6","4","4","","","40","green","","New Jersey","Middlesex","1","Jack Ciattarelli","Mikie Sherill","Gubernatorial","New Jersey","state","1","No","","","","","${e://Field/CAND_2}","","","","man","White","","","","","","","","$100,001-$120,000","GED","Independent","","","","Neither"
"LT470ll","0","2025-10-22 21:48:37","100","193","1","1","1312","1339","1312","1339","80","2","5","5","2","5","2","1","","","22","green","","Minnesota","Hennepin","1","Jacob Frey","Omar Fateh","Mayoral","Minneapolis","city","4","Yes","${e://Field/CAND_2}","","","","","","","","woman","White","","","","","","","","$20,001-$40,000","2yearColl","Independent","","","","Closer to Democratic"
"ME923ea","0","2025-10-22 21:56:08","100","120","1","1","1834","1875","1834","1875","80","7","1","1","7","1","7","1","","","43","Purple","","New York","Queens","1","Zohran Mamdani","Andrew Cuomo","Mayoral","New York City","","2","Not sure","","","","","","","","","woman","","","","Asian","","","","","$100,001-$120,000","4yearColl","Democrat","","Strong","",""
"OE533tm","0","2025-10-22 21:58:48","100","68","1","1","1778","161","","","84","6","4","6","3","3","4","1","","","19","green","","New Jersey","Union","1","Jack Ciattarelli","Mikie Sherill","Gubernatorial","New Jersey","state","1","Yes","${e://Field/CAND_2}","","","","","","","","woman","","","","Asian","","","","","Over $200,000","4yearColl","Democrat","","Strong","",""
"MO843hu","0","2025-10-22 22:03:48","100","167","1","1","1834","183","","","80","5","2","2","5","2","5","2","","","29","Blue","","New York","Kings","1","Zohran Mamdani","Andrew Cuomo","Mayoral","New York City","","2","Yes","","","${e://Field/CAND_1}","","","","","","man","","","","Asian","","","","","$40,001-$60,000","4yearColl","Democrat","","Strong","",""
"LZ489cx","0","2025-10-22 22:18:25","100","157","1","1","1778","161","","","58","4","4","6","4","3","5","3","","","48","BLue","","New Jersey","Union","1","Jack Ciattarelli","Mikie Sherill","Gubernatorial","New Jersey","state","1","Yes","${e://Field/CAND_2}","","","","","","","","woman","White","","","","","","","","$80,001-$100,000","MA","Democrat","","Strong","",""
"XV493me","0","2025-10-22 22:18:25","100","249","1","1","1778","295","","","26","4","2","6","2","5","3","4","","","70","Blue ","","New Jersey","Middlesex","1","Jack Ciattarelli","Mikie Sherill","Gubernatorial","New Jersey","state","1","Yes","","","","","","","","","man","White","","","","","","","","$60,001-$80,000","4yearColl","Independent","","","","Neither"
"FD109dh","0","2025-10-22 22:27:11","100","348","1","1","1312","1314","1312","1314","20","1","1","4","2","5","3","3","","","30","Blue","","Minnesota","Anoka","1","Jacob Frey","Omar Fateh","Mayoral","Minneapolis","city","4","Yes","${e://Field/CAND_1}","","","","","","","","man","White","","","","","","","","$180,001-$200,000","4yearColl","Democrat","","Not very strong","",""
"VN859ns","0","2025-10-22 22:45:01","100","194","1","1","1834","1875","","","83","5","1","1","6","2","7","1","nonbinary","","31","burgundy","n/a","New York","Queens","1","Zohran Mamdani","Andrew Cuomo","Mayoral","New York City","","2","Yes","","","${e://Field/CAND_1}","","","","","",NA,"White","","","","","","","","$0-$20,000","4yearColl","Democrat","","Strong","",""
"UC803wi","0","2025-10-22 22:50:05","100","304","1","1","1834","183","","","8","6","4","1","4","4","4","2","","","64","Red","","New York","Kings","1","Zohran Mamdani","Andrew Cuomo","Mayoral","New York City","","2","Yes","","","","","","","","","woman","White","","","","","","","","$80,001-$100,000","GED","Democrat","","Strong","",""
"DB116ie","0","2025-10-22 22:52:23","100","265","1","1","1312","1339","","","40","2","5","5","2","6","2","1","","","31","Green","","Minnesota","Hennepin","1","Jacob Frey","Omar Fateh","Mayoral","Minneapolis","city","4","Yes","${e://Field/CAND_2}","","","","","","","","man","White","","","","","","","","$80,001-$100,000","2yearColl","Democrat","","Strong","",""
"PZ962oi","0","2025-10-22 23:15:28","100","106","1","1","1834","1865","1834","1865","84","6","2","1","5","2","5","2","","","25","blue","n/a","New York","New York","1","Zohran Mamdani","Andrew Cuomo","Mayoral","New York City","","2","Yes","","","${e://Field/CAND_1}","","","","","","woman","","","","Asian","","","","","$40,001-$60,000","4yearColl","Democrat","","Not very strong","",""
"CO699ki","0","2025-10-22 22:59:19","100","1159","1","1","1778","1787","","","81","1","1","7","3","7","1","2","","","33","purple","","New Jersey","Hudson","1","Jack Ciattarelli","Mikie Sherill","Gubernatorial","New Jersey","state","1","Yes","${e://Field/CAND_2}","","","","","","","","woman","","","Black or African American","","","","","","$100,001-$120,000","2yearColl","Independent","","","","Closer to Democratic"
"IG323yf","0","2025-10-22 23:46:50","100","187","1","1","1778","1218","","","20","4","5","4","5","4","4","4","","","44","Red","","New Jersey","Essex","1","Jack Ciattarelli","Mikie Sherill","Gubernatorial","New Jersey","state","1","Yes","","","","","","","","","woman","","","Black or African American","","","","","","$100,001-$120,000","4yearColl","Independent","","","","Neither"
"RA467fq","0","2025-10-23 00:13:55","100","131","1","1","1778","1780","","","87","4","6","7","2","4","4","1","","","19","Orange","","New Jersey","Bergen","1","Jack Ciattarelli","Mikie Sherill","Gubernatorial","New Jersey","state","1","Not sure","","","","","${e://Field/CAND_2}","","","","man","White","","","","","","","","$60,001-$80,000","GED","Independent","","","","Closer to Democratic"
"DZ180bh","0","2025-10-23 00:18:49","100","1032","1","1","1778","523","","","60","5","4","5","3","6","3","2","","","31","red","","New Jersey","Warren","1","Jack Ciattarelli","Mikie Sherill","Gubernatorial","New Jersey","state","1","Not sure","","","","","${e://Field/CAND_2}","","","","man","","","","Asian","","","","","$20,001-$40,000",NA,"Democrat","","Strong","",""
"KZ815jg","0","2025-10-23 00:35:04","100","124","1","1","1312","1339","","","73","1","6","4","6","6","3","2","","","32","Red","","Minnesota","Hennepin","1","Jacob Frey","Omar Fateh","Mayoral","Minneapolis","city","4","No","","","","","${e://Field/CAND_2}","","","","man","White","","","","","","","","Over $200,000","4yearColl","Democrat","","Strong","",""
"QJ667zb","0","2025-10-23 00:36:26","100","85","1","1","1778","523","","","60","5","4","5","3","6","3","2","","","31","red","This was curious.","New Jersey","Warren","1","Jack Ciattarelli","Mikie Sherill","Gubernatorial","New Jersey","state","1","Not sure","","","","","${e://Field/CAND_2}","","","","man","","","","Asian","","","","","$20,001-$40,000","GED","Democrat","","Strong","",""
"LL358dw","0","2025-10-23 00:37:31","100","155","1","1","1312","1339","","","80","3","5","5","3","5","3","5","","","26","Blue","","Minnesota","Hennepin","1","Jacob Frey","Omar Fateh","Mayoral","Minneapolis","city","4","Not sure","","","","","","","","","man","","","Black or African American","","","","","","$60,001-$80,000","4yearColl","No preference","","","","Neither"
"HS523lj","0","2025-10-23 00:44:42","100","115","1","1","1834","1865","","","6","5","2","2","5","1","5","3","","","43","black","","New York","New York","1","Zohran Mamdani","Andrew Cuomo","Mayoral","New York City","","2","Yes","","","${e://Field/CAND_1}","","","","","","man","White","","","","","","","","$160,001-$180,000","4yearColl","Independent","","","","Closer to Democratic"
"XQ062bl","0","2025-10-23 00:52:32","100","143","1","1","1778","1780","","","43","4","4","4","4","4","4","2","","","20","Black","","New Jersey","Bergen","1","Jack Ciattarelli","Mikie Sherill","Gubernatorial","New Jersey","state","1","Not sure","","","","","","","","",NA,"","","","Asian","","","","","$80,001-$100,000","GED","Democrat","","Not very strong","",""
"KK432fi","0","2025-10-23 01:26:19","100","104","1","1","2939","2675","2939","2956","5","3","6","2","1","2","1","2","","","33","Blue","","Washington","King","1","Bruce Harrell","Katie Wilson","Mayoral","Seattle","city","3","Yes","${e://Field/CAND_2}","","","","","","","","man","White","","","Asian","","","","","$180,001-$200,000","MA","Democrat","","Strong","",""
"KZ289tt","0","2025-10-23 01:50:01","100","103","1","1","2939","2675","2939","2956","100","5","5","1","1","1","1","1","","","36","pacific blue","","Washington","King","1","Bruce Harrell","Katie Wilson","Mayoral","Seattle","city","3","Yes","${e://Field/CAND_1}","","","","","","","","woman","","","","","American Indian or Alaska Native","","","","$20,001-$40,000","GED","Democrat","","Strong","",""
"OP043hv","0","2025-10-23 03:09:20","100","89","1","1","1834","1875","1834","1875","40","6","2","1","7","2","5","4","","","26","blue","","New York","Queens","1","Zohran Mamdani","Andrew Cuomo","Mayoral","New York City","","2","No","","","","","","","${e://Field/CAND_1}","","man","White","","","","","","","","$60,001-$80,000","2yearColl","No preference","","","","Neither"
"GM761en","0","2025-10-23 03:40:54","100","248","1","1","1778","1787","","","100","4","4","4","4","4","4","1","","","42","purple","","New Jersey","Hudson","1","Jack Ciattarelli","Mikie Sherill","Gubernatorial","New Jersey","state","1","No","","","","","","","","","woman","","","Black or African American","","","","","","$20,001-$40,000","noHS","No preference","","","","Neither"
"ZA962tq","0","2025-10-23 05:45:35","100","415","1","1","1778","1218","1778","1785","30","7","3","7","1","7","1","4","","","52","red","","New Jersey","Essex","1","Jack Ciattarelli","Mikie Sherill","Gubernatorial","New Jersey","state","1","Yes","${e://Field/CAND_2}","","","","","","","","woman","White","","Black or African American","","American Indian or Alaska Native","","","","$60,001-$80,000","GED","Other party","no affiliation","","","Neither"
"NG677vo","0","2025-10-23 05:59:27","100","340","1","1","1312","1339","","","69","2","3","3","3","2","4","1","","","38","Green","No comments","Minnesota","Hennepin","1","Jacob Frey","Omar Fateh","Mayoral","Minneapolis","city","4","Not sure","","","","","${e://Field/CAND_1}","","","","woman","White","","","","","","","","$20,001-$40,000","2yearColl","Democrat","","Not very strong","",""
"UX063ob","0","2025-10-23 06:03:23","100","210","1","1","1778","1793","","","42","5","2","6","3","3","6","4","","","50","Blue","","New Jersey","Ocean","1","Jack Ciattarelli","Mikie Sherill","Gubernatorial","New Jersey","state","1","Yes","${e://Field/CAND_1}","","","","","","","","woman","White","","","","","","","","$100,001-$120,000","MA","Republican","","","Strong",""
"CK653sc","0","2025-10-23 06:16:09","100","116","1","1","1834","183","","","81","7","1","2","7","3","7","1","","","31","Lilac","","New York","Kings","1","Zohran Mamdani","Andrew Cuomo","Mayoral","New York City","","2","Yes","","","${e://Field/CAND_1}","","","","","","woman","","","","Asian","","","","","$140,001-$160,000","4yearColl","Independent","","","","Closer to Democratic"
"ZN283eg","0","2025-10-23 06:18:47","100","125","1","1","1778","1791","","","53","4","4","5","3","5","3","2","","","28","green","","New Jersey","Monmouth","1","Jack Ciattarelli","Mikie Sherill","Gubernatorial","New Jersey","state","1","Yes","${e://Field/CAND_2}","","","","","","","","woman","White","","","","","","","","$80,001-$100,000","4yearColl","Democrat","","Strong","",""
"XF644yy","0","2025-10-23 07:09:29","100","194","1","1","1778","1791","","","20","5","2","4","3","4","3","5","","","66","blue","","New Jersey","Monmouth","1","Jack Ciattarelli","Mikie Sherill","Gubernatorial","New Jersey","state","1","No","","","","","","","","","woman","White","","","","","","","","$40,001-$60,000","GED","Republican","","","Strong",""
"LF318mn","0","2025-10-23 07:25:32","100","227","1","1","1778","944","","","65","6","3","7","2","6","2","2","","","37","olive green","","New Jersey","Morris","1","Jack Ciattarelli","Mikie Sherill","Gubernatorial","New Jersey","state","1","Yes","${e://Field/CAND_2}","","","","","","","","man","White","","","","","","","","$180,001-$200,000","MA","Democrat","","Strong","",""
"HD290cy","0","2025-10-23 07:36:53","100","91","1","1","1778","1780","1778","1780","91","4","4","4","4","4","4","4","","","31","Blue","","New Jersey","Bergen","1","Jack Ciattarelli","Mikie Sherill","Gubernatorial","New Jersey","state","1","No","","","","","","","","","man","","","","Asian","","","","","$80,001-$100,000","4yearColl","Independent","","","","Neither"
"HN995zo","0","2025-10-23 07:49:47","100","136","1","1","1834","183","1834","1858","26","6","1","4","6","1","6","2","","","26","Blue","","New York","Kings","1","Zohran Mamdani","Andrew Cuomo","Mayoral","New York City","","2","Yes","","","${e://Field/CAND_2}","","","","","","man","","","Black or African American","","","","","","$100,001-$120,000","4yearColl","Independent","","","","Closer to Republican"
"DK611uo","0","2025-10-23 07:59:03","100","117","1","1","1778","295","","","40","3","2","6","3","7","5","4","","","18","red","","New Jersey","Middlesex","1","Jack Ciattarelli","Mikie Sherill","Gubernatorial","New Jersey","state","1","Yes","${e://Field/CAND_2}","","","","","","","","man","White","","","","","","","","$40,001-$60,000","2yearColl","No preference","","","","Closer to Democratic"
"RX898tx","0","2025-10-23 07:59:52","100","253","1","1","1778","295","","","20","4","4","6","2","5","3","4","","","59","Brown","","New Jersey","Middlesex","1","Jack Ciattarelli","Mikie Sherill","Gubernatorial","New Jersey","state","1","Yes","${e://Field/CAND_2}","","","","","","","","man","","","Black or African American","","","","","","$140,001-$160,000","GED","Independent","","","","Neither"
"ND317uf","0","2025-10-23 08:05:18","100","180","1","1","1778","1783","","","5","4","7","7","1","7","1","6","","","82","green","","New Jersey","Cape May","1","Jack Ciattarelli","Mikie Sherill","Gubernatorial","New Jersey","state","1","Yes","${e://Field/CAND_1}","","","","","","","","woman","White","","","","","","","","$40,001-$60,000","GED","Republican","","","Strong",""
"UR030zk","0","2025-10-23 08:19:28","100","117","1","1","1778","650","","","20","6","4","7","2","7","4","1","","","54","Blue","","New Jersey","Mercer","1","Jack Ciattarelli","Mikie Sherill","Gubernatorial","New Jersey","state","1","Yes","${e://Field/CAND_2}","","","","","","","","man","White","","","","","","","","$180,001-$200,000","MA","Democrat","","Strong","",""
"CQ226ow","0","2025-10-23 08:33:40","100","183","1","1","1778","1791","1778","1791","46","7","2","7","4","5","3","3","","","37","blue","","New Jersey","Monmouth","1","Jack Ciattarelli","Mikie Sherill","Gubernatorial","New Jersey","state","1","Yes","${e://Field/CAND_2}","","","","","","","","woman","White","","","","","","","","$120,001-$140,000","4yearColl","Independent","","","","Closer to Democratic"
"XW865fz","0","2025-10-23 08:35:33","100","131","1","1","1778","1793","","","60","6","2","5","2","5","1","6","","","42","Blue","","New Jersey","Ocean","1","Jack Ciattarelli","Mikie Sherill","Gubernatorial","New Jersey","state","1","Yes","${e://Field/CAND_1}","","","","","","","","woman","White","","","","","","","","$100,001-$120,000","MA","Republican","","","Not very strong",""
"HG644ar","0","2025-10-23 08:57:06","100","69","1","1","1778","944","1778","1792","45","4","3","6","3","4","4","4","","","39","blue","","New Jersey","Morris","1","Jack Ciattarelli","Mikie Sherill","Gubernatorial","New Jersey","state","1","Yes","${e://Field/CAND_2}","","","","","","","","woman","White","","","","","","","","$100,001-$120,000","4yearColl","Democrat","","Not very strong","",""
"IQ407ig","0","2025-10-23 09:04:47","100","157","1","1","1778","1781","","","50","5","2","7","2","7","2","1","","","58","Blue","Thank you.","New Jersey","Burlington","1","Jack Ciattarelli","Mikie Sherill","Gubernatorial","New Jersey","state","1","Yes","${e://Field/CAND_2}","","","","","","","","man","White","","","","","","","","$140,001-$160,000","MA","Democrat","","Strong","",""
"SV418gc","0","2025-10-23 09:49:11","100","133","1","1","1834","1875","","","40","6","2","2","4","2","5","2","","","29","Black","","New York","Queens","1","Zohran Mamdani","Andrew Cuomo","Mayoral","New York City","","2","Yes","","","${e://Field/CAND_1}","","","","","","man","","","","Asian","","","","","$60,001-$80,000","4yearColl","Democrat","","Strong","",""
"DW181au","0","2025-10-23 09:49:30","100","133","1","1","1834","1875","","","42","5","1","2","3","3","6","1","","","39","Red","","New York","Queens","1","Zohran Mamdani","Andrew Cuomo","Mayoral","New York City","","2","Yes","","","${e://Field/CAND_1}","","","","","","man","","Hispanic, Latino, or Spanish origin","","","","","","","$180,001-$200,000","PHD","Democrat","","Not very strong","",""
"OS937bd","0","2025-10-23 09:49:27","100","188","1","1","1778","1218","","","60","4","4","4","4","4","4","4","","","34","pink","","New Jersey","Essex","1","Jack Ciattarelli","Mikie Sherill","Gubernatorial","New Jersey","state","1","Yes","","","","","","","","","woman","","","Black or African American","","","","","","$40,001-$60,000","GED","Independent","","","","Neither"
"NV081hy","0","2025-10-23 09:51:37","100","234","1","1","1834","1865","","","46","5","2","1","7","3","5","2","","","40","blue","","New York","New York","1","Zohran Mamdani","Andrew Cuomo","Mayoral","New York City","","2","Yes","","","${e://Field/CAND_1}","","","","","","man","White","","","","","","","","Over $200,000","MA","Democrat","","Strong","",""
"AN176ht","0","2025-10-23 10:11:42","100","144","1","1","1834","1865","1834","1865","70","4","1","1","5","1","5","2","","","36","silver","","New York","New York","1","Zohran Mamdani","Andrew Cuomo","Mayoral","New York City","","2","Yes","","","${e://Field/CAND_1}","","","","","","man","","","","Asian","","","","","$60,001-$80,000","4yearColl","Democrat","","Strong","",""
"PN433go","0","2025-10-23 10:23:40","100","132","1","1","1834","1865","","","35","7","3","1","3","4","4","2","","","24","Pink","","New York","New York","1","Zohran Mamdani","Andrew Cuomo","Mayoral","New York City","","2","No","","","","","","","Curtis Sliwa","","woman","White","","","","","","","","Prefer not to answer","4yearColl","Democrat","","Strong","",""
"MI456ej","0","2025-10-23 10:23:45","100","472","1","1","1778","944","1778","1792","0","4","4","5","2","5","4","6","","","26","Red","none thank you!!","New Jersey","Morris","1","Jack Ciattarelli","Mikie Sherill","Gubernatorial","New Jersey","state","1","Yes","${e://Field/CAND_1}","","","","","","","","man","White","","","","","","","","$80,001-$100,000","4yearColl","Republican","","","Not very strong",""
"YI919aa","0","2025-10-23 10:37:49","100","244","1","1","1778","602","","","0","4","4","7","1","4","4","6","","","40","Purple","I had to pick the middle option for a few questions because I haven't been following their campaigns or their promises. Thank you! ","New Jersey","Cumberland","1","Jack Ciattarelli","Mikie Sherill","Gubernatorial","New Jersey","state","1","No","","","","","${e://Field/CAND_2}","","","","woman","","","Black or African American","","American Indian or Alaska Native","","","","$20,001-$40,000","GED","Independent","","","","Closer to Republican"
"EJ419he","0","2025-10-23 10:48:39","100","327","1","1","1778","1185","","","0","3","6","6","2","2","6","3","","","21","Pink","","New Jersey","Somerset","1","Jack Ciattarelli","Mikie Sherill","Gubernatorial","New Jersey","state","1","Not sure","","","","","","","","","woman","","","","Asian","","","","","$80,001-$100,000","4yearColl","Democrat","","Strong","",""
"VF206se","0","2025-10-23 10:54:57","100","115","1","1","1778","1793","","","27","7","5","7","1","5","2","7","","","22","Black","","New Jersey","Ocean","1","Jack Ciattarelli","Mikie Sherill","Gubernatorial","New Jersey","state","1","Yes","${e://Field/CAND_1}","","","","","","","","man","White","","","","","","","","Prefer not to answer","4yearColl","Republican","","","Strong",""
"SU126gr","0","2025-10-23 10:57:11","100","96","1","1","1778","1218","","","25","6","4","7","2","7","2","2","","","36","green","","New Jersey","Essex","1","Jack Ciattarelli","Mikie Sherill","Gubernatorial","New Jersey","state","1","Yes","${e://Field/CAND_2}","","","","","","","","woman","White","","","","","","","","Over $200,000","4yearColl","Independent","","","","Closer to Democratic"
"XK033jq","0","2025-10-23 11:05:55","100","273","1","1","1834","183","","","39","4","2","3","5","5","2","4","","","36","green","","New York","Kings","1","Zohran Mamdani","Andrew Cuomo","Mayoral","New York City","","2","No","","","","","","","","","man","White","","","","","","","","$80,001-$100,000","GED","No preference","","","","Neither"
"YO298gh","0","2025-10-23 11:27:09","100","236","1","1","1834","1837","","","100","1","5","1","5","1","7","1","","","26","purple","","New York","Bronx","1","Zohran Mamdani","Andrew Cuomo","Mayoral","New York City","","2","Yes","","","${e://Field/CAND_1}","","","","","","woman","White","Hispanic, Latino, or Spanish origin","","","","","","","$40,001-$60,000","2yearColl","Democrat","","Strong","",""
"UR832js","0","2025-10-23 11:50:20","100","118","1","1","1778","295","","","85","5","2","7","3","7","3","2","","","37","red","","New Jersey","Middlesex","1","Jack Ciattarelli","Mikie Sherill","Gubernatorial","New Jersey","state","1","Not sure","","","","","${e://Field/CAND_2}","","","","man","White","","","","","","","","$0-$20,000","MA","Democrat","","Not very strong","",""
"NP487wh","0","2025-10-23 11:52:51","100","471","1","1","1778","394","","","70","7","1","7","1","7","1","6","","","40","Blue","","New Jersey","Camden","1","Jack Ciattarelli","Mikie Sherill","Gubernatorial","New Jersey","state","1","No","","","","","${e://Field/CAND_1}","","","","woman","White","","","","","","","","$140,001-$160,000","GED","Republican","","","Strong",""
"PI731ci","0","2025-10-23 12:03:42","100","231","1","1","1312","1339","","","0","1","7","3","7","4","7","4","","Indigenous American","62","white","Thank You for the opportunity to participate!","Minnesota","Hennepin","1","Jacob Frey","Omar Fateh","Mayoral","Minneapolis","city","4","No","","","","","","","","","man","","","","","","","","Other (please specify)","$0-$20,000","2yearColl","Independent","","","","Closer to Democratic"
"ZH533bi","0","2025-10-23 12:29:40","100","108","1","1","1834","1865","","","50","5","3","3","5","3","4","1","","","41","Purple","","New York","New York","1","Zohran Mamdani","Andrew Cuomo","Mayoral","New York City","","2","No","","","","","","","${e://Field/CAND_1}","","woman","","","","Asian","","","","","Over $200,000","MA","Democrat","","Strong","",""
"LB372wq","0","2025-10-23 13:07:47","100","78","1","1","2939","2675","","","67","3","5","3","1","5","3","4","","","24","Red","","Washington","King","1","Bruce Harrell","Katie Wilson","Mayoral","Seattle","city","3","Not sure","","","","","${e://Field/CAND_2}","","","","man","","Hispanic, Latino, or Spanish origin","","","","","","","$80,001-$100,000","4yearColl","Independent","","","","Neither"
"CB415xh","0","2025-10-23 13:16:58","100","133","1","1","1312","1339","1312","1339","0","4","4","4","4","4","4","5","","","22","turquoise","","Minnesota","Hennepin","1","Jacob Frey","Omar Fateh","Mayoral","Minneapolis","city","4","No","","","","","${e://Field/CAND_1}","","","","man","White","","","","","","","","$0-$20,000","GED","Independent","","","","Closer to Republican"
"TV202ds","0","2025-10-23 13:22:23","100","313","1","1","1778","1780","","","20","4","4","6","2","5","3","5","","","45","Purple","","New Jersey","Bergen","1","Jack Ciattarelli","Mikie Sherill","Gubernatorial","New Jersey","state","1","Not sure","","","","","","","","","woman","White","","","","","","","","Over $200,000","PHD","Independent","","","","Closer to Republican"
"YB485jd","0","2025-10-23 13:51:59","100","20","1","1","2256","2267","2256","2267","","","","","","","","","","","","","","Pennsylvania","Cambria","0","","","","","","","","","","","","","","","","","","","","","","","","","","","","","","",""
"NR775pj","0","2025-10-23 13:51:30","100","208","1","1","1778","1780","","","10","1","6","6","1","7","2","2","","","57","Red","","New Jersey","Bergen","1","Jack Ciattarelli","Mikie Sherill","Gubernatorial","New Jersey","state","1","Yes","","","","","","","","","woman","White","","","","","","","","Over $200,000","PHD","Democrat","","Not very strong","",""
"DY764sa","0","2025-10-23 13:55:40","100","145","1","1","1834","183","","","50","4","5","4","4","4","4","4","","","27","Red","","New York","Kings","1","Zohran Mamdani","Andrew Cuomo","Mayoral","New York City","","2","Not sure","","","","","","","${e://Field/CAND_2}","","man","","","","Asian","","","","","$40,001-$60,000","2yearColl","No preference","","","","Neither"
"QK639jm","0","2025-10-23 14:03:56","100","110","1","1","1778","1218","1778","1785","0","3","6","6","1","7","1","6","","","47","blue","","New Jersey","Essex","1","Jack Ciattarelli","Mikie Sherill","Gubernatorial","New Jersey","state","1","Yes","${e://Field/CAND_1}","","","","","","","","man","White","","","","","","","","Prefer not to answer","GED","Republican","","","Strong",""
"BJ552wf","0","2025-10-23 14:04:08","100","134","1","1","1834","1875","1834","1875","65","6","2","1","6","2","6","1","","","22","Green","","New York","Queens","1","Zohran Mamdani","Andrew Cuomo","Mayoral","New York City","","2","Yes","","","${e://Field/CAND_1}","","","","","","woman","White","Hispanic, Latino, or Spanish origin","","","","","","","$140,001-$160,000","4yearColl","Democrat","","Strong","",""
"FK910pj","0","2025-10-23 15:13:58","100","96","1","1","1778","650","","","0","6","3","7","1","7","1","2","","","43","Blue","","New Jersey","Mercer","1","Jack Ciattarelli","Mikie Sherill","Gubernatorial","New Jersey","state","1","Yes","${e://Field/CAND_2}","","","","","","","","man","White","","","","","","","","Over $200,000","4yearColl","Democrat","","Strong","",""
"NP016nj","0","2025-10-23 15:21:58","100","179","1","1","1778","1787","","","0","6","4","3","5","2","3","4","","","30","pink","","New Jersey","Hudson","1","Jack Ciattarelli","Mikie Sherill","Gubernatorial","New Jersey","state","1","No","","","","","","","","","woman","","Hispanic, Latino, or Spanish origin","Black or African American","","","","","","$0-$20,000","2yearColl","Independent","","","","Neither"
"RZ465iz","0","2025-10-23 15:40:59","100","216","1","1","1834","183","","","29","7","1","1","7","1","7","2","","","28","orange","","New York","Kings","1","Zohran Mamdani","Andrew Cuomo","Mayoral","New York City","","2","Yes","","","${e://Field/CAND_1}","","","","","",NA,"","","","","","Middle Eastern or North African","","","$60,001-$80,000","GED","Democrat","","Not very strong","",""
"HU909hf","0","2025-10-23 15:43:15","100","201","1","1","1834","1865","","","55","7","4","5","1","1","4","2","","","26","green","the first two questions i thought mamdani was first then cuomo so my answers are swapped! SORRY, couldn't go back ","New York","New York","1","Zohran Mamdani","Andrew Cuomo","Mayoral","New York City","","2","Yes","","","${e://Field/CAND_2}","","","","","","woman","White","","","","","","","","$120,001-$140,000","4yearColl","Democrat","","Strong","",""
"ET577yr","0","2025-10-23 16:07:50","100","143","1","1","1834","1865","","","90","6","1","1","6","1","6","1","","","62","Green","","New York","New York","1","Zohran Mamdani","Andrew Cuomo","Mayoral","New York City","","2","Yes","","","${e://Field/CAND_1}","","","","","","man","","","","Asian","","","","","$40,001-$60,000","4yearColl","Democrat","","Strong","",""
"QD167zh","0","2025-10-23 16:25:14","100","158","1","1","1834","183","","","92","6","4","1","6","6","2","2","","","42","Blue","","New York","Kings","1","Zohran Mamdani","Andrew Cuomo","Mayoral","New York City","","2","Yes","","","${e://Field/CAND_1}","","","","","","man","","","Black or African American","","","","","","$40,001-$60,000","4yearColl","Democrat","","Not very strong","",""
"TX428am","0","2025-10-23 16:28:23","100","94","1","1","2939","2675","","","20","5","3","6","2","3","6","2","","","44","blue","","Washington","King","1","Bruce Harrell","Katie Wilson","Mayoral","Seattle","city","3","Yes","${e://Field/CAND_1}","","","","","","","","man","White","Hispanic, Latino, or Spanish origin","","","","","","","$0-$20,000","MA","Independent","","","","Neither"
"BP431su","0","2025-10-23 16:20:52","100","586","1","1","1834","183","","","53","5","2","2","5","2","5","2","","","26","blue","","New York","Kings","1","Zohran Mamdani","Andrew Cuomo","Mayoral","New York City","","2","Yes","","","${e://Field/CAND_1}","","","","","","woman","","","Black or African American","","","","","","$100,001-$120,000","4yearColl","Democrat","","Strong","",""
"KB064gm","0","2025-10-23 16:31:21","100","133","1","1","1834","495","1834","1877","37","5","3","5","5","1","4","5","","","25","Purple","","New York","Richmond","1","Zohran Mamdani","Andrew Cuomo","Mayoral","New York City","","2","Yes","","","${e://Field/CAND_2}","","","","","","woman","White","","","","","","","","$120,001-$140,000","4yearColl","Republican","","","Not very strong",""
"VP324pu","0","2025-10-23 16:47:12","100","128","1","1","1834","495","","","74","4","3","1","2","5","3","3","","","38","blue","","New York","Richmond","1","Zohran Mamdani","Andrew Cuomo","Mayoral","New York City","","2","Yes","","","${e://Field/CAND_1}","","","","","","man","White","","","","","","","","$140,001-$160,000","4yearColl","Democrat","","Not very strong","",""
"YL917bm","0","2025-10-23 16:49:05","100","74","1","1","2939","2675","2939","2956","12","2","4","3","1","4","1","6","","","50","green","","Washington","King","1","Bruce Harrell","Katie Wilson","Mayoral","Seattle","city","3","Yes","${e://Field/CAND_1}","","","","","","","","man","White","","","","","","","","$140,001-$160,000","4yearColl","Republican","","","Strong",""
"RU857ph","0","2025-10-23 17:19:57","100","172","1","1","1834","1875","1834","1875","60","5","2","2","5","3","4","5","","","51","Black","Cuomo reminds me too much of Trump these days. Also, I believe the women who testified against him.","New York","Queens","1","Zohran Mamdani","Andrew Cuomo","Mayoral","New York City","","2","Yes","","","${e://Field/CAND_1}","","","","","","man","White","","","","","","","","$100,001-$120,000","4yearColl","Independent","","","","Closer to Republican"
"YZ645wg","0","2025-10-23 17:25:21","100","133","1","1","1834","1865","","","66","1","7","1","7","7","1","1","","","41","Green","","New York","New York","1","Zohran Mamdani","Andrew Cuomo","Mayoral","New York City","","2","No","","","","","","","${e://Field/CAND_1}","","woman","White","","","","","","","","$80,001-$100,000","4yearColl","Independent","","","","Closer to Democratic"
"FA974ta","0","2025-10-23 17:31:25","100","114","1","1","1312","1339","","","60","2","5","3","3","5","2","2","","","38","Blue","","Minnesota","Hennepin","1","Jacob Frey","Omar Fateh","Mayoral","Minneapolis","city","4","Yes","${e://Field/CAND_1}","","","","","","","","woman","White","","","","","","","","$80,001-$100,000","4yearColl","Democrat","","Strong","",""
"HC795xt","0","2025-10-23 18:00:17","100","116","1","1","1834","183","1834","1858","40","4","1","4","4","4","4","3","","","32","blue","","New York","Kings","1","Zohran Mamdani","Andrew Cuomo","Mayoral","New York City","","2","Yes","","","${e://Field/CAND_1}","","","","","","woman","","Hispanic, Latino, or Spanish origin","","","","","","","$100,001-$120,000","4yearColl","Democrat","","Not very strong","",""
"WR012rs","0","2025-10-23 18:03:23","100","94","1","1","1834","495","","","18","7","1","4","1","1","4","4","","","44","Green","","New York","Richmond","1","Zohran Mamdani","Andrew Cuomo","Mayoral","New York City","","2","Yes","","","","","","","","","man","White","","","","","","","","$80,001-$100,000","4yearColl","Independent","","","","Closer to Democratic"
"VI995aq","0","2025-10-23 18:59:02","100","93","1","1","1778","1794","1778","1794","50","4","4","4","4","4","4","2","","","25","Purple","","New Jersey","Passaic","1","Jack Ciattarelli","Mikie Sherill","Gubernatorial","New Jersey","state","1","Not sure","","","","","","","","","man","","","","","","Middle Eastern or North African","","","$40,001-$60,000","4yearColl","Democrat","","Not very strong","",""
"BY713vh","0","2025-10-23 19:12:50","100","154","1","1","1834","1875","1834","","82","6","2","2","6","2","6","2","","","29","Purple","","New York","Queens","1","Zohran Mamdani","Andrew Cuomo","Mayoral","New York City","","2","Yes","","","${e://Field/CAND_1}","","","","","","woman","","Hispanic, Latino, or Spanish origin","","","","","","","$40,001-$60,000","GED","Democrat","","Strong","",""
"BJ383ss","0","2025-10-23 19:20:13","100","136","1","1","1778","1786","","","0","6","4","7","1","5","2","3","","","25","Pink","","New Jersey","Gloucester","1","Jack Ciattarelli","Mikie Sherill","Gubernatorial","New Jersey","state","1","Yes","${e://Field/CAND_2}","","","","","","","","woman","","","Black or African American","","","","","","$80,001-$100,000","GED","Democrat","","Not very strong","",""
"LB959qe","0","2025-10-23 21:21:19","100","148","1","1","1778","1218","","","70","5","2","3","2","3","3","6","","","33","pink","none","New Jersey","Essex","1","Jack Ciattarelli","Mikie Sherill","Gubernatorial","New Jersey","state","1","No","","","","","","","","","woman","","","Black or African American","","","","","","$20,001-$40,000","GED","Democrat","","Not very strong","",""
"WM564lr","0","2025-10-23 21:46:08","100","159","1","1","1834","183","","","75","6","1","1","3","2","6","1","","","42","green","","New York","Kings","1","Zohran Mamdani","Andrew Cuomo","Mayoral","New York City","","2","Yes","","","${e://Field/CAND_1}","","","","","","woman","White","","","","","","","","$140,001-$160,000","MA","Independent","","","","Closer to Democratic"
"CL335or","0","2025-10-23 21:49:11","100","121","1","1","1834","183","","","81","5","5","1","3","6","3","5","","","42","Red","","New York","Kings","1","Zohran Mamdani","Andrew Cuomo","Mayoral","New York City","","2","Yes","","","${e://Field/CAND_1}","","","","","","woman","","","Black or African American","","","","","","$20,001-$40,000","GED","Democrat","","Not very strong","",""
"IZ880ks","0","2025-10-23 21:52:29","100","95","1","1","1834","1875","1834","1875","20","4","4","3","5","6","4","4","","","43","blue","","New York","Queens","1","Zohran Mamdani","Andrew Cuomo","Mayoral","New York City","","2","No","","","","","","","","","man","","","","Asian","","","","","$100,001-$120,000","4yearColl","Independent","","","","Neither"
"QA157gh","0","2025-10-23 22:36:41","100","118","1","1","1834","1875","","","50","5","2","1","6","4","4","3","","","27","Green","","New York","Queens","1","Zohran Mamdani","Andrew Cuomo","Mayoral","New York City","","2","Yes","","","${e://Field/CAND_1}","","","","","","man","White","","","","","","","","$100,001-$120,000","PHD","Democrat","","Strong","",""
"TD806hz","0","2025-10-23 22:44:59","100","264","1","1","1834","1865","","","8","7","6","1","1","1","2","6","","","57","Green","","New York","New York","1","Zohran Mamdani","Andrew Cuomo","Mayoral","New York City","","2","Yes","","","Curtis Sliwa","","","","","","woman","White","","","","","","","","$40,001-$60,000","2yearColl","Republican","","","Not very strong",""
"OX386oa","0","2025-10-23 23:15:05","100","137","1","1","1778","1791","1778","1791","11","5","1","5","3","6","2","6","","","36","blue","","New Jersey","Monmouth","1","Jack Ciattarelli","Mikie Sherill","Gubernatorial","New Jersey","state","1","Yes","${e://Field/CAND_1}","","","","","","","","man","","Hispanic, Latino, or Spanish origin","","","","","","","$60,001-$80,000","4yearColl","Republican","","","Strong",""
"EJ580di","0","2025-10-24 00:15:45","100","164","1","1","2939","2675","","","40","1","4","3","2","4","2","1","","","25","Green","","Washington","King","1","Bruce Harrell","Katie Wilson","Mayoral","Seattle","city","3","Yes","${e://Field/CAND_2}","","","","","","","","woman","White","","","","","","","","$40,001-$60,000","4yearColl","Democrat","","Strong","",""
"OK452nq","0","2025-10-24 00:45:58","100","287","1","1","1312","1339","","","5","3","4","1","4","1","4","5","","","61","pink","I actually think Fry is doing a good job.  ","Minnesota","Hennepin","1","Jacob Frey","Omar Fateh","Mayoral","Minneapolis","city","4","No","","","","","${e://Field/CAND_1}","","","","woman","White","","","","","","","","$40,001-$60,000","2yearColl","Democrat","","Strong","",""
"JJ473ch","0","2025-10-24 03:30:09","100","91","1","1","1834","1865","1834","1865","84","7","2","1","7","1","6","1","","","29","Blue","None","New York","New York","1","Zohran Mamdani","Andrew Cuomo","Mayoral","New York City","","2","Yes","","","${e://Field/CAND_1}","","","","","","man","","","","Asian","","","","","$180,001-$200,000","PHD","Democrat","","Strong","",""
"XE072zi","0","2025-10-24 07:21:04","100","28","1","1","1834","1226","1834","1886","","","","","","","","","","","","","","New York","Suffolk","0","","","","","","","","","","","","","","","","","","","","","","","","","","","","","","",""
"NU156xu","0","2025-10-24 08:35:08","100","83","1","1","1834","1865","1834","1865","18","7","3","1","4","1","5","4","","","25","purple","","New York","New York","1","Zohran Mamdani","Andrew Cuomo","Mayoral","New York City","","2","Yes","","","${e://Field/CAND_2}","","","","","","man","White","","","","","","","","$100,001-$120,000","4yearColl","Democrat","","Not very strong","",""
"OL843io","0","2025-10-24 09:04:45","100","158","1","1","1778","161","1778","1798","74","3","5","6","2","5","3","4","","","23","Black","","New Jersey","Union","1","Jack Ciattarelli","Mikie Sherill","Gubernatorial","New Jersey","state","1","Yes","${e://Field/CAND_2}","","","","","","","","woman","","","Black or African American","","","","","","$180,001-$200,000","2yearColl","Independent","","","","Neither"
"WB115ap","0","2025-10-24 10:29:41","100","206","1","1","1834","1837","","","60","7","1","1","3","1","5","2","","","30","Red","","New York","Bronx","1","Zohran Mamdani","Andrew Cuomo","Mayoral","New York City","","2","Yes","","","${e://Field/CAND_1}","","","","","","man","","","Black or African American","","","","","","$20,001-$40,000","GED","Independent","","","","Closer to Democratic"
"LU788wb","0","2025-10-24 10:32:48","100","185","1","1","1778","1793","","","43","6","4","6","3","5","4","3","","","47","Blue","","New Jersey","Ocean","1","Jack Ciattarelli","Mikie Sherill","Gubernatorial","New Jersey","state","1","Yes","${e://Field/CAND_2}","","","","","","","","man","White","","","","","","","","$40,001-$60,000","GED","Independent","","","","Closer to Democratic"
"YJ690xl","0","2025-10-24 11:08:51","100","100","1","1","1778","161","","","42","6","5","7","2","4","2","1","","","39","teal","","New Jersey","Union","1","Jack Ciattarelli","Mikie Sherill","Gubernatorial","New Jersey","state","1","Yes","${e://Field/CAND_2}","","","","","","","","woman","White","","","","","","","","Over $200,000","4yearColl","Democrat","","Strong","",""
"GT014hu","0","2025-10-24 11:29:06","100","338","1","1","1778","1786","1778","1786","50","5","3","6","2","6","2","5","","","37","Purple","","New Jersey","Gloucester","1","Jack Ciattarelli","Mikie Sherill","Gubernatorial","New Jersey","state","1","Yes","Other","Definitely leaning towards Jack, but I do have some concerns. I'm really not super fond of either one when it comes down to it. They both worry me in different ways. ","","","","","","","woman","White","","","","","","","","$60,001-$80,000","GED","Republican","","","Not very strong",""
"IW474ar","0","2025-10-24 11:36:55","100","93","1","1","1312","1314","1312","1314","40","1","7","1","1","1","1","6","","","31","Green","","Minnesota","Anoka","1","Jacob Frey","Omar Fateh","Mayoral","Minneapolis","city","4","No","","","","","Other","I wouldn't vote for either","","","man","White","","","","","","","","$60,001-$80,000","4yearColl","Republican","","","Strong",""
"XL052ch","0","2025-10-24 12:31:02","100","187","1","1","1778","1793","1778","1793","100","7","1","7","1","4","4","4","","","27","green","","New Jersey","Ocean","1","Jack Ciattarelli","Mikie Sherill","Gubernatorial","New Jersey","state","1","Yes","","","","","","","","","man","White","","","","","","","","$80,001-$100,000","4yearColl","No preference","","","","Neither"
"WY202my","0","2025-10-24 12:39:21","100","92","1","1","1834","183","1834","1858","60","5","1","1","5","1","5","1","","","32","blue","","New York","Kings","1","Zohran Mamdani","Andrew Cuomo","Mayoral","New York City","","2","Yes","","","${e://Field/CAND_1}","","","","","","man","White","","","","","","","","$20,001-$40,000","4yearColl","Democrat","","Strong","",""
"CV908lt","0","2025-10-24 12:54:38","100","190","1","1","1778","1794","","","30","7","2","7","2","7","1","2","","","19","Purple","","New Jersey","Passaic","1","Jack Ciattarelli","Mikie Sherill","Gubernatorial","New Jersey","state","1","Yes","${e://Field/CAND_2}","","","","","","","","woman","White","","","","","","","","$60,001-$80,000","GED","Democrat","","Strong","",""
"NS631ai","0","2025-10-24 13:21:53","100","70","1","1","2330","2356","","","","","","","","","","","","","","","","South Carolina","Horry","0","","","","","","","","","","","","","","","","","","","","","","","","","","","","","","",""
"LM428fs","0","2025-10-24 13:44:52","100","120","1","1","1834","1865","1834","1865","59","5","2","2","7","5","3","2","","","20","purple","","New York","New York","1","Zohran Mamdani","Andrew Cuomo","Mayoral","New York City","","2","Yes","","","${e://Field/CAND_1}","","","","","","woman","","","","Asian","","","","","Over $200,000","4yearColl","Democrat","","Strong","",""
"XZ432ng","0","2025-10-24 14:11:10","100","146","1","1","1778","1787","1778","1787","91","6","2","7","2","6","4","1","","","31","black","","New Jersey","Hudson","1","Jack Ciattarelli","Mikie Sherill","Gubernatorial","New Jersey","state","1","Yes","${e://Field/CAND_2}","","","","","","","","woman","","Hispanic, Latino, or Spanish origin","","","","","","","$40,001-$60,000","4yearColl","Democrat","","Strong","",""
"GX928xm","0","2025-10-24 14:17:00","100","142","1","1","1778","1786","","","13","4","3","6","3","6","4","2","","","35","blue","","New Jersey","Gloucester","1","Jack Ciattarelli","Mikie Sherill","Gubernatorial","New Jersey","state","1","Yes","${e://Field/CAND_2}","","","","","","","","woman","White","","","","","","","","Over $200,000","MA","Democrat","","Strong","",""
"XI450nd","0","2025-10-24 14:18:59","100","117","1","1","1778","1791","","","60","4","2","7","1","7","2","3","","","53","orange","","New Jersey","Monmouth","1","Jack Ciattarelli","Mikie Sherill","Gubernatorial","New Jersey","state","1","Yes","${e://Field/CAND_2}","","","","","","","","woman","White","","","","","","","","$100,001-$120,000","2yearColl","Independent","","","","Closer to Democratic"
"JU705lk","0","2025-10-24 14:56:31","100","129","1","1","1778","161","","","56","4","5","7","3","2","6","3","","","41","green","","New Jersey","Union","1","Jack Ciattarelli","Mikie Sherill","Gubernatorial","New Jersey","state","1","Yes","${e://Field/CAND_2}","","","","","","","","woman","White","","","","","","","","$140,001-$160,000","2yearColl","Democrat","","Strong","",""
"PA436so","0","2025-10-24 15:01:33","100","522","1","1","1778","394","","","25","1","7","7","1","7","1","2","","","44","green","","New Jersey","Camden","1","Jack Ciattarelli","Mikie Sherill","Gubernatorial","New Jersey","state","1","Yes","${e://Field/CAND_2}","","","","","","","","woman","White","","","","","","","","Over $200,000","MA","Independent","","","","Closer to Democratic"
"WJ361rz","0","2025-10-24 15:24:14","100","179","1","1","1778","1793","","","50","6","1","7","3","7","5","1","","","30","green","","New Jersey","Ocean","1","Jack Ciattarelli","Mikie Sherill","Gubernatorial","New Jersey","state","1","Yes","${e://Field/CAND_2}","","","","","","","","woman","White","","","","","","","","$60,001-$80,000","4yearColl","Democrat","","Strong","",""
"YN936ke","0","2025-10-24 15:33:07","100","154","1","1","1834","1875","1834","1875","47","6","3","2","4","1","3","2","","Guyanese Indian","25","Blue","","New York","Queens","1","Zohran Mamdani","Andrew Cuomo","Mayoral","New York City","","2","Not sure","","","","","","","${e://Field/CAND_1}","","man","White","","","","","","","Other (please specify)","$80,001-$100,000","4yearColl","Other party","No party, lean democrat","","","Closer to Democratic"
"RM596az","0","2025-10-24 15:41:16","100","194","1","1","1778","1218","","","10","3","6","7","3","6","2","3","","","31","Green","","New Jersey","Essex","1","Jack Ciattarelli","Mikie Sherill","Gubernatorial","New Jersey","state","1","Yes","${e://Field/CAND_2}","","","","","","","","woman","","","Black or African American","","","","","","$100,001-$120,000","4yearColl","Democrat","","Not very strong","",""
"YN893wp","0","2025-10-24 16:27:39","100","240","1","1","1778","1791","1778","1791","39","6","1","6","2","1","6","2","","","47","yellow","","New Jersey","Monmouth","1","Jack Ciattarelli","Mikie Sherill","Gubernatorial","New Jersey","state","1","Yes","${e://Field/CAND_2}","","","","","","","","woman","","Hispanic, Latino, or Spanish origin","","","","","","","$40,001-$60,000","2yearColl","Democrat","","Strong","",""
"VB099ld","0","2025-10-24 16:32:01","100","207","1","1","1778","1786","","","0","7","1","7","5","7","5","1","","","37","pink","","New Jersey","Gloucester","1","Jack Ciattarelli","Mikie Sherill","Gubernatorial","New Jersey","state","1","Yes","${e://Field/CAND_2}","","","","","","","","woman","White","","","","","","","","$0-$20,000","MA","Democrat","","Not very strong","",""
"JQ860vc","0","2025-10-24 19:03:58","100","165","1","1","1778","1780","","","69","4","5","6","3","4","4","4","","","30","Purple","","New Jersey","Bergen","1","Jack Ciattarelli","Mikie Sherill","Gubernatorial","New Jersey","state","1","Yes","${e://Field/CAND_2}","","","","","","","","woman","","Hispanic, Latino, or Spanish origin","","","","","","","$80,001-$100,000","4yearColl","No preference","","","","Closer to Democratic"
"BQ331od","0","2025-10-24 19:13:38","100","116","1","1","1778","1780","","","40","6","2","6","1","5","2","6","","","38","Green","","New Jersey","Bergen","1","Jack Ciattarelli","Mikie Sherill","Gubernatorial","New Jersey","state","1","Yes","${e://Field/CAND_1}","","","","","","","","man","White","","","","","","","","$140,001-$160,000","4yearColl","Republican","","","Not very strong",""
"LM430id","0","2025-10-24 21:47:52","100","172","1","1","1778","650","","","31","7","4","7","1","7","3","4","","","45","blue","","New Jersey","Mercer","1","Jack Ciattarelli","Mikie Sherill","Gubernatorial","New Jersey","state","1","Yes","${e://Field/CAND_2}","","","","","","","","woman","","Hispanic, Latino, or Spanish origin","","","","","","","$60,001-$80,000","MA","Independent","","","","Neither"
"VQ841cr","0","2025-10-24 21:53:58","100","87","1","1","1312","1339","","","0","3","5","2","2","3","3","5","","","30","red","","Minnesota","Hennepin","1","Jacob Frey","Omar Fateh","Mayoral","Minneapolis","city","4","Yes","","","","","","","","","man","White","","","","","","","","Prefer not to answer","4yearColl","Republican","","","Not very strong",""
"LK340do","0","2025-10-25 03:18:52","100","101","1","1","1778","1185","1778","1796","63","4","1","7","1","7","4","2","","","36","blue","","New Jersey","Somerset","1","Jack Ciattarelli","Mikie Sherill","Gubernatorial","New Jersey","state","1","Yes","${e://Field/CAND_2}","","","","","","","","man","White","","","","","","","","$80,001-$100,000","MA","Independent","","","","Neither"
"XH062rb","0","2025-10-25 08:58:36","100","160","1","1","1778","394","","","60","7","3","7","1","6","2","2","","","41","Black","","New Jersey","Camden","1","Jack Ciattarelli","Mikie Sherill","Gubernatorial","New Jersey","state","1","Yes","${e://Field/CAND_2}","","","","","","","","man","White","","","","","","","","Over $200,000","MA","Democrat","","Not very strong","",""
"PV956yx","0","2025-10-25 09:32:39","100","18","1","1","167","186","","","","","","","","","","","","","","","","California","Los Angeles","0","","","","","","","","","","","","","","","","","","","","","","","","","","","","","","",""
"ZD339dg","0","2025-10-25 09:42:12","100","200","1","1","1778","650","1778","1789","54","7","2","7","3","7","2","3","","","54","Blue","","New Jersey","Mercer","1","Jack Ciattarelli","Mikie Sherill","Gubernatorial","New Jersey","state","1","Yes","${e://Field/CAND_2}","","","","","","","","man","","","Black or African American","","","","","","Over $200,000","MA","Democrat","","Not very strong","",""
"PJ655za","0","2025-10-25 10:06:18","100","119","1","1","1834","183","1834","1858","36","3","2","1","3","1","5","1","","","18","purple","","New York","Kings","1","Zohran Mamdani","Andrew Cuomo","Mayoral","New York City","","2","Yes","","","${e://Field/CAND_1}","","","","","","woman","White","","","","","Middle Eastern or North African","","","Over $200,000","GED","Democrat","","Strong","",""
"RW878zy","0","2025-10-25 10:20:35","100","82","1","1","1834","1875","1834","1875","56","6","2","1","6","5","4","1","","","25","Red","","New York","Queens","1","Zohran Mamdani","Andrew Cuomo","Mayoral","New York City","","2","Yes","","","${e://Field/CAND_1}","","","","","","woman","White","","","","","","","","$100,001-$120,000","4yearColl","Democrat","","Strong","",""
"FQ812is","0","2025-10-25 11:11:24","100","104","1","1","1834","1865","","","26","7","1","1","3","2","6","2","","","28","Green","","New York","New York","1","Zohran Mamdani","Andrew Cuomo","Mayoral","New York City","","2","Yes","","","${e://Field/CAND_1}","","","","","","man","White","","","","","","","","$160,001-$180,000","4yearColl","Democrat","","Strong","",""
"DB406fp","0","2025-10-25 11:56:44","100","186","1","1","1778","1780","1778","1780","61","5","6","4","5","4","6","5","","","28","blue","","New Jersey","Bergen","1","Jack Ciattarelli","Mikie Sherill","Gubernatorial","New Jersey","state","1","No","","","","","${e://Field/CAND_2}","","","","man","","","","Asian","","","","","Over $200,000","MA","Republican","","","Not very strong",""
"QW739lh","0","2025-10-25 12:14:33","100","241","1","1","1834","1865","","1865","0","7","7","1","4","1","5","4","","","29","pink","","New York","New York","1","Zohran Mamdani","Andrew Cuomo","Mayoral","New York City","","2","Yes","","","Curtis Sliwa","","","","","","woman","","","","","","","","","Over $200,000","4yearColl","Republican","","","Not very strong",""
"ZO788ur","0","2025-10-25 13:05:49","100","130","1","1","2939","2675","2939","2956","50","1","4","7","4","7","4","4","","","35","black","","Washington","King","1","Bruce Harrell","Katie Wilson","Mayoral","Seattle","city","3","No","","","","","","","","","man","White","","","","","","","","$140,001-$160,000","4yearColl","No preference","","","","Neither"
"UB830hr","0","2025-10-25 15:27:22","100","167","1","1","1778","1791","","","57","4","6","5","3","4","4","5","","","29","Red","","New Jersey","Monmouth","1","Jack Ciattarelli","Mikie Sherill","Gubernatorial","New Jersey","state","1","Not sure","","","","","${e://Field/CAND_1}","","","","man","White","","","","","","","","$40,001-$60,000","GED","Independent","","","","Closer to Republican"
"FH656gs","0","2025-10-25 19:37:54","100","118","1","1","2939","2675","","","20","2","6","2","1","5","1","5","","","51","Purple","","Washington","King","1","Bruce Harrell","Katie Wilson","Mayoral","Seattle","city","3","Yes","${e://Field/CAND_1}","","","","","","","","man","White","","","","","","","","$140,001-$160,000","4yearColl","Independent","","","","Closer to Republican"
"WD933zk","0","2025-10-25 21:06:42","100","303","1","1","1778","1787","","","40","1","1","7","4","7","3","2","","","29","red","","New Jersey","Hudson","1","Jack Ciattarelli","Mikie Sherill","Gubernatorial","New Jersey","state","1","No","","","","","${e://Field/CAND_2}","","","","man","","","Black or African American","","","","","","$60,001-$80,000","4yearColl","Democrat","","Strong","",""
"AM041xn","0","2025-10-25 21:29:14","100","132","1","1","1778","1780","","","51","6","1","5","1","6","2","6","","","61","Blue","N/A","New Jersey","Bergen","1","Jack Ciattarelli","Mikie Sherill","Gubernatorial","New Jersey","state","1","Yes","${e://Field/CAND_1}","","","","","","","","woman","White","","","","","","","","Over $200,000","4yearColl","Republican","","","Strong",""
"PB674qh","0","2025-10-25 22:55:58","100","192","1","1","1778","1791","","","60","4","3","5","3","5","4","3","","","34","Yellow","","New Jersey","Monmouth","1","Jack Ciattarelli","Mikie Sherill","Gubernatorial","New Jersey","state","1","Yes","${e://Field/CAND_2}","","","","","","","","woman","White","","","","","","","","$120,001-$140,000","4yearColl","Democrat","","Not very strong","",""
"NL864qo","0","2025-10-25 23:42:20","100","180","1","1","1778","1786","","","47","3","5","5","2","4","4","4","","","38","purple","Thank You!","New Jersey","Gloucester","1","Jack Ciattarelli","Mikie Sherill","Gubernatorial","New Jersey","state","1","Not sure","","","","","","","","","woman","White","","","","","","","","$40,001-$60,000","2yearColl","Independent","","","","Neither"
"KC996vp","0","2025-10-26 03:14:46","100","154","1","1","1778","295","","","30","5","3","5","1","6","1","6","","","42","Blue","","New Jersey","Middlesex","1","Jack Ciattarelli","Mikie Sherill","Gubernatorial","New Jersey","state","1","Yes","${e://Field/CAND_1}","","","","","","","","woman","White","","","","","","","","$140,001-$160,000","MA","Republican","","","Strong",""
"QK375qh","0","2025-10-26 05:40:56","100","114","1","1","1778","394","1778","1782","21","1","2","7","2","6","3","2","","","21","green","","New Jersey","Camden","1","Jack Ciattarelli","Mikie Sherill","Gubernatorial","New Jersey","state","1","Yes","${e://Field/CAND_2}","","","","","","","","man","White","","","Asian","","","","","Prefer not to answer","GED","Democrat","","Not very strong","",""
"MC556rr","0","2025-10-26 12:09:03","100","135","1","1","1834","1875","","","90","4","1","1","6","3","7","1","","","36","Yellow","","New York","Queens","1","Zohran Mamdani","Andrew Cuomo","Mayoral","New York City","","2","Yes","","","${e://Field/CAND_1}","","","","","","woman","White","","","","","","","","$120,001-$140,000","4yearColl","Democrat","","Strong","",""
"EO063rr","0","2025-10-26 12:40:07","100","95","1","1","1778","1787","1778","1787","100","7","1","7","1","7","1","1","","","25","blue","","New Jersey","Hudson","1","Jack Ciattarelli","Mikie Sherill","Gubernatorial","New Jersey","state","1","Yes","${e://Field/CAND_2}","","","","","","","",NA,"White","","","","","","","","Prefer not to answer",NA,"Independent","","","","Neither"
"PM138tq","0","2025-10-26 12:41:33","100","213","1","1","1312","1339","","","75","2","6","5","2","5","2","2","","","60","Purple","","Minnesota","Hennepin","1","Jacob Frey","Omar Fateh","Mayoral","Minneapolis","city","4","Yes","${e://Field/CAND_2}","","","","","","","","man","White","","","","","","","","$20,001-$40,000","GED","Democrat","","Strong","",""
"SS185ws","0","2025-10-26 13:21:05","100","170","1","1","1834","183","","","80","6","1","1","6","2","6","1","","","21","Yellow","","New York","Kings","1","Zohran Mamdani","Andrew Cuomo","Mayoral","New York City","","2","Not sure","","","","","","","${e://Field/CAND_1}","","woman","","","","Asian","","","","","$0-$20,000","GED","Democrat","","Not very strong","",""
"NM039sm","0","2025-10-26 13:35:59","100","115","1","1","1778","1781","","","80","3","3","4","2","4","3","4","","","32","Green","","New Jersey","Burlington","1","Jack Ciattarelli","Mikie Sherill","Gubernatorial","New Jersey","state","1","Not sure","","","","","${e://Field/CAND_1}","","","","woman","White","","","","","","","","$20,001-$40,000","GED","No preference","","","","Neither"
"HZ461ni","0","2025-10-26 13:41:30","100","187","1","1","1834","183","","","75","7","1","1","3","1","6","2","","","33","Blue","","New York","Kings","1","Zohran Mamdani","Andrew Cuomo","Mayoral","New York City","","2","Yes","","","${e://Field/CAND_1}","","","","","","woman","","","Black or African American","","","","","","$100,001-$120,000","MA","Democrat","","Strong","",""
"ZH593vp","0","2025-10-26 14:05:44","100","328","1","1","1778","1781","","","45","4","4","7","1","7","1","1","","","52","Blue","","New Jersey","Burlington","1","Jack Ciattarelli","Mikie Sherill","Gubernatorial","New Jersey","state","1","Yes","${e://Field/CAND_2}","","","","","","","","woman","White","","","","","","","","$140,001-$160,000","MA","Democrat","","Strong","",""
"QV795wl","0","2025-10-26 14:35:44","100","20","1","1","1655","245","","","","","","","","","","","","","","","","Nebraska","Douglas","0","","","","","","","","","","","","","","","","","","","","","","","","","","","","","","",""
"YO440dv","0","2025-10-26 16:54:01","100","157","1","1","1778","1793","","","50","5","3","7","2","7","1","1","","","35","Black","","New Jersey","Ocean","1","Jack Ciattarelli","Mikie Sherill","Gubernatorial","New Jersey","state","1","Yes","${e://Field/CAND_2}","","","","","","","","woman","White","","","","","","","","$120,001-$140,000","GED","Democrat","","Strong","",""
"AR559qf","0","2025-10-26 17:43:36","100","200","1","1","1778","394","","","79","5","5","5","5","4","4","6","","","35","Black","","New Jersey","Camden","1","Jack Ciattarelli","Mikie Sherill","Gubernatorial","New Jersey","state","1","No","","","","","","","","","woman","","","Black or African American","","","","","","$40,001-$60,000","GED","Independent","","","","Closer to Democratic"
"VW495ck","0","2025-10-26 19:02:13","100","128","1","1","1834","1865","","","60","4","1","1","5","3","7","1","","","32","Blue","","New York","New York","1","Zohran Mamdani","Andrew Cuomo","Mayoral","New York City","","2","Yes","","","${e://Field/CAND_1}","","","","","","woman","","Hispanic, Latino, or Spanish origin","","","","","","","$120,001-$140,000","MA","Democrat","","Strong","",""
"XH955qs","0","2025-10-26 20:19:15","100","143","1","1","1312","1339","","","80","3","5","4","1","5","5","2","","","39","Blue","","Minnesota","Hennepin","1","Jacob Frey","Omar Fateh","Mayoral","Minneapolis","city","4","No","","","","","${e://Field/CAND_1}","","","","man","White","","","","","","","","$20,001-$40,000","GED","Democrat","","Strong","",""
"QC959sn","0","2025-10-26 20:48:53","100","193","1","1","1778","602","1778","1784","50","5","3","5","3","3","5","4","","","33","Blue","","New Jersey","Cumberland","1","Jack Ciattarelli","Mikie Sherill","Gubernatorial","New Jersey","state","1","No","","","","","","","","","woman","White","","","","","","","","$180,001-$200,000","MA","Independent","","","","Neither"
"AB210st","0","2025-10-26 20:54:38","100","196","1","1","1778","1787","","","63","2","7","7","1","1","7","2","","","32","blue","","New Jersey","Hudson","1","Jack Ciattarelli","Mikie Sherill","Gubernatorial","New Jersey","state","1","Yes","${e://Field/CAND_2}","","","","","","","","man","","Hispanic, Latino, or Spanish origin","","","","","","","$40,001-$60,000","2yearColl","Democrat","","Strong","",""
"OF055an","0","2025-10-26 20:58:56","100","108","1","1","1834","183","","","30","1","3","1","3","1","3","6","","","25","blue","","New York","Kings","1","Zohran Mamdani","Andrew Cuomo","Mayoral","New York City","","2","Yes","","","","","","","","","woman","White","","","","","","","","Over $200,000","4yearColl","Republican","","","Not very strong",""
"SM024nk","0","2025-10-26 22:24:39","100","358","1","1","1834","183","","","62","4","5","3","4","5","5","5","","","38","Sky Blue","","New York","Kings","1","Zohran Mamdani","Andrew Cuomo","Mayoral","New York City","","2","Yes","","","${e://Field/CAND_2}","","","","","","man","","","Black or African American","","","","","","$20,001-$40,000","2yearColl","Democrat","","Not very strong","",""
"WL405yq","0","2025-10-26 23:01:22","100","105","1","1","1834","1865","","","10","7","4","1","4","1","6","5","","","38","Pink","","New York","New York","1","Zohran Mamdani","Andrew Cuomo","Mayoral","New York City","","2","Yes","","","${e://Field/CAND_2}","","","","","","woman","White","","","","","","","","Over $200,000","MA","Independent","","","","Closer to Republican"
"JE866st","0","2025-10-27 06:22:18","100","653","1","1","1834","1875","1834","1875","7","7","1","1","4","1","3","4","","","25","white","The survey was quite good, and no hitches","New York","Queens","1","Zohran Mamdani","Andrew Cuomo","Mayoral","New York City","","2","Yes","","","${e://Field/CAND_1}","","","","","","woman","","","Black or African American","","","","","","$20,001-$40,000","GED","Democrat","","Strong","",""
"LP372ow","0","2025-10-27 07:13:49","100","76","1","1","1312","1339","1312","1339","0","2","6","3","1","3","1","1","","","29","Red","","Minnesota","Hennepin","1","Jacob Frey","Omar Fateh","Mayoral","Minneapolis","city","4","Yes","${e://Field/CAND_2}","","","","","","","","man","White","","","","","","","","$100,001-$120,000","PHD","Democrat","","Strong","",""
"PW234vl","0","2025-10-27 07:50:37","100","356","1","1","1778","1787","","","0","1","4","7","3","7","1","3","","","44","YELLOW","na","New Jersey","Hudson","1","Jack Ciattarelli","Mikie Sherill","Gubernatorial","New Jersey","state","1","No","","","","","${e://Field/CAND_2}","","","","woman","White","","","","","","","","$40,001-$60,000","MA","Democrat","","Strong","",""
"QN082wn","0","2025-10-27 08:07:07","100","792","1","1","1778","394","","","30","3","3","6","2","5","3","2","","","33","green","","New Jersey","Camden","1","Jack Ciattarelli","Mikie Sherill","Gubernatorial","New Jersey","state","1","Yes","${e://Field/CAND_2}","","","","","","","","woman","","Hispanic, Latino, or Spanish origin","","","","","","","$100,001-$120,000","4yearColl","Democrat","","Strong","",""
"TJ075yt","0","2025-10-27 09:36:10","100","252","1","1","1778","1791","","","40","6","3","6","3","4","5","6","","","31","purple","","New Jersey","Monmouth","1","Jack Ciattarelli","Mikie Sherill","Gubernatorial","New Jersey","state","1","Yes","${e://Field/CAND_1}","","","","","","","","woman","White","","","","","","","","$60,001-$80,000","2yearColl","Republican","","","Not very strong",""
"YB018ss","0","2025-10-27 09:50:28","100","86","1","1","1778","1787","1778","1787","60","1","5","7","3","7","4","2","","","34","blue","N/A","New Jersey","Hudson","1","Jack Ciattarelli","Mikie Sherill","Gubernatorial","New Jersey","state","1","Yes","${e://Field/CAND_2}","","","","","","","","woman","White","","","","","Middle Eastern or North African","","","Over $200,000","MA","Democrat","","Strong","",""
"PW500gk","0","2025-10-27 09:58:03","100","185","1","1","2939","2675","","","39","2","3","3","1","2","1","3","","","51","Blue","","Washington","King","1","Bruce Harrell","Katie Wilson","Mayoral","Seattle","city","3","Yes","${e://Field/CAND_1}","","","","","","","","man","White","","","","","","","","$160,001-$180,000","MA","Democrat","","Not very strong","",""
"JM878ll","0","2025-10-27 10:00:54","100","176","1","1","1312","1314","","","80","4","5","3","2","4","4","2","","","34","lime green","","Minnesota","Anoka","1","Jacob Frey","Omar Fateh","Mayoral","Minneapolis","city","4","No","","","","","${e://Field/CAND_1}","","","","woman","White","","","","","","","","$100,001-$120,000","2yearColl","Democrat","","Not very strong","",""
"NQ045kp","0","2025-10-27 10:10:19","100","69","1","1","1778","1185","1778","1796","20","2","4","6","3","7","5","4","","","30","Orange","","New Jersey","Somerset","1","Jack Ciattarelli","Mikie Sherill","Gubernatorial","New Jersey","state","1","Yes","${e://Field/CAND_2}","","","","","","","","man","White","","","","","","","","Over $200,000","4yearColl","Independent","","","","Neither"
"GR277cp","0","2025-10-27 10:15:16","100","98","1","1","1778","295","","","55","4","3","7","3","7","4","2","","","35","green","","New Jersey","Middlesex","1","Jack Ciattarelli","Mikie Sherill","Gubernatorial","New Jersey","state","1","Yes","${e://Field/CAND_2}","","","","","","","","woman","White","","","","","","","","Over $200,000","4yearColl","Independent","","","","Closer to Democratic"
"FW228nh","0","2025-10-27 10:31:09","100","213","1","1","1834","183","","","38","7","3","1","4","1","3","4","","","27","blue","","New York","Kings","1","Zohran Mamdani","Andrew Cuomo","Mayoral","New York City","","2","Yes","","","","","","","","","man","White","Hispanic, Latino, or Spanish origin","","","","","","","Prefer not to answer","4yearColl","Independent","","","","Neither"
"CT245rv","0","2025-10-27 11:19:38","100","220","1","1","1778","394","","","76","7","3","7","2","7","2","3","","","30","pink","","New Jersey","Camden","1","Jack Ciattarelli","Mikie Sherill","Gubernatorial","New Jersey","state","1","Yes","${e://Field/CAND_2}","","","","","","","","woman","","","Black or African American","","","","","","$0-$20,000","4yearColl","Democrat","","Not very strong","",""
"BF963uu","0","2025-10-27 11:36:37","100","128","1","1","1778","1218","","","82","4","4","5","3","5","2","4","","","43","blue","","New Jersey","Essex","1","Jack Ciattarelli","Mikie Sherill","Gubernatorial","New Jersey","state","1","No","","","","","${e://Field/CAND_1}","","","","woman","","","","","","","","Other (please specify)","Over $200,000","4yearColl","No preference","","","","Neither"
"YZ960or","0","2025-10-27 11:39:18","100","207","1","1","1312","1339","","","5","2","5","4","4","3","1","2","","","33","Pink","","Minnesota","Hennepin","1","Jacob Frey","Omar Fateh","Mayoral","Minneapolis","city","4","Yes","","","","","","","","","woman","White","","","","","","","","$80,001-$100,000","MA","Democrat","","Strong","",""
"OP687dp","0","2025-10-27 11:51:29","100","115","1","1","1778","650","","","12","7","3","7","2","7","4","1","","","62","purple","","New Jersey","Mercer","1","Jack Ciattarelli","Mikie Sherill","Gubernatorial","New Jersey","state","1","Yes","${e://Field/CAND_2}","","","","","","","","woman","White","","","","","","","","$120,001-$140,000","GED","Democrat","","Strong","",""
"FS775qo","0","2025-10-27 12:37:49","100","263","1","1","1778","650","","","19","7","1","7","2","5","3","3","","","62","candy apple red","No comments","New Jersey","Mercer","1","Jack Ciattarelli","Mikie Sherill","Gubernatorial","New Jersey","state","1","Yes","${e://Field/CAND_2}","","","","","","","","woman","White","","","Asian","","","","","$40,001-$60,000","4yearColl","Independent","","","","Closer to Democratic"
"SM811jj","0","2025-10-27 12:55:30","100","149","1","1","1834","1837","","","60","5","1","3","7","3","6","4","","","38","Changes frequently","","New York","Bronx","1","Zohran Mamdani","Andrew Cuomo","Mayoral","New York City","","2","No","","","","","","","${e://Field/CAND_1}","","woman","White","","","","","","","","$80,001-$100,000","MA","Independent","","","","Closer to Democratic"
"NZ051qk","0","2025-10-27 13:13:37","100","103","1","1","1778","650","","","71","1","2","7","5","7","4","1","","","39","Red","","New Jersey","Mercer","1","Jack Ciattarelli","Mikie Sherill","Gubernatorial","New Jersey","state","1","Yes","${e://Field/CAND_2}","","","","","","","","woman","","","Black or African American","","","","","","$20,001-$40,000","4yearColl","Democrat","","Strong","",""
"TI290ly","0","2025-10-27 13:21:47","100","96","1","1","1834","1865","1834","1865","90","6","2","1","5","2","5","3","","","38","red","","New York","New York","1","Zohran Mamdani","Andrew Cuomo","Mayoral","New York City","","2","Yes","","","${e://Field/CAND_1}","","","","","","man","White","","","","","","","","$80,001-$100,000","4yearColl","Democrat","","Not very strong","",""
"YF658dx","0","2025-10-27 13:33:59","100","140","1","1","1778","1794","","","51","4","4","4","4","4","4","4","","","38","Red","","New Jersey","Passaic","1","Jack Ciattarelli","Mikie Sherill","Gubernatorial","New Jersey","state","1","No","","","","","","","","","woman","White","","","Asian","","","","","$160,001-$180,000","4yearColl","No preference","","","","Neither"
"WF883qx","0","2025-10-27 14:05:03","100","109","1","1","1834","1865","1834","1865","62","5","1","2","6","2","6","2","","","27","orange","","New York","New York","1","Zohran Mamdani","Andrew Cuomo","Mayoral","New York City","","2","Yes","","","${e://Field/CAND_1}","","","","","","woman","","","","Asian","","","","","$120,001-$140,000","4yearColl","Democrat","","Not very strong","",""
"AT606ow","0","2025-10-27 14:30:07","100","113","1","1","1834","1865","","1865","63","6","1","1","5","3","7","1","","","35","red","","New York","New York","1","Zohran Mamdani","Andrew Cuomo","Mayoral","New York City","","2","Yes","","","${e://Field/CAND_1}","","","","","","man","","Hispanic, Latino, or Spanish origin","","","","","","","$20,001-$40,000","4yearColl","Democrat","","Not very strong","",""
"FV681cm","0","2025-10-27 14:53:57","100","112","1","1","1834","495","1834","1877","64","6","2","1","5","2","5","4","","","29","Yellow","","New York","Richmond","1","Zohran Mamdani","Andrew Cuomo","Mayoral","New York City","","2","Yes","","","${e://Field/CAND_1}","","","","","","man","White","","","","","","","","$40,001-$60,000","2yearColl","Democrat","","Not very strong","",""
"TX859pg","0","2025-10-27 15:38:26","100","103","1","1","1834","1875","1834","1875","10","5","3","2","4","3","5","2","","","25","Blue","","New York","Queens","1","Zohran Mamdani","Andrew Cuomo","Mayoral","New York City","","2","Yes","","","${e://Field/CAND_1}","","","","","","man","","","","Asian","","","","","$20,001-$40,000","4yearColl","Democrat","","Not very strong","",""
"UX781om","0","2025-10-27 17:44:48","100","144","1","1","1834","495","","","43","6","2","2","5","2","7","3","","","54","indigo","","New York","Richmond","1","Zohran Mamdani","Andrew Cuomo","Mayoral","New York City","","2","Yes","","","${e://Field/CAND_1}","","","","","","man","White","","Black or African American","","","","","","$20,001-$40,000","4yearColl","Democrat","","Strong","",""
"SE012wm","0","2025-10-27 18:09:43","100","86","1","1","1778","1791","","","0","1","7","7","1","7","1","1","","","32","Orange","","New Jersey","Monmouth","1","Jack Ciattarelli","Mikie Sherill","Gubernatorial","New Jersey","state","1","No","","","","","${e://Field/CAND_2}","","","","man","White","","","","","","","","$40,001-$60,000","GED","Democrat","","Strong","",""
"UY390zb","0","2025-10-27 18:27:01","100","155","1","1","1778","1787","","","52","4","4","1","4","3","7","4","","","31","Pink","","New Jersey","Hudson","1","Jack Ciattarelli","Mikie Sherill","Gubernatorial","New Jersey","state","1","No","","","","","${e://Field/CAND_1}","","","","woman","","","","Asian","","","","","$80,001-$100,000","MA","No preference","","","","Neither"
"JI959rh","0","2025-10-27 19:00:04","100","256","1","1","1778","1787","1778","1787","80","3","5","6","3","6","4","2","","","39","Black","","New Jersey","Hudson","1","Jack Ciattarelli","Mikie Sherill","Gubernatorial","New Jersey","state","1","Not sure","","","","","${e://Field/CAND_2}","","","","man","","Hispanic, Latino, or Spanish origin","Black or African American","","","","","","$20,001-$40,000","4yearColl","Democrat","","Not very strong","",""
"VZ894qd","0","2025-10-27 19:25:41","100","285","1","1","1834","1865","","","55","5","3","6","2","2","5","3","","","18","Red","","New York","New York","1","Zohran Mamdani","Andrew Cuomo","Mayoral","New York City","","2","Yes","","","${e://Field/CAND_1}","","","","","","woman","White","","","","","","","","$0-$20,000","GED","Democrat","","Not very strong","",""
"QU192nf","0","2025-10-27 20:56:53","100","241","1","1","1778","161","1778","1798","0","3","7","7","1","6","1","4","","","25","Turquoise","","New Jersey","Union","1","Jack Ciattarelli","Mikie Sherill","Gubernatorial","New Jersey","state","1","Yes","${e://Field/CAND_2}","","","","","","","","woman","","","Black or African American","","","","","","Prefer not to answer","4yearColl","Independent","","","","Closer to Democratic"
"DV463ia","0","2025-10-27 21:21:35","100","225","1","1","1834","1875","","","71","5","3","2","4","6","3","1","","","48","purple","","New York","Queens","1","Zohran Mamdani","Andrew Cuomo","Mayoral","New York City","","2","Not sure","","","","","","","${e://Field/CAND_2}","","woman","","","Black or African American","","","","","","$140,001-$160,000","2yearColl","Democrat","","Strong","",""
"WK768dp","0","2025-10-28 00:30:25","100","92","1","1","1778","1780","1778","1780","40","7","1","7","1","7","3","1","","","30","blue","","New Jersey","Bergen","1","Jack Ciattarelli","Mikie Sherill","Gubernatorial","New Jersey","state","1","Yes","${e://Field/CAND_2}","","","","","","","","woman","","Hispanic, Latino, or Spanish origin","","","","","","","$40,001-$60,000","4yearColl","Democrat","","Strong","",""
"XF956jm","0","2025-10-28 02:35:57","100","48","1","1","2052","2070","","","","","","","","","","","","","","","","Ohio","Cuyahoga","0","","","","","","","","","","","","","","","","","","","","","","","","","","","","","","",""
"PD869pd","0","2025-10-28 02:44:43","100","209","1","1","1312","1339","","","41","5","2","5","3","5","3","2","","","29","black","","Minnesota","Hennepin","1","Jacob Frey","Omar Fateh","Mayoral","Minneapolis","city","4","Yes","${e://Field/CAND_1}","","","","","","","","man","","","Black or African American","","","","","","$140,001-$160,000","MA","Democrat","","Strong","",""
"BW795bp","0","2025-10-28 05:38:25","100","131","1","1","1778","1791","","","39","5","4","5","2","6","2","5","","","40","purple","","New Jersey","Monmouth","1","Jack Ciattarelli","Mikie Sherill","Gubernatorial","New Jersey","state","1","Yes","${e://Field/CAND_1}","","","","","","","","woman","White","","","","","","","","$180,001-$200,000","4yearColl","Republican","","","Not very strong",""
"KS307cd","0","2025-10-28 07:17:01","100","20","1","1","1749","1765","","","","","","","","","","","","","","","","Nevada","Washoe","0","","","","","","","","","","","","","","","","","","","","","","","","","","","","","","",""
"NX511di","0","2025-10-28 07:38:48","100","133","1","1","1834","1865","","","76","5","1","1","7","2","7","1","","","48","purple ","","New York","New York","1","Zohran Mamdani","Andrew Cuomo","Mayoral","New York City","","2","Yes","","","${e://Field/CAND_1}","","","","","","woman","White","","","","","","","","$120,001-$140,000","4yearColl","Democrat","","Not very strong","",""
"HG637ct","0","2025-10-28 08:35:54","100","153","1","1","1778","303","","","80","7","3","7","3","1","5","2","","","40","Purple","","New Jersey","Sussex","1","Jack Ciattarelli","Mikie Sherill","Gubernatorial","New Jersey","state","1","Yes","${e://Field/CAND_2}","","","","","","","","woman","White","","","","","","","","$160,001-$180,000","MA","Democrat","","Strong","",""
"CC020tb","0","2025-10-28 09:23:50","100","110","1","1","1778","1781","","","75","1","4","7","3","7","3","2","","","34","blue","","New Jersey","Burlington","1","Jack Ciattarelli","Mikie Sherill","Gubernatorial","New Jersey","state","1","Yes","${e://Field/CAND_2}","","","","","","","","woman","","","Black or African American","","","","","","$140,001-$160,000","4yearColl","Democrat","","Not very strong","",""
"SL279vs","0","2025-10-28 09:57:08","100","139","1","1","1834","1865","","","60","6","1","1","6","1","7","1","","","25","Purple ","","New York","New York","1","Zohran Mamdani","Andrew Cuomo","Mayoral","New York City","","2","Yes","","","${e://Field/CAND_1}","","","","","","woman","","Hispanic, Latino, or Spanish origin","","","","","","","$40,001-$60,000","4yearColl","Democrat","","Not very strong","",""
"WK392wa","0","2025-10-28 10:16:04","100","182","1","1","1834","1875","","","50","7","3","1","5","1","5","5","","","41","pink","","New York","Queens","1","Zohran Mamdani","Andrew Cuomo","Mayoral","New York City","","2","Yes","","","${e://Field/CAND_2}","","","","","","woman","","","","Asian","","","","","Over $200,000","4yearColl","Republican","","","Not very strong",""
"YN357qk","0","2025-10-28 10:10:41","100","680","1","1","1778","650","","","60","4","4","4","4","3","4","4","","","44","burnt sienna (it's a type of red-brown)","","New Jersey","Mercer","1","Jack Ciattarelli","Mikie Sherill","Gubernatorial","New Jersey","state","1","Not sure","","","","","","","","","man","White","","","","","","","","$40,001-$60,000","4yearColl","Democrat","","Not very strong","",""
"KS992na","0","2025-10-28 12:31:25","100","117","1","1","1778","1787","1778","1787","100","7","1","7","3","7","1","1","","","26","green","","New Jersey","Hudson","1","Jack Ciattarelli","Mikie Sherill","Gubernatorial","New Jersey","state","1","Yes","${e://Field/CAND_2}","","","","","","","","woman","","Hispanic, Latino, or Spanish origin","","","","","","","$140,001-$160,000","4yearColl","Democrat","","Not very strong","",""
"QV374xg","0","2025-10-28 12:52:02","100","165","1","1","1834","183","","","21","2","3","1","3","2","4","6","","","28","Blue","","New York","Kings","1","Zohran Mamdani","Andrew Cuomo","Mayoral","New York City","","2","Not sure","","","","","","","${e://Field/CAND_2}","","woman","White","","","","","","","","$40,001-$60,000","4yearColl","Republican","","","Strong",""
"CL250cs","0","2025-10-28 13:46:04","100","122","1","1","1834","1865","","","65","5","3","1","4","1","6","2","","","24","don't have one","","New York","New York","1","Zohran Mamdani","Andrew Cuomo","Mayoral","New York City","","2","No","","","","","","","${e://Field/CAND_1}","","woman","White","","","","","","","","$20,001-$40,000","GED","Democrat","","Not very strong","",""
"BB832ma","0","2025-10-28 13:49:23","100","169","1","1","1778","1780","","","58","5","2","5","1","3","5","2","","","51","blue","","New Jersey","Bergen","1","Jack Ciattarelli","Mikie Sherill","Gubernatorial","New Jersey","state","1","Yes","${e://Field/CAND_1}","","","","","","","","woman","White","","","","","","","","$180,001-$200,000","2yearColl","Republican","","","Not very strong",""
"TT402yv","0","2025-10-28 14:32:20","100","125","1","1","1778","1786","","","100","1","7","7","1","1","7","1","","","63","Blue","","New Jersey","Gloucester","1","Jack Ciattarelli","Mikie Sherill","Gubernatorial","New Jersey","state","1","Yes","${e://Field/CAND_2}","","","","","","","","woman","","","Black or African American","","","","","","$80,001-$100,000","MA","Democrat","","Strong","",""
"NJ636oh","0","2025-10-28 14:38:59","100","192","1","1","1312","1314","","","68","4","6","2","1","3","1","2","","","30","Pink","","Minnesota","Anoka","1","Jacob Frey","Omar Fateh","Mayoral","Minneapolis","city","4","Yes","${e://Field/CAND_1}","","","","","","","","woman","White","","","","","","","","$60,001-$80,000","MA","Democrat","","Not very strong","",""
"UV457wj","0","2025-10-28 15:00:39","100","84","1","1","1778","394","","","50","4","4","4","4","4","4","4","","","19","Green","","New Jersey","Camden","1","Jack Ciattarelli","Mikie Sherill","Gubernatorial","New Jersey","state","1","No","","","","","","","","","man","","","","Asian","","","","","$20,001-$40,000","GED","Independent","","","","Neither"
"AP050zl","0","2025-10-28 15:03:30","100","83","1","1","1834","1875","1834","1875","33","7","1","1","7","2","5","1","","","24","pink","","New York","Queens","1","Zohran Mamdani","Andrew Cuomo","Mayoral","New York City","","2","Yes","","","${e://Field/CAND_1}","","","","","","woman","","","","Asian","","","","","$40,001-$60,000","4yearColl","Democrat","","Strong","",""
"YO144he","0","2025-10-28 15:08:09","100","113","1","1","1834","1875","","","75","6","2","1","3","2","5","1","","","34","Purple","","New York","Queens","1","Zohran Mamdani","Andrew Cuomo","Mayoral","New York City","","2","Yes","","","${e://Field/CAND_1}","","","","","","man","White","","","","","","","","$80,001-$100,000","GED","Democrat","","Strong","",""
"CX738du","0","2025-10-28 14:40:08","100","3326","1","1","1834","183","","","50","7","5","1","4","4","1","3","","","61","Purple ","","New York","Kings","1","Zohran Mamdani","Andrew Cuomo","Mayoral","New York City","","2","Yes","","","${e://Field/CAND_2}","","","","","","woman","","","Black or African American","","","","","","$80,001-$100,000","4yearColl","Democrat","","Strong","",""
"PZ118ra","0","2025-10-28 16:17:12","100","121","1","1","1778","1780","","","65","4","5","5","3","4","4","3","","","33","Blue","","New Jersey","Bergen","1","Jack Ciattarelli","Mikie Sherill","Gubernatorial","New Jersey","state","1","Yes","${e://Field/CAND_2}","","","","","","","","woman","White","","","","","","","","$120,001-$140,000","4yearColl","Democrat","","Not very strong","",""
"HL356zk","0","2025-10-28 16:53:26","100","191","1","1","1778","1780","","","17","4","4","3","6","5","2","2","","","22","blue","","New Jersey","Bergen","1","Jack Ciattarelli","Mikie Sherill","Gubernatorial","New Jersey","state","1","Yes","","","","","","","","","woman","White","","","","","","","","Over $200,000","4yearColl","Democrat","","Strong","",""
"BA228pz","0","2025-10-28 17:30:49","100","28","1","1","1834","598","","","","","","","","","","","","","","","","New York","Clinton","0","","","","","","","","","","","","","","","","","","","","","","","","","","","","","","",""
"BX577ou","0","2025-10-28 18:00:52","100","112","1","1","1778","1794","","","20","3","3","5","5","4","5","2","","","25","dark green","","New Jersey","Passaic","1","Jack Ciattarelli","Mikie Sherill","Gubernatorial","New Jersey","state","1","Not sure","","","","","","","","","woman","White","","","","","","","","$40,001-$60,000","4yearColl","Democrat","","Not very strong","",""
"QJ626dp","0","2025-10-28 18:25:39","100","108","1","1","1834","183","","","90","7","1","1","6","1","6","1","","","61","blue","","New York","Kings","1","Zohran Mamdani","Andrew Cuomo","Mayoral","New York City","","2","Yes","","","${e://Field/CAND_1}","","","","","","man","White","","","","","","","","$160,001-$180,000","MA","Democrat","","Not very strong","",""
"JZ047pt","0","2025-10-28 20:49:02","100","103","1","1","1778","1780","1778","1780","20","4","4","4","4","4","4","3","","","20","Purple","","New Jersey","Bergen","1","Jack Ciattarelli","Mikie Sherill","Gubernatorial","New Jersey","state","1","Yes","","","","","","","","","man","","","","Asian","","","","","$140,001-$160,000","GED","Democrat","","Not very strong","",""
"GX394rp","0","2025-10-29 09:18:26","100","94","1","1","1834","1865","","","85","5","1","1","6","2","7","1","","","27","Green","","New York","New York","1","Zohran Mamdani","Andrew Cuomo","Mayoral","New York City","","2","Yes","","","${e://Field/CAND_1}","","","","","","man","White","","","","","","","","$80,001-$100,000","MA","Democrat","","Strong","",""
"NL285bp","0","2025-10-29 09:24:45","100","32","1","1","167","208","167","208","","","","","","","","","","","","","","California","San Mateo","0","","","","","","","","","","","","","","","","","","","","","","","","","","","","","","",""
"JL805qe","0","2025-10-29 10:17:21","100","100","1","1","1834","1875","","","30","3","1","1","6","1","7","2","","","39","green","","New York","Queens","1","Zohran Mamdani","Andrew Cuomo","Mayoral","New York City","","2","Yes","","","${e://Field/CAND_1}","","","","","","woman","White","","","","","","","","$160,001-$180,000","MA","Democrat","","Strong","",""
"XT361ig","0","2025-10-29 11:15:41","100","88","1","1","1778","161","","","34","4","4","7","3","7","3","2","","","32","Blue","","New Jersey","Union","1","Jack Ciattarelli","Mikie Sherill","Gubernatorial","New Jersey","state","1","Yes","${e://Field/CAND_2}","","","","","","","","man","White","","","","","","","","Over $200,000","4yearColl","Democrat","","Strong","",""
"KL816mj","0","2025-10-29 12:32:44","100","18","1","1","1","7","","","","","","","","","","","","","","","","Alabama","Bullock","0","","","","","","","","","","","","","","","","","","","","","","","","","","","","","","",""
"PZ867yx","0","2025-10-29 12:33:25","100","280","1","1","1834","183","","","29","4","4","4","4","4","4","3","","","20","Blue","","New York","Kings","1","Zohran Mamdani","Andrew Cuomo","Mayoral","New York City","","2","No","","","","","","","Curtis Sliwa","","man","White","","","","","","","","$40,001-$60,000","GED","Independent","","","","Closer to Republican"
"TD864mf","0","2025-10-22 12:51:10","20","26","0","1","1778","1218","","","","","","","","","","","","","","","","New Jersey","Essex","1","Jack Ciattarelli","Mikie Sherill","Gubernatorial","New Jersey","state","1","","","","","","","","","","","","","","","","","","","","","","","","",""
"FU294mr","0","2025-10-22 12:55:05","43","160","0","1","1778","1780","1778","1780","18","","","","","","","","","","","","","New Jersey","Bergen","1","Jack Ciattarelli","Mikie Sherill","Gubernatorial","New Jersey","state","1","Yes","${e://Field/CAND_1}","","","","","","","","","","","","","","","","","","","","","","",""
"SH902bs","0","2025-10-22 13:05:11","3","58","0","1","","","","","","","","","","","","","","","","","","","","","","","","","","","","","","","","","","","","","","","","","","","","","","","","","","",""
"VM949wc","0","2025-10-22 13:12:10","42","117","0","1","1834","1865","","","56","","","","","","","","","","","","","New York","New York","1","Zohran Mamdani","Andrew Cuomo","Mayoral","New York City","","2","Not sure","","","","","","","","","","","","","","","","","","","","","","","",""
"EJ637qm","0","2025-10-29 13:35:59","100","160","1","1","2939","2675","","","47","2","3","7","1","5","2","2","","","43","purple","","Washington","King","1","Bruce Harrell","Katie Wilson","Mayoral","Seattle","city","3","Yes","${e://Field/CAND_2}","","","","","","","","woman","White","","","","","","","","Over $200,000","4yearColl","Democrat","","Strong","",""
"FC211kz","0","2025-10-29 15:10:20","100","189","1","1","1778","1780","","","73","4","2","6","3","6","2","4","","","27","purple","","New Jersey","Bergen","1","Jack Ciattarelli","Mikie Sherill","Gubernatorial","New Jersey","state","1","Yes","${e://Field/CAND_2}","","","","","","","","woman","","","Black or African American","","","","","","$60,001-$80,000","4yearColl","Independent","","","","Closer to Democratic"
"AC588tt","0","2025-10-29 15:33:29","100","596","1","1","1778","1783","","","30","5","4","6","3","2","5","6","","","61","black","","New Jersey","Cape May","1","Jack Ciattarelli","Mikie Sherill","Gubernatorial","New Jersey","state","1","Yes","Other","","","","","","","","woman","White","","","","","","","","$80,001-$100,000","GED","Independent","","","","Closer to Republican"
"IU365vy","0","2025-10-29 16:04:55","100","118","1","1","1834","495","","","100","1","7","3","7","4","4","5","","","31","red","","New York","Richmond","1","Zohran Mamdani","Andrew Cuomo","Mayoral","New York City","","2","Not sure","","","","","","","Curtis Sliwa","","woman","White","Hispanic, Latino, or Spanish origin","","","","","","","$0-$20,000","GED","Independent","","","","Neither"
"VO609qv","0","2025-10-29 16:37:14","100","97","1","1","2939","2675","","","60","1","6","5","3","7","2","1","","","30","Purple","None at all, thank you! :) ","Washington","King","1","Bruce Harrell","Katie Wilson","Mayoral","Seattle","city","3","Yes","${e://Field/CAND_2}","","","","","","","","man","White","","","","","","","","$80,001-$100,000","GED","Democrat","","Strong","",""
"TH658ca","0","2025-10-22 17:11:35","50","137","0","1","1778","1786","","","15","4","4","","","","","","","","","","","New Jersey","Gloucester","1","Jack Ciattarelli","Mikie Sherill","Gubernatorial","New Jersey","state","1","Not sure","","","","","","","","","","","","","","","","","","","","","","","",""
"LF926in","0","2025-10-29 17:19:18","100","124","1","1","1778","1781","","","82","1","1","4","4","4","4","3","","","43","purple","","New Jersey","Burlington","1","Jack Ciattarelli","Mikie Sherill","Gubernatorial","New Jersey","state","1","No","","","","","","","","","woman","White","","","","","","","","$40,001-$60,000","GED","Independent","","","","Closer to Democratic"
"EA155le","0","2025-10-22 17:38:45","50","178","0","1","1778","1780","1778","1780","40","","","6","4","","","","","","","","","New Jersey","Bergen","1","Jack Ciattarelli","Mikie Sherill","Gubernatorial","New Jersey","state","1","No","","","","","${e://Field/CAND_1}","","","","","","","","","","","","","","","","","","",""
"QW950to","0","2025-10-29 19:18:13","100","120","1","1","1834","495","","","71","6","1","1","7","5","3","3","","","28","orange","","New York","Richmond","1","Zohran Mamdani","Andrew Cuomo","Mayoral","New York City","","2","Yes","","","${e://Field/CAND_1}","","","","","","man","White","","","","","","","","$100,001-$120,000","4yearColl","Democrat","","Strong","",""
"JU215nd","0","2025-10-29 19:37:56","100","90","1","1","1778","1787","","","80","5","3","6","3","3","2","4","","","37","red","","New Jersey","Hudson","1","Jack Ciattarelli","Mikie Sherill","Gubernatorial","New Jersey","state","1","Yes","","","","","","","","","man","","","","Asian","","","","","$120,001-$140,000","MA","Democrat","","Not very strong","",""
"NJ604qp","0","2025-10-29 20:24:27","100","174","1","1","1834","1837","1834","1837","51","1","2","1","7","4","4","4","","","25","green","n/a","New York","Bronx","1","Zohran Mamdani","Andrew Cuomo","Mayoral","New York City","","2","Yes","","","","","","","","","woman","","Hispanic, Latino, or Spanish origin","","","","","","","$60,001-$80,000","4yearColl","Independent","","","","Neither"
"AN915sn","0","2025-10-29 21:08:36","100","183","1","1","1778","303","1778","","77","7","5","7","3","7","2","1","","","45","Black ","","New Jersey","Sussex","1","Jack Ciattarelli","Mikie Sherill","Gubernatorial","New Jersey","state","1","Yes","${e://Field/CAND_2}","","","","","","","","woman","White","Hispanic, Latino, or Spanish origin","","","","","","","$0-$20,000","GED","Independent","","","","Closer to Democratic"
"XC609ba","0","2025-10-29 21:12:33","100","445","1","1","1778","394","","","85","1","1","7","5","5","3","3","","","30","Red","","New Jersey","Camden","1","Jack Ciattarelli","Mikie Sherill","Gubernatorial","New Jersey","state","1","Yes","${e://Field/CAND_2}","","","","","","","","man","","","Black or African American","","","","","","$40,001-$60,000","GED","Democrat","","Not very strong","",""
"UA062nz","0","2025-10-29 21:17:02","100","186","1","1","1834","1865","","","60","5","2","1","7","1","7","1","","","39","purple","","New York","New York","1","Zohran Mamdani","Andrew Cuomo","Mayoral","New York City","","2","Yes","","","${e://Field/CAND_1}","","","","","","woman","White","","","","","","","","$60,001-$80,000","MA","Democrat","","Strong","",""
"EC097ok","0","2025-10-29 21:43:45","100","236","1","1","1778","1780","1778","1780","45","6","4","7","2","7","2","2","","","46","blue","","New Jersey","Bergen","1","Jack Ciattarelli","Mikie Sherill","Gubernatorial","New Jersey","state","1","Yes","${e://Field/CAND_2}","","","","","","","","woman","White","","","","","","","","$20,001-$40,000","GED","Democrat","","Strong","",""
"UH905ol","0","2025-10-29 22:16:57","100","94","1","1","1834","1875","","","25","6","1","1","4","2","5","1","","","30","Blue","","New York","Queens","1","Zohran Mamdani","Andrew Cuomo","Mayoral","New York City","","2","Yes","","","${e://Field/CAND_1}","","","","","","woman","White","","","","","","","","$100,001-$120,000","MA","Democrat","","Strong","",""
"VE857mj","0","2025-10-29 22:52:30","100","145","1","1","2939","2675","","","35","1","5","3","1","5","2","1","","","29","green","","Washington","King","1","Bruce Harrell","Katie Wilson","Mayoral","Seattle","city","3","Yes","${e://Field/CAND_2}","","","","","","","","woman","White","","","","","","","","$120,001-$140,000","MA","Democrat","","Strong","",""
"AH576qi","0","2025-10-29 22:57:19","100","250","1","1","1778","944","","","40","5","3","5","3","5","2","4","","","54","purple","Good survey. If a progress bar could be added, it would be better.","New Jersey","Morris","1","Jack Ciattarelli","Mikie Sherill","Gubernatorial","New Jersey","state","1","Yes","${e://Field/CAND_2}","","","","","","","","woman","White","","","","","","","","$180,001-$200,000","4yearColl","Democrat","","Not very strong","",""
"ZS610fn","0","2025-10-29 23:36:22","100","267","1","1","1834","183","","","68","7","2","2","7","1","5","2","","","40","Black","","New York","Kings","1","Zohran Mamdani","Andrew Cuomo","Mayoral","New York City","","2","Yes","","","${e://Field/CAND_1}","","","","","","man","","Hispanic, Latino, or Spanish origin","","","","","","","$100,001-$120,000","GED","Democrat","","Not very strong","",""
"UN457iq","0","2025-10-30 00:22:54","100","241","1","1","1778","1793","1778","1793","31","6","3","7","2","7","7","6","","","21","Green","","New Jersey","Ocean","1","Jack Ciattarelli","Mikie Sherill","Gubernatorial","New Jersey","state","1","Yes","${e://Field/CAND_1}","","","","","","","","man","White","","","Asian","","","","","$60,001-$80,000","GED","Republican","","","Not very strong",""
"DW420aq","0","2025-10-23 08:37:50","39","77","0","1","2939","2675","","","84","","","","","","","","","","","","","Washington","King","1","Bruce Harrell","Katie Wilson","Mayoral","Seattle","city","3","Yes","","","","","","","","","","","","","","","","","","","","","","","",""
"YC337uu","0","2025-10-30 08:48:52","100","456","1","1","1778","944","","","19","5","3","7","1","6","2","6","","","56","Purple","","New Jersey","Morris","1","Jack Ciattarelli","Mikie Sherill","Gubernatorial","New Jersey","state","1","Yes","${e://Field/CAND_1}","","","","","","","","woman","White","","","","","","","","$60,001-$80,000","4yearColl","Republican","","","Not very strong",""
"BP354cg","0","2025-10-30 08:54:57","100","204","1","1","2939","2675","","","10","3","5","2","1","3","2","2","","","21","Green","","Washington","King","1","Bruce Harrell","Katie Wilson","Mayoral","Seattle","city","3","Yes","${e://Field/CAND_2}","","","","","","","","woman","White","","","","","","","","$160,001-$180,000","GED","Democrat","","Strong","",""
"WR161ez","0","2025-10-30 09:50:16","100","233","1","1","1834","183","","","35","6","3","2","5","3","5","2","","","36","green","I really wish it had been Lander in this last part of the election, sadly it was not meant to be.","New York","Kings","1","Zohran Mamdani","Andrew Cuomo","Mayoral","New York City","","2","Yes","","","${e://Field/CAND_1}","","","","","","woman","","","Black or African American","","","","","","$20,001-$40,000","GED","Democrat","","Strong","",""
"XB091cb","0","2025-10-30 10:22:42","100","130","1","1","1778","602","","","28","5","1","6","3","4","4","4","","","45","blue","","New Jersey","Cumberland","1","Jack Ciattarelli","Mikie Sherill","Gubernatorial","New Jersey","state","1","Yes","${e://Field/CAND_1}","","","","","","","","woman","White","","","","","","","","$20,001-$40,000","GED","Republican","","","Not very strong",""
"EL419gn","0","2025-10-30 11:47:04","100","110","1","1","1778","1794","","","65","5","3","5","4","4","4","2","","","22","Blue","","New Jersey","Passaic","1","Jack Ciattarelli","Mikie Sherill","Gubernatorial","New Jersey","state","1","Yes","${e://Field/CAND_2}","","","","","","","","woman","White","","","","","","","","$60,001-$80,000","4yearColl","Democrat","","Strong","",""
"JO316qj","0","2025-10-30 12:07:35","100","180","1","1","1834","1837","1834","","19","4","5","1","5","2","5","3","","","21","Navy","","New York","Bronx","1","Zohran Mamdani","Andrew Cuomo","Mayoral","New York City","","2","Yes","","","${e://Field/CAND_1}","","","","","","woman","White","","","","","","","","$180,001-$200,000","GED","Democrat","","Not very strong","",""
"MK591uf","0","2025-10-30 12:33:58","100","15","1","1","3035","3048","3035","3048","","","","","","","","","","","","","","Wisconsin","Dane","0","","","","","","","","","","","","","","","","","","","","","","","","","","","","","","",""
"DO044xl","0","2025-10-23 12:50:26","72","50","0","1","1834","1837","","","89","7","1","5","7","5","1","1","","","","","","New York","Bronx","1","Zohran Mamdani","Andrew Cuomo","Mayoral","New York City","","2","Yes","","","${e://Field/CAND_1}","","","","","","","","","","","","","","","","","Democrat","","","",""
"ZB093mn","0","2025-10-30 13:16:23","100","224","1","1","1778","1218","","1785","40","5","3","5","2","5","3","2","","","34","Blue","","New Jersey","Essex","1","Jack Ciattarelli","Mikie Sherill","Gubernatorial","New Jersey","state","1","Yes","${e://Field/CAND_2}","","","","","","","","woman","White","","","","","","","","$60,001-$80,000","4yearColl","Democrat","","Not very strong","",""
"WW787qa","0","2025-10-30 13:45:57","100","81","1","1","1834","1865","","","20","6","1","1","6","1","7","2","","","28","Blue","","New York","New York","1","Zohran Mamdani","Andrew Cuomo","Mayoral","New York City","","2","Yes","","","${e://Field/CAND_1}","","","","","","woman","","Hispanic, Latino, or Spanish origin","","","","","","","$60,001-$80,000","4yearColl","Democrat","","Strong","",""
"JB622pp","0","2025-10-30 18:21:46","100","87","1","1","1834","183","1834","1858","100","3","1","3","7","4","7","1","","","42","orange","","New York","Kings","1","Zohran Mamdani","Andrew Cuomo","Mayoral","New York City","","2","Yes","","","${e://Field/CAND_1}","","","","","","man","White","","","","","","","","$100,001-$120,000","PHD","Independent","","","","Neither"
"YV018sn","0","2025-10-30 19:16:57","100","139","1","1","1834","1837","","","100","7","3","1","7","1","7","1","","","22","Blue","","New York","Bronx","1","Zohran Mamdani","Andrew Cuomo","Mayoral","New York City","","2","Yes","","","${e://Field/CAND_1}","","","","","","man","White","Hispanic, Latino, or Spanish origin","Black or African American","","","","","","$0-$20,000","GED","Independent","","","","Closer to Democratic"
"JT546ri","0","2025-10-30 20:04:55","100","335","1","1","1778","1218","","","57","6","4","6","2","4","4","3","","","20","Green","","New Jersey","Essex","1","Jack Ciattarelli","Mikie Sherill","Gubernatorial","New Jersey","state","1","Yes","${e://Field/CAND_2}","","","","","","","","woman","","","Black or African American","","","","","","Prefer not to answer","GED","No preference","","","","Closer to Democratic"
"ZX957ht","0","2025-10-30 22:22:03","100","118","1","1","1834","1875","","","53","5","4","4","4","4","3","4","","","20","Midnight Blue","","New York","Queens","1","Zohran Mamdani","Andrew Cuomo","Mayoral","New York City","","2","No","","","","","","","","","woman","","Hispanic, Latino, or Spanish origin","","","","","","","Prefer not to answer","GED","Democrat","","Not very strong","",""
"RF202hp","0","2025-10-30 22:37:57","100","175","1","1","1778","650","","","25","2","3","7","4","5","3","2","","","29","Sage Green","","New Jersey","Mercer","1","Jack Ciattarelli","Mikie Sherill","Gubernatorial","New Jersey","state","1","Yes","${e://Field/CAND_2}","","","","","","","","woman","","","Black or African American","","","","","","$40,001-$60,000","MA","Other party","","","","Closer to Democratic"
"SF493ne","0","2025-10-30 23:22:32","100","256","1","1","1834","1837","","","64","5","4","2","5","3","5","3","","","20","Purple","","New York","Bronx","1","Zohran Mamdani","Andrew Cuomo","Mayoral","New York City","","2","Yes","","","${e://Field/CAND_1}","","","","","","woman","","","Black or African American","","","","","","$60,001-$80,000","GED","Democrat","","Strong","",""
"CW987sc","0","2025-10-31 01:24:57","100","230","1","1","1778","1787","","","40","4","5","6","2","5","3","2","","","40","Blue","","New Jersey","Hudson","1","Jack Ciattarelli","Mikie Sherill","Gubernatorial","New Jersey","state","1","Yes","${e://Field/CAND_2}","","","","","","","","woman","","Hispanic, Latino, or Spanish origin","","","","","","","$80,001-$100,000","4yearColl","Democrat","","Strong","",""
"YD294cy","0","2025-10-31 03:13:32","100","370","1","1","1834","1837","1834","1837","40","6","2","1","3","2","5","2","","","56","Blue","","New York","Bronx","1","Zohran Mamdani","Andrew Cuomo","Mayoral","New York City","","2","Yes","","","${e://Field/CAND_1}","","","","","","man","","Hispanic, Latino, or Spanish origin","","","","","","","$20,001-$40,000","2yearColl","Democrat","","Strong","",""
"AG541re","0","2025-10-31 08:51:59","100","140","1","1","1778","1781","","","10","4","4","7","3","7","3","1","","","74","indigo","","New Jersey","Burlington","1","Jack Ciattarelli","Mikie Sherill","Gubernatorial","New Jersey","state","1","Yes","${e://Field/CAND_2}","","","","","","","","woman","White","","","","","","","","$100,001-$120,000","MA","Democrat","","Strong","",""
"SY241fg","0","2025-10-31 09:59:47","100","151","1","1","1834","1865","","","54","7","3","1","5","3","5","4","","","23","Blue","","New York","New York","1","Zohran Mamdani","Andrew Cuomo","Mayoral","New York City","","2","No","","","","","","","","","man","","Hispanic, Latino, or Spanish origin","","","","","","","$160,001-$180,000","4yearColl","Independent","","","","Neither"
"GC159fd","0","2025-10-31 12:42:54","100","270","1","1","1312","1339","","","82","1","6","3","1","5","2","1","","","43","Green","","Minnesota","Hennepin","1","Jacob Frey","Omar Fateh","Mayoral","Minneapolis","city","4","Yes","Other","DeWayne Davis","","","","","","","woman","White","","","","","","","","$40,001-$60,000","4yearColl","Democrat","","Strong","",""
"NP517hs","0","2025-10-31 16:13:18","100","121","1","1","1778","394","","","20","6","4","6","2","6","2","2","","","43","blue","","New Jersey","Camden","1","Jack Ciattarelli","Mikie Sherill","Gubernatorial","New Jersey","state","1","Yes","${e://Field/CAND_2}","","","","","","","","woman","White","","","","","","","","$100,001-$120,000","PHD","Democrat","","Strong","",""
"AF160wv","0","2025-10-31 18:34:55","100","262","1","1","1834","1875","1834","1875","80","5","1","1","6","1","5","1","","mixed race","36","green?","I am planning on not voting for mayor because I think at the moment Mamdani is winning strongly enough that my vote doesn't matter, and I have extensive personal experience with him (we were part of the same organization for ~3 years) and find him very unpleasant on a personal level. If it looks like Cuomo might win then I will have to vote for Mamdani, but if Mamdani can win without me then I won't vote for him. ","New York","Queens","1","Zohran Mamdani","Andrew Cuomo","Mayoral","New York City","","2","Not sure","","","","","","","Other","none","woman","","","","","","","","Other (please specify)","$180,001-$200,000","PHD","Democrat","","Strong","",""
"VJ062pi","0","2025-10-31 20:18:07","100","186","1","1","1778","161","1778","1798","45","4","2","7","1","7","1","5","","","38","Blue","","New Jersey","Union","1","Jack Ciattarelli","Mikie Sherill","Gubernatorial","New Jersey","state","1","Yes","${e://Field/CAND_2}","","","","","","","","man","White","","","","","","","","$160,001-$180,000","4yearColl","Republican","","","Not very strong",""
"PZ752ti","0","2025-10-31 23:16:44","100","137","1","1","1312","1339","","","28","3","7","3","1","2","1","5","","","34","Pink","","Minnesota","Hennepin","1","Jacob Frey","Omar Fateh","Mayoral","Minneapolis","city","4","Yes","Other","Jazz hampton ","","","","","","","woman","White","","","","","","","","$60,001-$80,000","4yearColl","Republican","","","Not very strong",""
"IL393lr","0","2025-11-01 10:37:19","100","145","1","1","1778","1781","1778","1781","25","7","2","7","1","6","2","2","","","23","Blue","","New Jersey","Burlington","1","Jack Ciattarelli","Mikie Sherill","Gubernatorial","New Jersey","state","1","Yes","${e://Field/CAND_2}","","","","","","","","woman","White","","","","","","","","Over $200,000","MA","Democrat","","Strong","",""
"OW409xk","0","2025-11-01 13:39:33","100","96","1","1","1834","183","1834","1858","100","7","1","1","7","1","7","1","","","34","blue","","New York","Kings","1","Zohran Mamdani","Andrew Cuomo","Mayoral","New York City","","2","Yes","","","${e://Field/CAND_1}","","","","","","man","","","Black or African American","","","","","","Over $200,000","4yearColl","Democrat","","Strong","",""
"VX948wv","0","2025-11-01 14:25:07","100","147","1","1","1834","183","","","65","6","3","1","5","1","5","5","","","41","Turquoise ","","New York","Kings","1","Zohran Mamdani","Andrew Cuomo","Mayoral","New York City","","2","Yes","","","${e://Field/CAND_2}","","","","","","woman","White","","","","","","","","$40,001-$60,000","MA","Republican","","","Not very strong",""
"TG493vi","0","2025-11-01 16:03:02","100","184","1","1","1778","1788","","","90","6","3","7","3","7","3","1","","","27","Green","","New Jersey","Hunterdon","1","Jack Ciattarelli","Mikie Sherill","Gubernatorial","New Jersey","state","1","Yes","${e://Field/CAND_2}","","","","","","","","woman","White","","","","","","","","$0-$20,000","4yearColl","Democrat","","Strong","",""
"DP327me","0","2025-11-01 20:47:07","100","362","1","1","2939","2675","","","39","4","4","4","4","4","4","4","","","66","light green","","Washington","King","1","Bruce Harrell","Katie Wilson","Mayoral","Seattle","city","3","Not sure","","","","","","","","","woman","","","","Asian","","","","","$40,001-$60,000","4yearColl","Independent","","","","Neither"
"XG455em","0","2025-11-02 04:58:49","100","160","1","1","1778","1218","","","67","3","4","6","1","5","2","1","","","34","Blue ","","New Jersey","Essex","1","Jack Ciattarelli","Mikie Sherill","Gubernatorial","New Jersey","state","1","Yes","${e://Field/CAND_2}","","","","","","","","man","","","Black or African American","","","","","","$160,001-$180,000","MA","No preference","","","","Closer to Democratic"
"QX937jn","0","2025-11-02 18:21:58","100","636","1","1","1834","1875","","","30","6","3","1","6","2","4","3","","","28","Orange","","New York","Queens","1","Zohran Mamdani","Andrew Cuomo","Mayoral","New York City","","2","Yes","","","${e://Field/CAND_1}","","","","","","man","","Hispanic, Latino, or Spanish origin","","","","","","","$60,001-$80,000","GED","Democrat","","Not very strong","",""
"GW448ks","0","2025-11-03 04:14:35","100","156","1","1","1834","183","1834","1858","59","4","2","2","5","2","5","3","","","37","Blue","","New York","Kings","1","Zohran Mamdani","Andrew Cuomo","Mayoral","New York City","","2","Yes","","","${e://Field/CAND_1}","","","","","","man","","","Black or African American","","","","","","$140,001-$160,000","2yearColl","Independent","","","","Closer to Democratic"
"YV754ev","0","2025-11-03 04:40:52","100","53","1","1","1778","161","1778","1798","62","4","2","7","3","7","5","1","","","27","blue"," ","New Jersey","Union","1","Jack Ciattarelli","Mikie Sherill","Gubernatorial","New Jersey","state","1","Yes","${e://Field/CAND_2}","","","","","","","","man","","","","Asian","","","","","Over $200,000","4yearColl","Democrat","","Strong","",""
"CS524ge","0","2025-11-03 06:03:00","100","448","1","1","1834","183","","","29","2","5","1","5","2","6","1","","","54","Black","","New York","Kings","1","Zohran Mamdani","Andrew Cuomo","Mayoral","New York City","","2","Yes","","","${e://Field/CAND_1}","","","","","","woman","","","Black or African American","","","","","","$20,001-$40,000","GED","Democrat","","Strong","",""
"QP127pb","0","2025-11-03 08:53:03","100","340","1","1","1778","1780","","","46","3","4","5","3","6","2","3","","","40","purple","","New Jersey","Bergen","1","Jack Ciattarelli","Mikie Sherill","Gubernatorial","New Jersey","state","1","Yes","${e://Field/CAND_2}","","","","","","","","man","White","","","","","","","","$40,001-$60,000","GED","Democrat","","Not very strong","",""
"AP589op","0","2025-11-03 09:19:42","100","150","1","1","1778","1793","","","20","1","2","7","1","7","1","3","","","36","blue","","New Jersey","Ocean","1","Jack Ciattarelli","Mikie Sherill","Gubernatorial","New Jersey","state","1","Yes","","","","","","","","","man","White","","","","","","","","$40,001-$60,000","4yearColl","Independent","","","","Closer to Democratic"
